"","PC1","PC2","PC3","PC4","PC5","PC6","PC7","PC8","PC9","PC10","PC11","PC12","PC13","PC14","PC15","PC16","PC17","PC18","PC19","PC20","PC21","PC22","PC23","PC24","PC25","PC26","PC27","PC28","PC29","PC30","PC31","PC32","PC33","PC34","PC35","PC36","PC37","PC38","PC39","PC40","PC41","PC42","PC43","PC44","PC45","PC46","PC47","PC48","PC49","PC50","PC51","PC52","PC53","PC54","PC55","PC56","PC57","PC58","PC59","PC60","PC61","PC62"
"kohl_Regular_price",0.151386321624752,-0.198399080480146,0.0558486256226846,-0.0761236057184095,0.0772153934686314,-0.102400703894151,0.00387198973510731,-0.0332916856691535,0.00517741010245818,0.0105970733416686,-0.0532597514761614,0.0346297884303708,-0.0100060406069414,0.0215923226272787,-0.0499185799553387,0.0274996022279262,-0.00498728250356877,0.0751069543516627,-0.0115568129901307,0.00327272895621744,-0.00177755834806455,0.0825352030278811,-0.0359530837857745,0.0832003390185941,-0.0284129672745154,0.113756764354144,0.0937041656686645,-0.0500331515493239,-0.0476538163807233,0.132013535077966,0.0504273346496046,0.0366618598712515,0.00255462290022221,-0.10315493155451,-0.0385853826234157,-0.0451592016108693,-0.25210149270502,0.0166046988878506,0.147872050019278,0.00194231377280182,0.0322439973260678,0.0814424867402414,0.405605679420923,0.00407048888850372,0.46396800001759,0,0.58859150824149,0,0,0,0,0,0,0,0,0,0,0,0,0,0,0
"kohl_disc_perc",0.0938921978005722,-0.0612751704668452,-0.0392127593357785,-0.256150521860528,0.263651470240555,-0.226555487071134,-0.0435137102127508,0.0577792930257631,0.135200738565453,0.058222234933845,-0.0712190451064719,0.0120570058274842,0.00341940672002292,0.0303271980219403,-0.0262219629773803,0.00979792429359605,-0.0027384417749241,-0.00155128669437458,0.0395307624462114,0.00431909222857065,0.0116015888532867,-0.0149276984200029,0.0667784807297213,-0.0654676272170257,-0.0120098924794318,0.125400200728984,0.085976334010037,0.0212359149050996,-0.139220643939609,-0.447064578417636,-0.399388075278419,-0.582666958211648,0.0796223961330002,0.0703192503442043,0.00194527220748667,-0.00477314083617923,0.00723962768405394,0.013128178607997,0.029402666584055,-0.00092176402156327,-0.0103932625601383,0.0102825677026264,-0.0179103482747188,-0.00173290651341097,-2.1163626406917e-14,-5.99000016254791e-15,-2.91433543964104e-15,-1.44311645966511e-14,5.41233724504764e-15,-1.42941214420489e-15,2.08166817117217e-17,-2.04697370165263e-16,7.1505301679764e-15,-5.12784259498744e-15,1.01307850997046e-15,5.96744875736022e-16,9.36750677027476e-16,1.92554305833426e-15,7.08634539936526e-16,-4.78783679369599e-16,-6.17561557447743e-16,-1.1440501324067e-15
"kohl_markdown_price",0.0915332363633438,-0.0457196579029636,-0.0315343978155007,-0.249017377012677,0.254716038478192,-0.218687583341246,-0.111447397758725,-0.000648854651403845,0.1078303007005,0.0323431518456006,-0.0724474982123664,0.0963579647733416,-0.0185743212737454,0.0193311074539538,-0.0781479596623008,-0.0619695609843137,-0.0922228583594361,0.000270104027351481,0.179376990865993,0.0521279939175406,0.0770690423691816,-0.642764743320298,0.0967563161653436,-0.378253428528761,0.139307215457619,-0.173566260317727,-0.0814088028570903,0.0692904459445817,0.0623469566884527,0.158784999435576,0.0626261910603532,0.229652625338242,-0.0284327046493791,-0.0290077610061712,-0.0113291096833925,0.000852018639178425,-0.00151141093580223,-0.00638625943068397,-0.000953978916124115,0.0017302807520322,0.00548635262623011,-0.00419886438398114,-0.00290595529928482,0.00145856253995081,9.97812943381859e-15,1.02104936317786e-15,1.51267887105178e-15,5.28562576938044e-16,-1.6236313616673e-15,-1.73913345932188e-16,-5.12376998176123e-16,-6.61927526661248e-16,-3.18246205685009e-16,6.16783733771797e-16,-1.51864837569372e-15,-1.41924074663559e-15,-5.48927817126451e-16,-2.91058426355122e-16,-2.93774898244615e-16,2.30978927176293e-16,2.8016099568179e-16,3.7648834772053e-16
"kohl_final_price",0.134753369340321,-0.204464145410104,0.0924328879715595,0.0751917676542188,-0.0927975215710122,0.0385170719611215,0.0836775958272314,-0.104750325599744,-0.159002792892452,-0.0481696136707885,0.0237152539991256,0.018936149913841,-0.0128377473895548,-0.00240202467638099,-0.0255969045407158,0.0138127844794488,-0.0315004417188394,0.0781574158394628,-0.0428896828931776,0.0298210965848219,0.00830343723362438,-0.127608188145874,-0.0273812815127635,-0.0362200350947317,-0.0136021024508532,0.100551636820089,-0.0664886073760607,-0.0392451925131594,0.0317884636563614,-0.0367398822694893,-0.0396337858637862,-0.0388206205691003,0.0213741714786778,-0.0116904828950336,-0.0114694074341269,0.0237295867723603,0.101321738942813,-0.0231318954778288,0.196419041599194,-0.00195596133208157,0.00525659457925033,-0.0057934518616338,-0.0678204752542538,0.00121823574943747,-0.126003837120727,-0.00724278596258993,0.0642345098276178,-0.271862998277512,0.0371421363626733,0.0225018800662903,-0.00860253614440309,-0.00940598132202322,0.0230204697467118,0.0072738747593641,0.0300310552958911,-0.207821325939866,0.0594601961164441,0.0395572839936541,-0.58786194676757,0.274779482669362,0.131430221950243,0.422855598991523
"amazon_Regular_price",0.0872472391963469,-0.178688724816834,0.120117795343507,0.0804508938382413,-0.109119309818272,-0.202022109856596,0.0944964297676167,0.142352070339015,0.073216992980563,-0.31511965265771,-0.160175415356897,-0.0932345889921263,0.118177043852868,-0.0389539785040529,0.0201356541408657,0.116394700654196,-0.0253778368322711,-0.0541336571795113,-0.110112918071789,0.0141168089661095,-0.0136919523528863,-0.0492203023459896,-0.02725859067757,-0.00653440909644668,-0.00897615828038688,0.0230591123544947,-0.0376757238458615,-0.0137609891850301,-0.00227096681309918,0.0736075140111307,-0.0216910832503677,-0.0440912248166215,0.0221575511512352,-0.0810721348700398,-0.040632690493622,-0.000973212264157746,-0.100558086587471,0.0402477334262055,-0.356361976727931,0.0167886633781461,-0.0354186797200414,-0.0320095916905875,-0.0990978451957452,-0.00465284077815081,-0.00149987346329478,0.0232931248291094,0.00118230263482996,0.0300363349061424,-0.0248579399540091,-0.0866056367298711,-0.161905330820885,-0.624329223812614,0.0804635314546855,-0.205883271925726,0.0161058801751172,-0.0288337612622757,-0.148467598415216,0.0470378111286077,0.00227386930761934,-0.00416278013553094,0.00446071592906534,0.0134968416663018
"amazon_Shipping",-0.0501683242130895,0.105175421601387,-0.0866898736333439,0.00975279826341716,0.0866173786424677,0.226936455286174,0.0481855233582393,0.346962104617134,0.187199937040369,0.0676532094836509,0.115084920628771,-0.200006733379314,-0.274354732682756,-0.256252399144836,-0.32299300111306,0.231136354582909,-0.319924829587658,0.303773529133175,-0.343544187724315,0.152382293734095,0.0110426916930035,-0.168530794504704,-0.110871769638853,0.0130807148883529,-0.000238691192919797,0.139318818836918,0.0755662226757576,-0.041749219232633,-0.0202055974912298,-0.0107694954341832,0.0189523511921231,0.00951155547896062,0.0139446008711948,-0.00561211154002093,-0.00943669710850659,-0.00474625167001581,-0.0213646570584569,0.00377891231276498,0.00539144075384563,0.00376452907809668,0.00105666399403848,7.67964448669025e-05,0.000631304237421158,-0.000144099472782373,-4.85722573273506e-16,1.06130178972354e-15,9.71445146547012e-17,-1.44543123130336e-15,-6.36819698536517e-16,6.5746019739521e-16,-7.09420586511578e-16,3.65376132127615e-16,1.59838505278675e-16,-4.46528664738155e-16,-1.58391773004765e-16,-2.45060184167825e-16,2.17111485040222e-16,-1.34922184102243e-16,-1.03812358015487e-16,3.29380620001096e-16,9.29533956316869e-18,-7.14556994303728e-17
"amazon_markdown_price",0.081010495013247,-0.156937697355884,0.0786695054501318,0.0682802589510972,-0.0378074116716142,-0.190020550811248,0.069329752101128,0.0610970994157694,-0.0687881222172261,0.351376736156476,0.207737813594642,0.0447382496939884,-0.232027523069893,-0.0667833944008484,-0.259332737238748,0.200296102068697,-0.0801805237192724,-0.699110233246735,-0.1533607434187,-0.0764311853156492,-0.0992914910888398,0.0758972578421756,0.0683486321292372,-0.0659151234250461,-0.0417030674177802,-0.0873096585289962,-0.0926892931509209,0.0369571361492201,0.0333207377772439,-0.0345912116166342,0.0120514498265268,0.0367055299791736,-0.0114201540133944,-0.00771833398436044,-0.00467146614965032,-0.00277452322989549,-0.0176542740543793,0.00358680139263415,-0.00227296476649406,0.00285075062591915,0.000229691014857121,5.29984107315584e-06,-0.000602077246538657,-0.000437317132052815,7.84095011141517e-16,1.32015167027266e-16,1.12410081243297e-15,2.33927460735472e-15,-7.39425881635114e-17,-2.3369977827925e-15,2.62715738920394e-16,-3.46944695195361e-17,-3.31562576873223e-16,7.40651538309791e-16,3.32307965866807e-17,-6.73289549113498e-17,-2.58853268680914e-17,-2.80483102022e-16,-2.18141477104083e-16,-2.77555756156289e-17,-4.59701721133854e-17,3.02709246557953e-16
"amazon_final_price",0.0872472391963468,-0.178688724816834,0.120117795343507,0.0804508938382415,-0.109119309818273,-0.202022109856597,0.0944964297676166,0.142352070339016,0.0732169929805631,-0.315119652657711,-0.160175415356897,-0.0932345889921269,0.118177043852868,-0.0389539785040532,0.0201356541408657,0.116394700654196,-0.025377836832271,-0.0541336571795124,-0.110112918071789,0.0141168089661095,-0.0136919523528863,-0.0492203023459916,-0.0272585906775694,-0.00653440909644756,-0.00897615828038718,0.0230591123544932,-0.0376757238458624,-0.0137609891850289,-0.00227096681309915,0.0736075140111281,-0.0216910832503685,-0.0440912248166224,0.0221575511512349,-0.0810721348700377,-0.0406326904936233,-0.000973212264158046,-0.100558086587465,0.0402477334262043,-0.356361976727926,0.0167886633781473,-0.0354186797200427,-0.0320095916905836,-0.0990978451957509,-0.00465284077816201,0.00149987346327801,-0.0232931248290951,-0.00118230263485057,-0.0300363349061398,0.0248579399540459,0.086605636729883,0.161905330820871,0.624329223812622,-0.0804635314546675,0.20588327192572,-0.0161058801751177,0.0288337612622718,0.148467598415214,-0.0470378111286107,-0.00227386930761857,0.00416278013552957,-0.00446071592906504,-0.0134968416663006
"Target_Regular_price",0.0545367016081714,-0.158033437993024,0.116445689007459,0.101824158962595,-0.155041790222402,-0.353363859649889,0.0695801065096925,0.00940109415739954,-0.0820990809096593,0.156179814434022,0.0962620747728865,-0.0360945566114382,-0.0274090335337444,-0.037609805273812,-0.000436036446792964,-0.0856077780543628,-0.0235707408018878,0.23842491157509,-0.00309261094096802,0.0351328632649988,0.0162007121341371,-0.0180935732941127,-0.0472285994920066,0.0411686565900727,0.0405690374516827,-0.0392257426294207,0.207627340263297,0.0325962728410607,-0.0735003229609171,-0.0156365727799375,0.0446372229205689,0.0370539148763082,-0.0270865011487908,0.0840590107254152,0.040403492896082,-0.00264840581535083,0.0811308520941646,-0.0178329271570649,0.0693597830799183,-0.0102599651700331,0.0109408970363459,0.0143161581340467,0.0583543315666633,0.0018550708432689,-0.213897999468437,-0.0523790647587614,0.00202289834589118,0.408511151369316,0.0687697398224598,-0.539895382662178,0.106417999145668,-0.0197967284677682,-0.206708228064304,0.108561011102674,-0.024304078182591,0.0552113947212235,0.0339975392373765,-0.120001061661333,-0.0349129691529274,0.00457907598595432,-0.00510937133981428,0.0169121430819544
"Target_disc_perc",0.0505220807047375,0.0114094102984012,-0.0365567866799564,-0.0128789471416143,0.0109362423315451,-0.0296700159721102,-0.427113041627217,0.29186982064664,-0.444842724216582,0.00155886990732834,-0.128910191883173,-0.0183354633107264,-0.0218123212905424,0.00159888407666053,0.050047001236406,0.0343944789296165,0.0142183501386153,0.00971437499919538,-0.0697022561973575,0.00252598262333343,-0.013510384853776,0.0121779873537053,-0.000398553326024911,-0.00982048291685458,0.0021405429948131,-0.00456543848969801,-0.0120053013117701,-0.0168957598621349,-0.0408837538485988,-0.0083234218131195,-0.00129264271684093,0.0112788423671849,-0.00948484784878075,0.00324347806382498,0.00504088626490551,-0.00995108182759647,0.00281536008010237,-0.00376445069340057,-0.00184482013956304,-0.00200814327979251,0.00282075486660637,0.000567005906975672,0.000559968159812622,0.00020234831021994,-0.014009105856899,0.324392941065675,0.00980415057586433,0.0429692064898164,0.59111147219595,0.0622056379251188,-0.0733035540197421,0.0244559415235407,0.0677256687995147,-0.0162139896883192,-0.0381656618668497,-0.0278814075891369,-0.07319543911043,-0.108402266299794,0.00850795545087181,0.000581215679300561,-0.0936187029811859,0.0191002671350039
"Target_markdown_price",0.0505220807047377,0.0114094102984014,-0.0365567866799566,-0.0128789471416143,0.0109362423315448,-0.0296700159721102,-0.427113041627219,0.291869820646641,-0.444842724216586,0.00155886990732829,-0.128910191883174,-0.0183354633107271,-0.0218123212905418,0.00159888407665942,0.0500470012364074,0.034394478929618,0.0142183501386162,0.0097143749991955,-0.0697022561973585,0.00252598262333367,-0.0135103848537765,0.0121779873537065,-0.000398553326025466,-0.00982048291685281,0.00214054299481296,-0.0045654384896969,-0.0120053013117686,-0.0168957598621357,-0.0408837538485993,-0.00832342181311947,-0.00129264271683924,0.0112788423671859,-0.0094848478487789,0.00324347806381946,0.00504088626490162,-0.00995108182759737,0.00281536008009733,-0.00376445069339605,-0.00184482013956789,-0.00200814327979621,0.00282075486659463,0.000567005906918898,0.000559968159563773,0.000202348310207682,0.0142274131649273,-0.323832200220951,-0.0124538009481939,-0.047342497405788,-0.591847682400862,-0.0564258212306236,0.0721643026984507,-0.0242440088688657,-0.0655127666228661,0.0150517964847978,0.0384258476756844,0.0272903454108268,0.0728314805525942,0.109686930258443,-0.00813419681457912,-0.000630236694628398,0.0936734010406925,-0.0192813190388797
"Target_final_price",0.0540075306388846,-0.158189821260998,0.116862340538155,0.101984108417963,-0.155192459234392,-0.353122663292395,0.0741685927665675,0.00627785866402733,-0.0773535879351587,0.156196935214196,0.0976632542986467,-0.0359060393808858,-0.0271814065489765,-0.0376350682208298,-0.000972021925677413,-0.0859945997433895,-0.0237280904683793,0.238372511180722,-0.0023469257367324,0.0351134218903409,0.0163488854770283,-0.018227889452296,-0.0472345568263518,0.0412827248992123,0.0405549001969708,-0.0391853493634113,0.207800841218716,0.032784245576522,-0.0730784624494678,-0.0155508329130218,0.0446607281389556,0.0369411659210878,-0.0269908039136961,0.0840424790482671,0.0403582636331039,-0.00254242543657863,0.0811182706564022,-0.0177964791490676,0.0693945532897776,-0.010240683734325,0.0109130617751364,0.0143131862075695,0.0583609692206778,0.00185330576798551,0.250907204900471,0.0797453572916993,-0.364391089301004,0.0961504284038062,-0.120633175062964,0.5356279102833,-0.103177034501819,0.0510730106309786,0.193099223998004,-0.120196945033688,0.0005374968214409,-0.0766999751904436,-0.0507336291971525,0.0992455179083166,0.0414283181833308,-0.00386626165644117,0.0156157047394947,-0.0186671744648192
"kohl_pdt_desc_length",0.0470037681040767,-0.0700225254284928,0.0915160380841672,-0.0452422854597703,0.0611485884334094,0.0393696213825659,-0.0745702677474326,0.217773588038129,0.0930964193859644,-0.181006514469935,0.362971348188507,0.63912981755998,0.152703897134271,-0.325370425284046,0.172497636826361,-0.327019611275647,-0.14068827472931,-0.0395130170519222,-0.207981715540504,0.0749004154707053,0.00750427747567858,0.0665020390293563,-0.00683527407681454,0.0133017434602613,-0.0119236107012435,-0.020417593204768,-0.00843588970724474,-0.00523656782847986,0.0130854179869759,-0.027959870024274,0.00122118272967449,0.00612877061358109,-0.00492672606023563,0.00249217744717329,-0.0015402740137593,-0.00129229253971963,-0.00560637499121132,0.00177307852912282,-0.000241328903864206,-0.000862460454522787,0.000218679431925698,4.35126017469048e-07,0.000362247553595697,4.92721476760866e-05,2.84494650060196e-16,-5.24753851482984e-17,-1.17961196366423e-16,-4.30645102911242e-16,-8.97719398817998e-17,2.08166817117217e-17,-1.17093834628434e-16,6.89552581700781e-17,1.45716771982052e-16,6.41847686111419e-17,1.57426155444895e-16,-5.72458747072346e-17,-5.20417042793042e-17,1.86482773667507e-16,-1.17093834628434e-16,1.53455264988167e-16,1.40078920685127e-16,-6.11490025281825e-17
"Amz_pdt_desc_length",0.0368135475042686,-0.0907884287876889,0.087383310408925,0.0931480568053574,-0.0611367612448668,0.0739391232866023,0.143903902561561,0.541280926325728,0.208459839799737,-0.105262483174795,-0.0375039351701196,-0.213519985506942,0.100174651852684,0.115913552370885,0.141235498610797,-0.0812452620214192,0.105114799705748,-0.114336818722478,0.16979025733334,-0.038793247515664,0.0200097428377341,-0.0225856985772481,0.0528412387300154,-0.0608310791506399,-0.0279631631966636,0.00400443510033582,-0.110935813649189,0.0291325811481324,0.118681164339017,-0.374221738827002,0.081731482089826,0.241445724302201,-0.0346652879859934,0.229656852811667,0.0935958742036447,-0.0718071371426057,-0.114243410768432,-0.010919949603226,0.331896628546122,-0.0216451904614409,0.0646210327233326,0.0284721657797781,0.0897823008018821,0.00464986817050889,6.09928774153445e-15,-6.13918638148192e-15,9.18709552877317e-15,-8.6389229103645e-16,-1.70176372993325e-14,-7.12543681691399e-15,6.22895832136372e-15,-4.18415302405606e-15,-8.3095422903634e-15,1.33747179997812e-15,-5.28223298434938e-16,1.49099482760207e-15,7.91304955588545e-16,7.6588041464376e-16,-9.63638890905116e-16,9.95948115645184e-16,-2.51534904016637e-16,-6.88685219962792e-16
"Target_pdt_desc_length",0.0849338709315512,-0.0790675929466371,-0.00840319203005692,-0.0735818225333477,0.0897492664030161,0.131788845381056,0.0525471517953194,-0.120651061477513,0.0353578111471183,0.457377415298865,-0.282780619233526,-0.217408078235392,0.421675956732444,-0.188819615729679,0.382682975777217,-0.0877248208799488,-0.113470032135322,-0.109727532546239,-0.394946181558246,0.110166753213942,-0.0208969561922208,-0.101713132491335,-0.131602424096994,0.0439168133359754,0.00729202471935196,-0.0745769114424854,-0.00465435336087386,0.0214085880755178,0.0144535075460718,-0.0285261582681055,0.0298425928643434,0.0286330914415797,-0.00134753537748736,0.0296178042845951,-0.000627863639074779,-0.00645632251576353,-0.0131134995276505,0.00604898247671456,0.00102762266140875,0.00100166258606993,0.00153376289721424,-0.000883045753137576,-0.000138774250139792,0.000107621448066028,5.96744875736022e-16,6.10622663543836e-16,1.45716771982052e-16,4.16333634234434e-17,5.20417042793042e-17,-1.11022302462516e-16,-2.8796409701215e-16,6.59194920871187e-17,-2.04697370165263e-16,-2.04697370165263e-16,-4.00721122950642e-16,1.04083408558608e-17,-1.45716771982052e-16,-1.85615411929518e-16,-2.77555756156289e-16,-2.60208521396521e-17,1.11022302462516e-16,1.14491749414469e-16
"Price_diff_amazon_final_pr",0.111021484874333,-0.132967341367336,0.0370638757456936,0.0567466281944631,-0.0372810098819966,0.301431930573024,0.0815071321947406,-0.0652090456648607,-0.217307649381482,0.225648191750107,0.201249466036833,0.0363991992075445,-0.0837893236641751,0.0711260577685524,0.00755479216270552,-0.118328840340614,0.0481989048725764,0.121383871803231,0.146149922027846,0.00786033961892525,0.0369947509494974,-0.156282550765846,0.0164122851398021,-0.0814645876078928,-0.0163227916214781,0.12971002315331,-0.0778952824062279,-0.0227321723521673,0.0750307008013071,-0.263539269401168,-0.0344439054157218,0.0416442006251005,0.00621272727768408,0.189754898187254,0.0886261223362233,-0.0600540261934371,-0.199842467398613,0.0575960208789483,-0.609732323018159,-0.0091718400689781,-0.00234013397337264,0.0300534249908792,0.244459946915948,-0.00221347078639201,-5.06539254985228e-16,-1.65943647711941e-14,4.51721993144361e-15,1.90776214270549e-14,-3.83026943495679e-14,-1.34770666848638e-14,7.43936162672654e-15,4.01068067645838e-15,-1.14352971536391e-14,1.59594559789866e-15,-7.39165673113718e-15,3.66894015169095e-16,1.9971004017183e-15,8.12371003799939e-15,1.43044213626875e-15,4.44184077540155e-16,1.75380543421255e-15,-7.41160605111091e-16
"Price_diff_target_final_pr",0.126858910903384,-0.133867706574036,0.0256524802807857,0.015547619147398,0.00336126872451736,0.319620750826661,0.0475365438104688,-0.135717765378005,-0.139210697727801,-0.180279542175581,-0.0454530414509622,0.0512674069019795,0.0048564498935757,0.025933543248855,-0.0312373855757144,0.0833751179346861,-0.02111860429869,-0.0856062577533901,-0.0517885717615186,0.010266778232595,-0.00219393726346401,-0.145439115944459,0.00210100428730553,-0.0769983108471906,-0.0481764159897634,0.155771572892851,-0.242844783624107,-0.0742445142076948,0.0959063688472209,-0.0339524944601043,-0.0838610888001307,-0.0769099574347667,0.0474595375148499,-0.0792223375593119,-0.0453603188435171,0.0316060874040495,0.0642407207566534,-0.015222062476222,0.192083460129823,0.00542927505640952,-0.00182190165592422,-0.0182436483531779,-0.129615038180234,9.73722786200819e-05,0.299831135734878,0.0356094316610402,-0.152100528753734,0.656286292024684,-0.0674768964905183,-0.00539860071671566,0.00418548524694104,0.0406858890429591,-0.0176427121545443,-0.0151651458728007,-0.0309057841152165,-0.0279652289134226,-0.0217778052290726,-0.0269624572124973,0.00848418856141481,0.000925851461355222,0.0136667761819394,-0.00228748888251179
"Price_diff_amazon_reg_pr",0.149943307745903,-0.164594649606841,0.0162655980068261,-0.128836809049973,0.158848119767701,0.0241260161486426,-0.0152793738944016,0.0176128777563526,0.0142916607817055,0.197922587884689,0.0353981639371729,0.0477195522955054,-0.0540351034248046,0.0781532855869106,-0.0354670133660505,-0.0531310567807871,0.0537135348832048,0.104431203491168,0.116453266367887,-0.0184273256888641,0.0129483961463279,0.136140275513998,-0.0150719042707604,0.0998702839307526,-0.0416686780689609,0.143886550157813,0.132666465834948,-0.0503825735418562,-0.0372431274720875,0.0372678767305556,0.109911499466281,0.14310296521958,-0.0149079933262152,-0.0304803845864872,-0.00151781429459993,-0.103047648501309,-0.463846040853204,0.053439389550055,0.0406407005968765,0.0189413891478031,0.0133483510866215,-0.137938264073036,-0.68236839314422,-0.00744232726273782,-3.08017500394442e-14,4.40368227994092e-14,-4.21537804662364e-14,-2.58681964737661e-14,1.13062337270264e-13,4.19837775655907e-14,-2.83679330026487e-14,8.3474893664004e-15,4.41122832706142e-14,-1.14691242614207e-14,7.62757912387002e-15,-7.14359127407249e-15,-6.88641851875893e-15,-1.88781282273176e-14,-2.55351295663786e-15,-2.543104615782e-15,-1.83943030078459e-15,1.40859546249317e-15
"Price_diff_target_reg_pr",0.152939520696169,-0.157513967874249,0.00865861381610072,-0.140991512303625,0.168677273494713,0.0534711175683226,-0.029897655044974,-0.0442415678666752,0.0468638576064651,-0.0648424029403499,-0.111051021835193,0.0590682675918532,0.00169460107642017,0.0443195157622716,-0.0591313751446232,0.0751422089855089,0.00575813848711629,-0.0289283039512461,-0.0122062932840121,-0.0135295818676346,-0.010146375025223,0.107096707149935,-0.0193260655128215,0.0785025409592446,-0.0538958191545138,0.154693936205153,0.00845254224419617,-0.0756465254907865,-0.0202101933899914,0.164702590109412,0.0378192469154589,0.0252137970417175,0.0164678921210151,-0.164319943885551,-0.0659075932970399,-0.052376014673148,-0.339948751836874,0.0285835062043192,0.141411481386338,0.00739655524223824,0.0329094897078086,0.0897273554057641,0.453284813252159,0.00391952446456301,-0.390253872205896,-3.93899322881364e-14,-0.495077495064396,4.00651734011603e-14,-1.33615341013638e-13,-4.38208497266501e-14,3.13588131156672e-14,-5.81576887342949e-15,-5.94307589252274e-14,2.23308784658149e-14,-5.76578715327791e-15,7.8888176373304e-15,7.17416577533658e-15,1.65358449589342e-14,-1.22384741230164e-15,3.82978154397917e-15,3.76326574069719e-16,-4.11118621784778e-15
"Price_rat_amazon_final_pr",0.0952554976926178,-0.140586152875586,0.0683683056622,0.0821926855188529,-0.0343392943205567,0.289136861394518,0.127377770264393,0.298691527916218,0.00583391151255631,0.123942662952608,0.108997840361652,-0.096251205592584,-0.0246419406242055,0.0749236827144924,0.0762322644350433,-0.107326918204084,0.0584727766057727,-0.00634848616408583,0.135053228147391,-0.0386959188916341,0.00561816324638136,-0.0311385909225639,0.050658559001492,-0.0548253314658851,0.126354565790769,-0.294798300381217,0.0160563991927185,0.0469359277558691,-0.157275654671246,0.561627000705997,-0.200376580093493,-0.415488756921006,-0.0506832643903585,0.0654986391333852,0.0915724812512615,-0.00558212352148084,-0.0505676253306742,-0.0204488215746433,0.0472672840313945,-0.0192035319457328,0.0218433431694143,0.00238270611227837,-0.00612722975610699,0.00107813767035363,6.24500451351651e-17,-2.62984078958084e-15,0,-2.48065457064683e-16,6.31439345255558e-16,1.13103970633688e-15,1.4883927423881e-15,-6.49653941753314e-16,-2.42861286636753e-17,4.92661467177413e-16,2.77555756156289e-17,2.10768902331182e-16,2.42861286636753e-17,-2.92077289004017e-16,3.64291929955129e-16,-1.60461921527855e-17,2.12503625807159e-16,-5.0263612716428e-16
"Price_rat_target_final_pr",0.127872614229876,-0.13196268793185,0.0217261542270436,0.00264869459623077,0.0224379814494974,0.312497247300623,0.0347876685661402,-0.116048317951726,-0.0830747515905918,-0.227491970959535,-0.0843590993772841,0.0340357984371524,-0.0527625393135882,-0.00713371741490276,-0.0716504840755447,0.103061434656146,-0.0501563488009231,-0.0660930467208339,-0.0345557127235848,-0.0238250594563723,-0.0177133957585799,0.00682913298988169,0.0292551125097458,-0.0201239251040771,0.20177602473916,-0.492124102348696,0.489521201107407,0.208036901413728,-0.208717140334689,-0.317676656151445,0.0500837878385106,0.105736540881213,0.0318781127118658,-0.0940164279352679,-0.133774877084597,-0.027416061241835,-0.0366433559485415,0.0362685680647092,0.0107576021368725,0.0297036415369199,-0.0311713440891664,-0.000681315721993687,0.0046044198544029,-0.00136140930786124,-5.11396480717963e-15,3.88534690531905e-15,-5.13478148889135e-16,2.09554595897998e-15,-1.38691141904346e-15,-7.40726924242097e-16,-1.8023776915399e-15,-6.93889390390723e-18,-3.90312782094782e-16,-2.15105711021124e-16,1.50920942409982e-15,-6.53990750443256e-16,1.95156391047391e-17,1.23165366794353e-16,-3.67761376907083e-16,9.54097911787244e-17,-2.51534904016637e-16,1.07552855510562e-16
"Price_rat_amazon_reg_pr",0.132782541635729,-0.15534210011706,0.0352177197556778,-0.0761775607122887,0.12784685683623,0.11403333080151,0.0373203296530555,0.271330248778624,0.107056518624356,0.192021545987861,0.0382555326393626,-0.0384864075166628,0.00401907679093381,0.142264954737768,0.0540820409557071,-0.0991649970037543,0.110467565606721,-0.0159669626955976,0.154177438279187,-0.0368438913734462,0.00945739236075291,0.0687897529419362,0.0246603031605775,0.0424320767789301,-0.0544983018789731,0.206270738475587,0.156647383103707,-0.0423339856553879,-0.00944184665076298,-0.00145017973089319,0.0914699006966961,0.114440884914609,0.0900818536341824,-0.47281195493795,-0.256666587945917,0.174466103253506,0.506537524728908,-0.0252019131181588,-0.159645884224177,0.0420825171426092,-0.108345603045284,-0.00411560675240021,0.010132681890691,-0.00284545680567143,6.25194340742041e-15,3.2760252843822e-15,2.26207941267376e-15,-5.18682319317065e-16,-5.28223298434938e-16,-7.53249459334304e-16,-2.78217119481505e-15,4.25874613352306e-16,7.14597651885196e-16,1.35948110407957e-15,1.97490136223666e-15,6.39028760462956e-16,7.73252989416662e-16,1.38056883633442e-15,1.32966554433622e-15,-4.93095148046407e-16,-2.99998741126739e-16,1.3912482277334e-15
"Price_rat_target_reg_pr",0.14502398412232,-0.142129481530552,7.95172009645333e-05,-0.145515814279991,0.180753901671796,0.104530687470406,-0.0321030538913106,-0.0449605064592969,0.0718901814796316,-0.145231578696466,-0.140892379059011,0.0793615402433729,-0.00144243492640077,0.0589039313805302,-0.0609961073365866,0.111955759035844,0.000447025126952827,-0.160264625864697,-0.0293329750215891,-0.00871447850542789,-0.0141718852056721,0.046525778353305,-0.0196246710789554,0.0659346063092406,-0.0577875764242328,0.252152247132355,0.275536873913529,-0.034658062563887,-0.116077952399951,0.184060051051621,0.118818894761856,0.0980316497229424,-0.165590097249929,0.537499603166008,0.327429705988072,-0.0104210199552004,0.352767480410687,-0.0775505091459696,-0.0994511460564903,-0.0617183889111049,0.0437526379446407,-0.00138988156247031,-0.0153093842912543,0.00323756804655048,-7.91727794435815e-15,-6.49480469405717e-15,-1.02695629777827e-15,2.67841304690819e-15,2.3037127760972e-15,1.1293049828609e-15,4.21320964227867e-15,-8.11850586757146e-16,1.04170144732407e-15,-3.36373724013628e-15,-4.52415882534751e-15,3.20490162186715e-16,-9.9399655173471e-16,6.99093560818653e-16,1.30451205393456e-15,-2.60208521396521e-17,1.67227343084164e-15,6.67868538251071e-16
"TCIN_var",0.0181991898726939,0.0897323690230728,-0.114895032222402,-0.177989907260531,0.102044918022953,-0.0953330245387257,0.219034357056788,-0.0358235293525906,-0.190400036049228,-0.24454876596571,0.0770159085771607,-0.282236574727697,-0.380315157924085,0.266359198542583,0.20571008764296,-0.519912630195741,-0.27268938645114,-0.170624482831061,-0.230474133303224,0.0373595083902064,-0.0104740953835573,0.00505835086728349,-0.0293437619929388,0.0199000767130019,-0.0131932273199645,0.0480063846958392,0.043681202429563,-0.0255022258344727,-0.0210340680955671,0.0300389928550094,0.0157239959872433,0.016609111852798,-0.00085114965171528,-0.0232491937206765,-0.00949901947155042,-0.00576034463619865,-0.0321521385636248,0.0035826958078586,-0.0105223321082425,0.00184998285920887,-0.000471855254851434,-0.00182228426161093,-0.00203971463704152,-0.000389464038209273,1.72084568816899e-15,3.86843335142828e-16,3.46944695195361e-16,-3.28730098697605e-16,-6.59194920871187e-17,-8.32667268468867e-17,-8.97719398817998e-16,3.7101398342454e-16,3.12250225675825e-17,5.8113236445223e-17,2.08166817117217e-17,-1.16226472890446e-16,-1.50053580671994e-16,-5.25729633438221e-16,-5.72458747072346e-17,-1.86482773667507e-17,-1.02782365951626e-16,-1.24032728532342e-16
"max_tcin_price",0.134753369340321,-0.204464145410104,0.0924328879715597,0.075191767654219,-0.0927975215710121,0.0385170719611218,0.0836775958272314,-0.104750325599744,-0.159002792892453,-0.0481696136707886,0.0237152539991254,0.0189361499138413,-0.0128377473895546,-0.00240202467638098,-0.0255969045407162,0.0138127844794488,-0.0315004417188396,0.078157415839463,-0.0428896828931778,0.0298210965848223,0.00830343723362453,-0.127608188145875,-0.0273812815127638,-0.0362200350947315,-0.0136021024508532,0.100551636820088,-0.0664886073760607,-0.0392451925131592,0.0317884636563616,-0.0367398822694888,-0.039633785863785,-0.0388206205690985,0.0213741714786775,-0.0116904828950343,-0.0114694074341271,0.0237295867723605,0.101321738942812,-0.023131895477828,0.196419041599193,-0.00195596133208009,0.00525659457925054,-0.00579345186163405,-0.0678204752542677,0.00121823574943643,-0.124240948635015,-0.0203197306268136,0.0628448808005053,-0.275368314785844,0.0188008360922639,-0.0128080657739108,0.00119164736081616,-0.0243767229583401,0.00242747199165966,-0.00112285031364186,0.00765049500997186,0.189532108963993,-0.0326283623254753,-0.0161579343331876,0.46478951166453,0.527560868322781,-0.113124254188772,-0.348933428298526
"min_tcin_price",0.134753369340321,-0.204464145410104,0.0924328879715597,0.075191767654219,-0.0927975215710122,0.0385170719611217,0.0836775958272314,-0.104750325599744,-0.159002792892453,-0.0481696136707886,0.0237152539991254,0.0189361499138412,-0.0128377473895546,-0.00240202467638098,-0.0255969045407162,0.0138127844794488,-0.0315004417188395,0.078157415839463,-0.0428896828931775,0.0298210965848223,0.00830343723362448,-0.127608188145875,-0.0273812815127638,-0.0362200350947314,-0.013602102450853,0.100551636820088,-0.0664886073760608,-0.0392451925131595,0.0317884636563616,-0.0367398822694888,-0.0396337858637853,-0.0388206205690988,0.0213741714786776,-0.0116904828950333,-0.0114694074341271,0.023729586772361,0.101321738942812,-0.0231318954778282,0.196419041599195,-0.00195596133208018,0.00525659457925017,-0.00579345186163201,-0.0678204752542594,0.00121823574943661,-0.12441031054855,-0.0169333794608977,0.0629783834202307,-0.272833632290159,0.028373031255036,-0.00294797294912819,0.0021809003288099,-0.0170564977266474,-0.00340242600120103,0.0127986392491923,0.000936885687012575,0.053233271421886,0.000380702676919183,0.0102916877255834,0.112470986141609,-0.803497252084379,-0.0353833381088316,-0.0710638305627357
"gross_sales",0.0102945026126181,0.155638574896607,-0.130926298859238,-0.150974427732446,0.0519186036538305,-0.0524141906392937,0.339933414803633,0.129820345197769,-0.27932558628678,0.00120606741478874,0.087193030215723,0.0765212078580249,0.359512241521719,0.128831493826423,-0.173447876876265,0.110803685659174,-0.106740876530239,0.0215120643222408,0.0238956281970471,-0.0016936733708062,0.0131077443882743,0.0212459405196404,0.00808530083393322,0.00856061946224103,-0.0124737159029641,-0.00471781537394082,0.0172604896173944,0.0256472110901924,-0.00996096293067908,0.0318761017306573,0.0288701605460896,0.0173359090823813,0.0539710134829765,0.00777639586244252,-0.0601229468921089,-0.119655372882907,0.0141138566234165,0.139494249832138,0.0263386765732639,-0.620425846997919,-0.261742778018523,-0.0412493712108067,0.00828945690911445,0.0717943922224519,-4.09394740330526e-15,1.49103819568897e-14,2.47024622979097e-15,3.89965837399586e-15,-2.70096445209589e-15,9.66240976119082e-16,8.73780214849518e-15,2.20786930404948e-15,-2.75474087985117e-15,-4.49206644104194e-15,2.37825167545558e-15,-3.7097061533764e-15,-5.68143622425854e-15,-5.51642065360625e-16,1.58380253356682e-15,-2.91433543964104e-16,1.88390969491081e-15,-5.3256010712488e-16
"net_Sales",0.00993126742289728,0.154779340992052,-0.130843903140665,-0.151381925201669,0.0530167067554766,-0.0524528788914218,0.338140519439057,0.128175315487444,-0.279776791788824,-0.000767754680236608,0.0931330006353017,0.0739064385259387,0.367067101317714,0.133789887367681,-0.172297428691552,0.112934682402153,-0.109394433217743,0.0226159832170448,0.020186615116896,-0.00920678548168663,0.0135452802039684,0.0257535208527603,0.00591376443260017,0.0110361995516785,0.0179502812801804,-0.0114657784715544,0.0277833989442621,-0.012902887234767,-0.0066490377037445,0.00550802557660812,-0.00370111956806934,0.0209133601476174,-0.0510711866184537,-0.00639206767266666,0.0577136284796865,0.115065374113179,-0.0142322111365915,-0.138355133978618,-0.0134768331247393,0.618356373969682,0.261258426914042,0.0427498545628235,-0.00407548343212692,-0.0706028488404048,1.54390389361936e-15,-1.36071709455621e-14,-2.66453525910038e-15,-2.09381123550401e-15,2.27248775352962e-15,-1.1744077932363e-15,-8.12240899539241e-15,-1.50400525367189e-15,1.89561907837366e-15,4.55451648617711e-15,-1.81972492629967e-15,3.13941581064903e-15,5.0821976835258e-15,7.11236625150491e-16,-1.77202003071031e-15,3.7470027081099e-16,-1.80758186196783e-15,6.40112962635442e-16
"Amz_rating1",0.0500332656180416,0.198625030537843,0.207490152869756,-0.122891278754714,-0.0407551903020294,0.0143341584606652,0.169607464817417,0.0847834669344967,-0.0715841565859083,0.0426203330161485,-0.246235101120463,0.151247503607866,-0.156488387456202,-0.0845801400530255,-0.126933860255179,-0.125599026113218,0.293775983956931,-0.0149578624216869,-0.043395067405803,0.0394630052197787,-0.0929301565220968,-0.0942974527788162,-0.225327618277671,0.12573411220615,0.00205378739008958,0.0470269511320514,-0.0151838544924955,0.217761999955792,0.0720571699670282,0.0336652751419859,-0.103929289238381,0.0203396958681858,-0.204152271034813,0.173120546468356,-0.199095553217468,0.233134945054755,-0.0501048957023268,0.230876592543228,0.0518020796591806,0.150565027273114,-0.341494107847244,-0.0773038661733565,0.031951111055517,-0.173070049907672,-0.00444074441480869,0.0876289653089774,0.00350049784252181,-0.00043755610849254,-0.00331448477467058,-0.0125262932646221,-0.0488835606632895,0.00297361610949575,-0.0367911796274122,0.0789089214954761,0.0799109554783853,-0.00400858451914659,-0.033996717185537,0.0668418455523042,0.0194721529122599,-0.000911527295776898,0.1855756617671,-0.0390952345915675
"Amz_rating2",0.183423506877368,0.124099893278197,-0.0490707793447915,-0.0048577565827512,-0.0792919870188836,-0.0253173046092547,0.0365578475923607,0.0239844342201111,0.038808815947251,0.0350933079323981,-0.0678409088564565,0.0637756743894764,-0.0584740673414469,-0.051431068960653,0.0703337711146787,0.0274761713937562,-0.0661909599891462,-0.000611457811464222,0.028560488899868,-0.256445746121842,-0.0796172735952493,0.00819798799736559,-0.0447498658833437,0.0244257331534402,0.291564068130315,-0.0281336718165647,0.0626384220264052,-0.409713391435498,0.107212211654062,0.0206653886603788,-0.12833929828314,0.0821608407447875,0.289654458911542,0.0807643120554539,-0.039321077578576,-0.163617239022776,0.041539261719199,-0.0631241697279834,-0.0116863008569296,0.0194908044645782,0.00422629595625472,0.0802437787969131,-0.0179112322106354,0.041499625212465,-0.007643814895935,0.371458040608765,0.00602537661538176,-0.0188268817187375,-0.0649637316223216,-0.0633810916300649,0.22280997804378,-0.00620371377483288,-0.0489849982620049,-0.0100764653762893,0.213597313448902,-0.0600866142760321,-0.0285834051160926,0.188699696527386,0.053577040062547,-0.00277339428220403,0.341231315156763,-0.0807286208353044
"Amz_rating3",0.106471080362554,0.136620359491839,-0.0748312413519438,-0.0103572457217693,-0.115718308826585,-0.00399173082111857,0.291383871658896,0.0707699492996187,-0.0593058890113796,0.0860455297065238,-0.352908109666129,0.235953847098301,-0.254941802842831,-0.170438009997734,0.164531737420067,0.062781578597403,0.0194897253938052,0.0600942559196827,0.045094212145118,0.072548889604656,0.0228442829014943,0.138037472237999,0.0501491964331929,-0.293084180812647,-0.051824408534384,0.00355643232836356,0.00482693662933445,-0.078988154338564,-0.0726582615522583,-0.0842642354742769,0.0116692812300043,-0.00108192366924655,-0.320340560523219,-0.309761576450998,0.354708371347945,0.00823126341898722,-0.0266346142383071,-0.218666379857732,-0.0225359940479097,-0.115007584138099,0.0253487410803622,0.00499007394215947,-0.00602630421489755,0.0802151652899815,-0.0346500393966098,0.0368127070459362,0.0273135260265883,0.0179482363688181,-0.0303448067670649,0.0427353799861886,0.00605808385094424,-0.0131882828421269,-0.0377009184719629,0.00840833911105476,0.0153362665233428,-0.00127530593813876,0.00136323945788746,-0.0223517314231785,-0.00190759494586753,0.000216823532518199,-0.035806238043846,0.00834416602077232
"Amz_rating4",0.174858244842194,0.111902454725395,-0.111000467428219,0.0121821826125824,-0.0676564245334147,-0.0119267615839828,0.0766813837985499,0.0431084831340385,-0.00300529544935749,0.0141633136908585,-0.135227188834355,0.0841648294166877,-0.0748287473355644,-0.0818561359649374,-0.11300475375081,-0.120108129644257,0.195515441445112,-0.0310107002804045,-0.0368851448506853,-0.0514369378494121,0.143821839426988,-0.173850632858418,-0.00222919377436508,0.198975199833715,-0.17492538814461,-0.0681351443994707,-0.0269462615531888,0.0243895106663246,0.0232458715112352,-0.0288765105319231,0.343265582310673,-0.248294837352237,-0.079890996411532,0.0639680591336289,-0.310434171199044,-0.162201386125147,0.0468992290228227,-0.0224119593487303,-0.0495119134257413,-0.101882739929253,0.38713460301131,0.303859823432894,-0.0738691123951354,0.154274924856633,0.0263859815179415,0.0370293089800898,-0.0207992315586884,-0.0227964569687655,-0.0128938345206248,-0.143163797432989,-0.0527481881044096,0.0892739303753534,0.107041400634736,-0.0897648177085947,-0.0838308625185755,-0.0335262292826116,0.00101837549239265,0.171968920241683,0.00321799172865395,0.000559689883896793,-0.0628296394859025,-0.000735274992316357
"Amz_rating5",0.191570133779758,0.0567642546853383,-0.0934090621861266,0.0172969437875485,-0.0769008153183188,0.00477647371584574,-0.0719131712439176,-0.0390513729715338,0.0465936138823411,-0.0225676798472578,0.0567389881042221,-0.0968932256307708,0.082839169427465,-0.0798921787064103,-0.0745169291033633,-0.0855667141651219,-0.0475519368588495,0.0131800313142748,0.0207388598010587,-0.140927894393707,-0.0614132295399548,0.0345572543146991,0.0227098482008749,-0.0923712691798201,-0.0535787867431933,0.0381708261897856,-0.0254121220268059,0.0541191097601212,-0.0726673751672479,-0.00616347770678727,0.0351347111516752,-0.0177528304102888,-0.0834415122545154,0.00363045161280041,-0.0712034855847173,-0.0539050549303168,-0.00344010851056754,-0.142989561541893,-7.01590825730181e-06,-0.0175814989674893,0.00316504764022845,-0.31378580615704,0.062404379567013,-0.166848955295127,0.137153734551204,0.153225424870985,-0.108113934746975,-0.133495714357388,-0.166214834401077,-0.242640101509659,-0.294191779598231,0.183193523503802,-0.123823282579199,0.0281730247503088,0.348231552136882,-0.270147660818722,-0.338724708111616,-0.110552115302901,0.0448225615259716,-0.00242894148855648,-0.244317041405439,0.0462479124536084
"Amz_Review_count",0.192301848089318,0.0805817222737732,-0.0873288454812031,0.0102291227550658,-0.0827256303815603,0.000565404441975047,-0.0234131027492633,-0.0179992198323722,0.0343729336791906,-0.00672836128204163,-0.00277516390385778,-0.0441190966075632,0.0329400245956758,-0.0885612490765581,-0.0558162245929465,-0.0755634329292799,-0.0166970260747946,0.0110317614510588,0.0173888765897665,-0.133828635148903,-0.0441995912869201,0.0187445996145673,0.010581710640489,-0.0683566848944807,-0.0348328070515347,0.0231467684442596,-0.0169679655864926,0.00889953975617956,-0.0483613911865004,-0.0100193454319204,0.0446732578274273,-0.02828818718734,-0.0731292321017803,0.00103072578653607,-0.0706959176605286,-0.0649928562520458,0.0021310153637871,-0.128498531615976,-0.00547420269604564,-0.0243698294950196,0.0294990058271289,-0.216020039968349,0.0417277221327464,-0.114386076506096,0.39018880987349,-0.256563869485678,-0.307573451555765,-0.202852127222083,0.250198084169494,-0.151591000881927,0.149854328934632,-0.14129619917207,0.0957828912894118,0.0542100089923715,-0.087857264788554,0.220548477340839,0.244863449446275,-0.236266014646045,-0.0357634147567602,-0.00165663855995768,0.351292152564627,-0.0474978029802465
"Amz_Avg_rating",0.18012896772985,0.118789458163887,-0.0136557205661836,0.1334128733532,0.0423701527004856,-0.0305911601497522,0.00753318654352579,-0.0103741032726506,0.00909246248054568,0.00667586456656097,0.00126774857165767,0.0203440651895444,-0.0297126394003784,0.027092952844754,0.0751402337283641,0.0709092875458567,-0.0393725405668194,-0.0476913432313437,0.0799077458683559,0.367985796366245,0.0559727527738535,0.0126291156077261,0.174813380343761,0.14708373832,0.0956205475420516,0.0149005530410378,-0.0191264003713833,-0.0204366574832864,-0.00694609243668577,0.00955945023776428,-0.0559448740449783,0.0346045357942908,0.00699229249942749,0.0724556744063048,-0.113813148135754,0.0149789072149398,-0.0398463023101397,-0.254013392000415,0.00377878378470781,-0.00953853093298181,-0.147035526446626,-0.23077934002713,0.0513069206294061,-0.328659243163467,-0.00597682523130112,0.153834479066354,0.00471134158445391,-0.00832771232319666,-0.0620646469126156,-0.148017687549436,0.196449054745434,0.0645453799956208,0.186971427752934,-0.288232706635728,-0.252197537873493,0.0133228564373237,0.180375951511126,0.255610080685735,-0.0224872983115247,0.0022354942198003,-0.246023592403978,0.027260282651847
"Amz_Avg_helpful_votes",0.183394583326879,0.12589807513227,-0.0500811527148651,0.0570543477499689,-0.0188094861919161,-0.0172811571112262,0.0299590074859397,0.0221459756883419,0.0148826643851889,0.00889663577702744,-0.0483087961413745,0.0797181025866031,-0.0742800611506422,0.0278035702800599,0.0490692578633671,0.0295154963784245,0.0312393342298505,-0.0129555701909727,0.093658828572718,0.225271225601247,-0.0572549701911767,0.0417911265263074,-0.30773026470246,-0.16321753909111,-0.415047189022312,-0.0780305372294748,0.0215756847608196,0.243960766251463,-0.0620010260158681,0.0802240978288594,-0.00802212918463336,0.0440352569290524,0.615675421582114,0.0635508861242163,0.0617600368839735,-0.0782969534791812,0.0124958847544927,-0.0939623595472355,-0.00506571188823579,0.00569646998085613,0.103424010823912,-0.0131419803226639,-0.000267906300305154,-0.117254342464083,-0.036599324712398,0.0561543703288979,0.0288500857573393,0.0234198254173724,-0.0329754021224782,0.0853446123332325,-0.101752224022803,-0.0491921853413866,-0.0959005358513306,0.109730670437061,-0.00377326135518235,0.06943209744709,0.0550433363407682,-0.048599453401575,-0.0140573308541738,0.000793324477662489,0.0335826630623052,-4.36582970938302e-05
"Amz_cal_avg_score",0.0274552741319998,0.12380080181146,0.232266787182483,0.213094226532448,0.284643986171885,-0.017284512174412,0.017879651634709,-0.027854717035445,-0.0484433059241549,-0.0211122277833213,0.00740047451049448,-0.0488513601596815,0.0508558851049738,-0.0188029140922555,-0.0432159596092765,-0.0516342212536047,-0.00238280426407176,0.0131275359516386,0.023230599576724,0.0568008851823739,-0.30455143611631,0.0296918332016656,0.0670393746237644,-0.0224509705511011,0.298946776257214,0.118236557138343,-0.0742776435907075,0.0757604497991808,-0.0559035800584052,-0.0352160907768155,0.230921239438446,-0.103447769023937,-0.00695668283286021,0.0258221019788948,-0.100358933858934,0.128742653526415,-0.07146964179459,-0.332642417440972,-0.0362267415430138,-0.167924740491583,0.0541228645780185,0.364304215564191,-0.0754929333685401,-0.254689322498725,-0.0289627880751916,0.0213905780819172,0.0228304463622256,0.0178035383362906,-0.028965441489927,0.150405532540066,0.00500429937104893,-0.0915739386366415,-0.155806002446889,0.116030888454114,0.107186022180956,0.0348533928767839,0.00193281143796905,-0.199753937073741,-0.00682616495064202,-0.000329281223201915,0.0226308838231488,0.0104277177427153
"amz_rating_4_5",0.191956066528064,0.0630376021581094,-0.0962354948552667,0.0169622060911211,-0.0767958245966769,0.00311679093160205,-0.0574707117152733,-0.0310581672617179,0.0420204050658129,-0.0190501530068559,0.0376848663046932,-0.079397069833242,0.0675864319871651,-0.0809687712554474,-0.0792781783576199,-0.0900445334710042,-0.0231594971005554,0.00879506106564459,0.0150598479301945,-0.133299435085482,-0.0410503111051379,0.0135749021402192,0.0204025059696191,-0.0635214576948066,-0.0666033259247192,0.0276930948374144,-0.0258477790870711,0.0516648733133946,-0.0636327982546878,-0.00855899785579538,0.0671018049952228,-0.0415769465442797,-0.0839917800953964,0.0098545857501634,-0.0965037587503579,-0.0655955691340336,0.00168177894325353,-0.132197435164436,-0.00508114319012353,-0.0264146549689979,0.0425550396873155,-0.253917466558103,0.0491206009624517,-0.135763054422114,-0.368885079265733,-0.331137946832356,0.290780397044126,0.263569664142563,0.158821584189768,0.307075269101403,0.180475430710535,0.00739096894586325,0.119698776580622,-0.0153433147432863,0.0154407991768804,-0.119860548687715,-0.25261159136529,0.189342789204173,0.0560123018320514,-0.00110771856757941,0.217604990671346,-0.0542596932651106
"amz_rating_4_5_cnt",0.178130671560333,0.102855258505032,-0.0390589730699692,0.150687316730568,0.0613647937477138,-0.0301444852787689,-0.0081098721804803,-0.0184893398824128,0.00829004269155646,-0.0100643520688685,0.00615677050603081,-0.026351177915033,0.0168735888141071,-0.00172365175305466,-0.0575640142133669,-0.0300058039867532,0.0805891031182215,-0.0742411781418152,0.0289009318859596,0.417911688560184,0.109168751434674,-0.0377788598254044,0.249436066992701,0.245732643545004,0.087470615529823,-0.0422955197226047,0.0183777737082357,-0.1756227240366,0.0672153040999429,-0.00141329761753384,-0.108139888789124,0.0227650951257057,-0.13305143507601,-0.0267804777354686,-0.0724279825759839,-0.238474942653403,0.0822251861479285,0.128364741955017,-0.00399931239495438,0.0350485471196034,0.148834210350027,-0.255157242402468,0.0449265306840541,0.150698073222705,-0.066370367027775,0.0621327805370883,0.052317653277617,0.0456109860820985,-0.0451110494564287,0.203366856201488,-0.234290362853215,-0.112115923138096,-0.232985188873707,0.28157868180674,0.067301923812484,0.123925631485301,0.051741623468534,-0.169144089524914,-0.0198721835324888,0.000815452057266443,0.126714247294106,-0.00648370170651808
"amz_rating_1_2",0.170643370719531,0.159244932834831,0.0130501167779279,-0.0368278321392684,-0.0788504671796008,-0.0179083513242518,0.0764368209361093,0.0431073790334874,0.0142664851535111,0.0414312387662274,-0.123637608874675,0.0949055620274128,-0.0917505527463026,-0.066597870850139,0.0265992765928259,-0.00981047416941395,0.0212960312737197,-0.00449986426363913,0.0129669582031774,-0.209498649100538,-0.0929960019053943,-0.0180288751013435,-0.0982728705546504,0.0543693547782626,0.250658058724544,-0.0116355794608621,0.0496976795963135,-0.293589773976079,0.111120355608951,0.0266745678770306,-0.13771441613087,0.0758856464212395,0.194216739176587,0.115292093777729,-0.0866442238305593,-0.0783956087723505,0.022317265823575,0.00721009879791612,0.00374254032628753,0.0567353181325526,-0.0871331442826153,0.048290491757256,-0.0068731629737432,-0.0103970751430655,-0.0226916397928695,-0.431430549719897,0.0178870992605096,0.0379310568797176,0.0614137419447477,0.0827401471990221,-0.25660714404477,0.0273723348427657,0.0545821526365205,-0.00195998734375183,-0.215735676902273,0.0267715714581103,-0.0208093535727641,-0.208928100620199,-0.0533671677392865,0.00300296450325665,-0.428255562547866,0.0980865748092571
"amz_rating_1_2_cnt",0.0822788863963053,0.167379467769382,0.248191729845645,-0.0225213261396677,0.0095573638072494,-0.00728217946575561,0.0362718242999964,0.018226544335465,-0.0059113988525537,0.0494659827392219,0.00260615563655012,0.122038641823703,-0.133827064266837,0.0839034613069268,0.366134834374561,0.29140692614279,-0.3520574058089,0.0557992542217174,0.101560046743272,-0.291194792326675,-0.00741887004233834,-0.117700087420832,0.122765300892151,0.27456483847774,0.0883245878137559,0.142483336242841,-0.122337011813373,0.38890913603595,-0.0765321539235219,0.000483121541951848,0.130518285096395,-0.063700935616933,0.0229373540844249,-0.0398220131911551,0.0257302279975903,-0.124044838339385,0.0437147958346606,0.129688977058711,0.00767748647162367,0.0486871950963054,0.0853129655838805,-0.163693080435833,0.0310830770261596,0.0596668551553369,-0.0126824403398285,0.0188611818564597,0.00999716509230768,0.00921124143216293,-0.00652486490269988,0.00785912310106712,-0.0829996027323942,-0.00123171327915263,-0.0153851057271905,0.0469678703606861,-0.0277607615457501,0.0318080955817067,0.0239830921906294,0.0288675732764046,-0.00521187097543689,0.00051000729156761,0.0299394732032466,-0.00593531342635717
"rating1_cnt",0.0317090366897264,0.159152768636661,0.3281663751652,-0.124771411676301,-0.00559617151899174,0.030702091519102,0.0116528544535559,-0.00178735131547549,-0.030242970140367,-0.00130545652845453,-0.0350454582571592,-0.0421987525171613,0.00909905790415296,-0.0460847357524725,-0.126120064769814,-0.0920530260656502,0.114249918443956,-0.00310409758008009,-0.0448010088623957,0.00270858364289003,-0.0195199969891503,-0.0352113374294436,0.0230101482919409,0.0190254651875366,-0.0807802271754951,-0.027141960228173,0.00301507003631564,-0.00624005148996991,-0.0138203282035009,0.000544139368699797,0.0643961211501349,-0.0378861380783613,0.0857862276511784,-0.026827752824104,0.0538247895642981,-0.0816844508651301,0.0432774351525595,0.137945394580983,0.00390357388661043,0.0312245509464543,0.1258943218064,-0.182883150459086,0.0322743570664835,0.156504844945291,0.00799242835994832,0.052669971921481,-0.00630017754165931,-0.020921791824012,-0.0644571602211335,0.13029999257437,0.581843762802169,-0.116235642874017,-0.0730997456433872,-0.237417225662913,0.160117501380681,-0.0910738907832951,0.00928755751736155,-0.33445386803057,-0.00179399141674951,-0.00164199732792208,-0.291159243335368,0.0697523297123643
"rating5_cnt",0.182675753040061,0.0963341485275575,-0.0375956439543318,0.104391122367559,0.0249557819681593,-0.0142985447921324,-0.0392603369151296,-0.025722009408759,0.0270255708249644,-0.0189574864790801,0.0433684970302386,-0.0362636107836728,0.0427681253858783,0.00941318972572061,0.0121096524455526,-0.00724464720642764,-0.0585151392440531,-0.00804452465740897,0.151691148182558,0.354847334436525,-0.521771027091146,0.115969306264702,-0.090539326273103,-0.179341025528428,0.183623098068444,0.0875214277417337,-0.0208792321490645,0.0562062948562793,0.00754523491622535,0.000458032804881164,0.110615204816209,-0.0596721484934367,-0.0173223578490904,-0.025085650349807,0.0709235200015322,-0.0162827462135429,0.0408592022238424,0.333079180748577,0.0186627858141251,0.100143506360909,0.0252223793279022,0.0329273080547716,-0.00627040455274842,0.342821430720042,0.0604890690095171,-0.121492663371887,-0.0476816127625254,-0.0337377114536358,0.0771645092713123,-0.163733221396614,0.0112111584965081,0.106357439250524,0.164056068874734,-0.101852896876777,-0.0111796645566609,-0.0961587128825329,-0.111204268750883,0.142621893137475,0.0261985250730231,-0.00113191250870168,0.0366263830998604,-0.0195510831467359
"Avg_sentiment_score",0.187215799914529,0.0753395578924542,-0.113912552826894,0.0974824118925568,-0.0196217960755516,-0.0183275122558522,-0.00378308527602791,-0.0103855125229164,0.0137738495302921,-0.00167688851944766,-0.0164782023083819,-0.0123899833638619,-0.000212751098147381,-0.0543349509444202,-0.0212803272723639,-0.0318405584713683,0.0260912299010497,-0.0221810225644407,-0.0299822939628852,0.0454930550993885,0.200237486723767,-0.0490791860825908,0.273067856493674,0.188974917145021,-0.00979658623558489,0.0227829102307856,-0.00821449029694741,0.108955088743614,-0.0282913414927085,0.0172826508361527,-0.0466677398211687,0.0609982061431183,0.168475636546977,-0.0372300453465404,0.217008061604718,0.174622465319861,-0.0421171414029657,0.0609093646714733,0.0159646782547307,0.0264952494903713,-0.149291043411437,0.222554807793415,-0.0384841134295454,0.0154040602113066,0.134329826727039,-0.268183862037608,-0.105887937859443,-0.00149124055964721,0.239471505646458,-0.00348110150137522,0.122706855054042,-0.0575959019019609,-0.0732052422572739,0.105065202395688,0.486043815990386,0.0691342584738076,-0.0262293293493383,0.309050305100803,-0.0292121587013626,0.000121734575038174,-0.187363981044855,0.024886273241203
"Total_sentiment_score",0.189849106034683,0.057704661681204,-0.104527000567604,0.0177319834369502,-0.0871517221739385,0.00573075797511088,-0.0459940040734625,-0.0341741856730079,0.0325694750842769,-0.0133825729445422,0.0153066534343716,-0.0912382283080854,0.0677676175226106,-0.122737421593768,-0.0676911936260054,-0.0954908113590778,-0.0436131331394761,0.0299082340623546,-0.00990111024121258,-0.187754685376923,-0.037335510387058,0.0712764988473796,0.15079045566873,-0.134956073186922,-0.00715361575388022,0.0697686794089958,0.00106347442107782,0.0463083811627841,-0.0718450328124162,0.0184143968955269,0.0037754463808273,0.0339866498176864,0.0143511085593186,0.0674015472851742,-0.0358522079282016,0.322918968431914,-0.0510488764571481,0.143067198519601,0.0121810572284742,-0.0305811166418621,0.0553775994438947,-0.0326699852125698,0.00451155941605788,0.116031013336013,0.0587296941147272,0.187484694118975,-0.0462947533875332,-0.0632898833809178,-0.0565140152292412,0.109184664073245,0.121429664186212,-0.144022192247683,-0.414964213142784,0.212098842973018,-0.502563609954669,0.0222323400058921,-0.0746158365507872,0.222939532865327,-0.0301759041121142,0.0137125009997145,-0.144100142258034,0.0345986437597639
"Amz_Avg_Positive_sent_score",0.191352197981383,0.0938838809110634,-0.0653675253024095,0.0814355228598194,-0.024348116524675,-0.0156909712771263,-0.0101862060084097,-0.0144047613299663,0.0136476468670155,0.000806033104017857,-0.00541226616345438,-0.0160812219708948,-0.0044642293877074,-0.0413797850691414,0.00902328909097663,0.000508561499177281,-0.0107669853825937,-0.023641735480067,-0.0110471606583902,0.0689016309897858,0.238406361537511,-0.0226027153539515,0.257166531951499,0.143435196593315,-0.0338341856611285,0.00995923492507012,0.00367732808565815,0.0675394291364383,-0.0214584027838648,0.0192896553599804,-0.033459646033172,0.0500975282406217,0.146898883666815,-0.00233297564703045,0.153184529094602,0.208695875475781,-0.0506537655805514,0.0513284558223127,0.0149594081411189,0.0242341830221065,-0.148417658613912,0.221578337013902,-0.0384015833193777,0.039727343443394,-0.0369630226093244,-0.00771623275895842,0.029136777263189,-0.0538720150635761,-0.109238567587289,-0.0730986606882877,0.00411776823448566,0.119863912143851,0.148736101311965,-0.14888458909823,-0.247644742152584,-0.273407255218131,-0.283503275209902,-0.455694928545024,0.0878361229606924,-0.00440725128722194,0.310674115303504,-0.0453860412131622
"Amz_Total_Positive_sent_score",0.19055015115785,0.0600383620933607,-0.0975324131499474,0.0156240471389587,-0.0874801876210576,0.00631297448534429,-0.0481323835173118,-0.0350821157785083,0.0324263315886264,-0.0138133599506408,0.017781365446947,-0.0931659305727683,0.068260318135965,-0.121842717481065,-0.065980097168555,-0.0925498726553079,-0.0489861220992093,0.0274778630824997,-0.00426770404666604,-0.181056138648448,-0.0302547522485727,0.0739411079698484,0.141201244843434,-0.135248408956362,-0.00905543765202387,0.0691914435573039,0.0025531015426485,0.0475520865181927,-0.0669049958644425,0.0190684340792455,-0.00568283392928326,0.0365990658211333,0.00335889345398882,0.0604213751000926,-0.0337687948466792,0.299119869910801,-0.0445283533177152,0.152305282850685,0.0117456747378655,-0.0297910323759404,0.0573696449436982,-0.0161504643326183,0.00141803442810546,0.0940649988692254,-0.199608008834012,0.189182150906083,0.157344656437362,0.139102815654757,-0.137456834375688,0.0400029300217805,-0.218880228677406,0.0335646735828429,0.287720633639462,-0.170694740532458,0.234387970105598,0.235712596502354,0.482746578058427,-0.146712606642871,-0.0454655046483478,-0.00892606304584835,-0.0349781061229574,0.00131010419735998
"Amz_Avg_negative_sent_score",-0.0720061161764231,-0.142860437999967,-0.300689602975135,0.0853025010795208,0.0365092917476718,-0.013471057755243,0.0440914456402584,0.0295632336734166,-0.00239298094458466,-0.0163566910604139,-0.0707777942815915,0.0278223812200422,0.0287338294859468,-0.0746067942739233,-0.199438716553836,-0.210751774088886,0.24252782943532,0.0150798398188505,-0.120688502667059,-0.168648032918249,-0.304682434103399,-0.16706983090521,0.0429611313877913,0.26273251440675,0.164483576050425,0.0811517649753187,-0.0782963493275047,0.25375718263212,-0.039436170787316,-0.0176117246871155,-0.0781192561389881,0.0591761164685379,0.105888674813029,-0.226672689083343,0.379485830007318,-0.271017668142857,0.0675153025480227,0.0502928743145464,0.00302182736046708,0.00901390376286382,0.0292730949464548,-0.0458349318473326,0.00850815013603538,-0.167731861563539,-0.0367204979710631,0.105440079066295,0.0289456027902784,0.00707623612791995,-0.0673353402615483,-0.00356168151631698,0.000301598563072896,0.00514148926088518,0.0222665511080516,-0.0525463436910133,-0.141823213035449,0.0195209140321508,0.0744284722148794,-0.00235005127402356,-0.00716512435220532,0.000876865454343846,-0.0273129359105699,0.00431119609817962
"Amz_Total_negative_sent_score",-0.179282201233025,-0.107537930751646,-0.0859082875761414,0.0376207025507828,0.0824671239970377,-0.0194460003389026,0.092675014773476,0.0518264194942277,-0.0241677187997514,0.0221772844320446,-0.074943241845979,0.12595198909954,-0.0700605687399692,0.0821888367276324,0.0148697283435504,0.00779100082437353,0.171557025637243,0.0353122419274726,-0.132478416545124,-0.00759540883396082,-0.145309082095776,-0.127378109755843,0.1113949324816,0.122291383898626,0.0536668153322576,-0.0450020528764067,-0.0381675498884619,-0.0705634984022926,-0.0623599569219939,-0.0320486363928639,0.233372628823916,-0.0943026151509834,0.262732262034107,0.117177581698515,-0.0215693409638907,0.320191925811539,-0.119611961795275,-0.352970591133788,0.000512718175674083,0.00629112991873446,-0.0970091888883853,-0.385384977084453,0.0735376370896228,0.450602113958649,0.00353332007064987,-0.0365027912042392,-0.00278520403986252,0.00136239779504778,0.0194668673857026,-0.0160470467514566,-0.0582414468666856,0.0182252392397576,0.0216807019976196,0.0215140536984346,0.0314689115506861,-0.00572645810731116,-0.0241857775557669,0.00388328174674057,0.00590374842969849,-0.000769019430518654,0.0496372226695126,-0.0101916495362747
"reviews_1_M",0.156377151427314,0.107270205269419,-0.00863647513783358,0.0252518406511253,-0.0159029032264774,-0.0310442168115072,-0.014577478555997,0.000891061080237664,0.118819340791655,0.0363258069044112,0.158368865316693,0.113819999757723,-0.0296919104631765,0.432963193483918,0.143954529879213,0.189432412796374,0.339145919512973,0.193214741016398,-0.546492369827459,-0.0525393393039663,-0.0945249199656782,0.029869423396679,0.251874717623756,-0.284939810153716,-0.0217605005585524,-0.0102244155467457,0.0587828339648011,0.0708641863225218,0.108652713087959,0.0405174598357292,-0.0341269114677922,0.0373425978567634,-0.049740157727382,0.0308775939083894,-0.0644350915942148,-0.104439520755631,0.00785386304581643,0.0567216850503777,0.00528639245996156,0.0144722859022521,0.0187967021244359,0.0434588762584267,-0.00887574880177708,-0.0753493756760999,0.00241956140999611,-0.00519321525051854,-0.00190726344603945,-0.00143887832726414,0.00269321009646234,-0.00366298050973239,0.00521819536074218,0.00227784894965129,0.00399752457316129,-0.00423046232715452,0.00321934807611481,-0.00472174610608735,-0.00547393292282563,-0.000156540198043868,0.00114210441547968,-7.75028862927281e-05,0.000106720799163037,-0.000192896712745381
"reviews_2_M",0.182489757634305,0.0968803546100688,-0.0250279389919386,0.0115839437647093,-0.0293777289760787,-0.0296659787578122,-0.0749699870657947,-0.0160042631398996,0.127148998762813,-0.00216219009464819,0.171423712101025,0.0379497369853307,0.0215063127238839,0.241283836151094,0.0160918992100282,0.0750918100946129,0.0948596038752595,-0.0255376324335247,-0.0646729801430595,0.00976466187063221,0.0487273195487097,-0.132396776943834,-0.395762479049814,0.170857486286584,0.0634401833388962,-0.119668600162488,-0.303133700577178,-0.215861613313843,-0.604682551518036,-0.120638487248976,-0.0189221550609875,0.118205079923887,-0.137181706883899,-0.0732984548778527,0.0994949534897678,0.150707655809763,0.00353485768589051,0.0398087179139062,-0.0117583752117161,-0.0642765155436245,0.0243768559855814,0.0329945808270524,-0.00801783735621711,0.00636255502755256,-0.00557665343612489,0.0153155235147063,0.0043958988624908,0.00253650239572147,-0.0097449831540678,0.015373966027922,0.0152547527924534,-0.0112581472297561,-0.0134391026124695,-0.000994137191164632,-0.000124591696436749,0.00722858055651499,0.0139010490954932,-0.0158665909712322,-0.00289707202927626,0.000111041399976426,-0.0142985309012723,0.00384564255715709
"reviews_3_M",0.187749889768549,0.080021981659546,-0.0478690850791363,0.0146524923548859,-0.0336639668904216,-0.0170806486462203,-0.139259555268146,0.00521416701845244,0.0555698959990227,-0.033384122075347,0.134422295865119,-0.00440596378233587,0.0372010761985204,0.159735656812753,0.0123707906307993,0.0673524936743987,-0.00518521587976502,-0.0732795849682943,0.0123091878102157,-0.0233374145852926,0.0350592763633294,-0.116405195117461,-0.347951988655673,0.16588304887027,0.0853807848246345,-0.069958469048472,0.237963743496351,0.0392025945722201,0.563839643865066,-0.0435325423707868,0.0311730010364792,-0.1762548578108,-0.102300204373693,-0.16171337845035,0.263557160269087,0.315286213219672,-0.0831455446370448,-0.0544140494297464,-0.00413752247122565,-0.18055417355543,0.157939292651506,-0.110529949281271,0.0134787779060269,-0.0455529587482556,-0.00496120478883359,0.0125074114599131,0.0039107602324096,0.00223544490251617,-0.00874504453622663,0.0173912506503921,0.0170800916311043,-0.0123493086576709,-0.0155771835811094,0.000636467687088173,0.00485775616068078,0.00556215217202976,0.0104245634712262,-0.0213003541875614,-0.00237466143745154,5.56917626431293e-05,-0.012676283904605,0.003849442495808
"reviews_6_M",0.192380271812573,0.0613777149335059,-0.0625061629162729,0.0184169774838011,-0.0553522448051401,-0.000516136796415224,-0.12077067164377,-0.0350963140888644,0.0601210340745803,-0.0322531319325354,0.129294835370626,-0.0814677596380396,0.0826853397171466,0.0358995242558018,-0.0409116876661094,-0.0217770238443388,-0.0448984479966878,-0.0140442820908373,0.0259243972647316,-0.0708366515521595,0.00343805667039973,-0.0396854885871769,-0.135023867823276,0.0199173041364235,-0.112712556360907,-0.000364308122438109,0.002947780036772,0.141234123444557,0.0848810851669096,-0.00579234128831429,0.0708270933509439,-0.0909283420293574,-0.174997941375849,-0.0140209591588732,0.00655877132087236,-0.303588345971187,-0.0170025518689087,-0.325287965229963,0.0125272010915417,0.239426863936259,-0.559204882055106,0.182313643268504,-0.0191008167589145,0.348419084258286,-0.041370117727252,0.110131552516552,0.0326107504332503,0.0208026995862724,-0.0633691521871231,0.0817111833775082,0.0321585237554173,-0.0591755358572934,-0.0743287445227318,0.0124362956424327,-0.039376387054242,0.0661361621223907,0.108089656094119,-0.0482847881107378,-0.021691925643257,0.00116776156837459,-0.0720601235287552,0.0184683235999208
"Avg_wt_score",0.00811128389331425,0.0119227978022568,-0.0635112417871101,0.357621330063738,0.325426504074529,-0.0517969561936058,0.0640762811033485,-0.00352688316999171,-0.048329544359133,-0.00791750710978851,-0.0437200558523272,0.0269386902595491,-0.00850964688475262,-0.0208028542781655,-0.0149543144862551,-0.0307054212470686,0.0558426883321833,-0.016188373839111,-0.0464968168100099,-0.112476814223124,0.32791048724594,0.117988697022445,-0.216697709372142,-0.155422934402713,0.176524594574928,0.095167709323664,-0.0249157868765394,0.140354435894538,0.00971907549687625,0.0247980828769564,-0.0609344215160532,0.0340427847767519,-0.00099295667519965,0.0230427982365678,-0.056561746316207,-0.0445838392856558,0.0204969474243275,0.050129689975552,0.00289032910411063,0.0308407119169537,0.033995508098145,-0.0958743222954029,0.016668356506734,0.122508312684349,0.00827296315214995,0.0506208684506996,-0.00652131421227247,0.00456387639214538,-0.0599041417235004,-0.0570303476074821,0.158897307870044,-0.11937733471719,0.381184246777375,0.413628306333997,-0.0133401539665965,-0.216699578628321,0.0460843682033534,-0.0161745358912129,0.0584247862601865,0.00115989247162193,-0.134069443080709,-0.000116989314599925
"Tot_wt_score",-0.00265177807729167,-0.0418630942366163,-0.186967535783025,0.331322642859322,0.261281843689261,-0.0523401325309705,0.0624375026260205,0.012373819486739,-0.0233171386228669,-0.00113146387652817,-0.037860428524663,0.0804207995699405,-0.0353429706969755,0.0101202257269978,0.123847679594145,0.0551452407283412,-0.11714243211364,0.0569984490640525,0.0786534514918684,-0.145635583854789,-0.233323150430853,-0.134221967535245,0.0405571557103854,0.0810104053276179,-0.372243116525329,-0.162894728057224,0.0655841964186269,-0.211766128207869,0.0353312969316651,-0.0138719621632152,0.0202446784508289,-0.0411011922289596,-0.128578597843294,0.0457303922062215,-0.0504292800475254,0.0602067517978543,0.00340014225320396,0.18615480641303,0.0201838978043637,0.056611116515381,-0.102323189706459,0.00622373119401734,0.00659448759166577,-0.112156569913241,4.37392016861813e-05,-0.0626680719556582,-3.447822411228e-05,-0.00129296746509679,0.0612792500080716,0.0522663561915479,0.0305301893195824,-0.0694035130737614,-0.183452857823914,-0.0890649335700296,0.0417359904516823,-0.391085825265257,0.293626132241712,-0.0519133913828049,0.133789147799828,0.00139446834959492,-0.021289183525782,-0.0393500937751226
"pos_avg_wt_score",0.0218738452848195,0.0906056357594914,0.136209924371867,0.292031551115464,0.331589138870406,-0.0328164141060232,0.0404423123677857,-0.021014661149488,-0.0564318127467309,-0.0173010135207175,-0.0217421213378664,-0.0311119335242254,0.0292836134665491,-0.0345780890070442,-0.0774226345207486,-0.0694815841536832,0.0764316133143897,-0.0125173605170377,-0.0705038835405969,-0.131567792895534,0.323375445483157,0.0899451428910117,-0.127857024222545,-0.180448668363793,0.102578753613666,0.021125723792674,-0.00941402697069343,-0.0394128699352045,-0.00365259245449784,-0.0126501957939716,0.15168760830207,-0.0801987137447654,0.0719947815650452,-0.040533766905352,0.128074539243081,-0.0746566441988267,0.0293663543787309,0.119591903914883,0.0181188769213411,0.0757976999137074,-0.0718480184296026,-0.128338515452666,0.0300149443371019,0.012841961929243,0.00376134756409981,-0.058054013567973,-0.00296495087381973,-0.0116916387124535,0.0728371099730776,-0.0145683205435656,-0.174551471972307,0.163184164352585,-0.307404161589663,-0.460860171586415,-0.0427665358389501,0.204340607630177,-0.0433088827100789,0.117265086186365,-0.0557707085795992,-0.000918483267035053,0.127925430412693,-0.00593394178373435
"Pos_tot_wt_score",0.0273270135515155,0.128604093259629,0.24356271547451,0.196179861348937,0.277907261724264,-0.00974017223472624,0.014588339786118,-0.0247404761894081,-0.0442609296722352,-0.02077236435538,0.00612401546424539,-0.0483376837744841,0.0415827366828252,-0.0278552777764861,-0.035320510809006,-0.0427402779928755,-0.0342197012233263,0.053373966359448,0.00606433973469956,-0.154377138359482,-0.222418955699456,-0.098651352741387,0.0652349551789896,0.111038101065457,-0.364015723464217,-0.118813418771335,0.084317079193266,-0.0698298750951264,0.0165313262424088,0.0146238149736357,-0.360658290332029,0.189473625856066,-0.110271025181553,-0.0536897477060312,0.0212198599923717,0.0359623522261911,-0.0121394517053224,-0.119895570233429,-0.0187993642187281,-0.0730614693174725,0.0857769506945266,0.0256921948409893,-0.0124339621713635,0.147779414646891,0.0152679076020932,0.0395949583996498,-0.0120352068546823,-0.00879088388939091,-0.0453920634189986,-0.0911415685212074,0.015189713293508,0.0895335094158812,0.220741970414023,0.0315336532439112,-0.0465307927745628,0.342663240353896,-0.296847674894552,0.0799399917242716,-0.121590349548583,-0.00158246754884645,0.00122353290488032,0.0375698528880976
"Neg_avg_wt_score",-0.0237182802923889,-0.13575392816699,-0.345000467577178,0.114792180330571,-0.00919524077952301,-0.0329898897935415,0.0410761051461635,0.0301683184360402,0.0137704557754299,0.0161608807163724,-0.0381276185921144,0.100314821330009,-0.0652689387301783,0.0236839370759983,0.107754208720361,0.06679172707459,-0.0352891712276117,-0.00640788309619246,0.0412302885427317,0.0324528514535777,0.00927997381022332,0.0489258641388978,-0.154299069883658,0.0425060210826354,0.128412590983605,0.128218165669205,-0.0268664342095979,0.310900441173328,0.0231225771439012,0.0647456494102853,-0.367255970764822,0.197331854461237,-0.125981384778714,0.109835350602831,-0.318933149754272,0.0517082386846869,-0.015217823254339,-0.119669874363491,-0.0262717021465502,-0.0774592446339086,0.182836728097948,0.0556085880711584,-0.0229624054409755,0.189826998832148,0.0136669973149034,-0.0580398245090024,-0.0107732600991548,-0.0184949025299489,0.0331550990227297,0.0781050776244206,0.142200121559555,0.0304572821731653,-0.245760233529443,-0.323384657691958,0.118075193707392,0.0598595548929114,-0.0769375573385287,-0.150232880594866,-0.0249500063752554,-0.00203160707466968,-0.00619486885132913,0.0227340232432048
"Neg_tot_wt_score",-0.0235510270452706,-0.135048899892162,-0.344510526745862,0.119660191595968,-0.00195937803482864,-0.0355182667290893,0.0400489852652567,0.0295406970754912,0.0153897953581986,0.0153084793832198,-0.035988956282663,0.104067927491692,-0.0616377969018393,0.030118819355736,0.129678628278653,0.0788619269964681,-0.0697826380157389,0.00524201357065016,0.0600771015377145,0.000681453453229296,-0.0183834502653683,-0.0334818909894962,-0.0175808421919625,-0.0200545080026033,-0.0221600009752387,-0.0413474310254403,-0.0118753944094449,-0.119920381135941,0.0161915601220215,-0.0228655851637696,0.298665223851136,-0.182012001233162,-0.0197463067795384,0.079663993719532,-0.0581497018960039,0.0214992957834176,0.0122933251143168,0.247151306742708,0.0313319311814722,0.103776653706321,-0.151389724446258,-0.0149585092685307,0.0151560573516393,-0.20797021124175,-0.0129976234518605,0.111631790580963,0.0102456139334362,0.00276925958080689,-0.117905095257839,0.0725015982623063,0.208354727093746,-0.0140891736823532,0.107763974172451,0.0712842965717006,0.0721690192823463,0.456589070967668,-0.349152349311843,-0.18342029828914,-0.167175132425463,-0.00252605769220332,-0.0847634421311998,0.0827008119993903
"Amz_No_of_images",0.154402254285941,-0.146310657483704,-0.00630903925746011,-0.163837547211131,0.16648815941482,-0.0382269571353768,0.0278485753419351,-0.0135094400141115,0.00707503724583513,-0.014827707196615,-0.0207493380708548,-0.0525652356860343,-0.086466138075901,-0.038875696730483,-0.0583610932088416,0.02598734673948,-0.0280973196146489,0.201796688994679,-0.0160961757355754,-0.00815791552223776,-0.0111988530507062,0.26944677616374,0.00380675750196866,0.0918188694889248,0.0135426353835897,-0.300521523684645,-0.326888403909534,0.0516110930072416,0.167489833809499,-0.0295136544543502,0.0267647473823064,0.0411816608871878,-0.0104520430214842,0.0671292374179134,0.0326132563257983,0.0325816543685584,0.128956934426469,-0.0119298368614544,-0.0566367285979478,-0.00842926707369946,-0.00330731167783717,-0.00373828400004293,-0.00466410017942251,0.000453602528182429,-0.000366816319881251,-0.00278340782806132,0.000289149659697485,-0.00042326716805951,-0.00135543853410718,-0.00720944108441254,0.00228034548136486,0.00969127246121573,0.00562219984475242,0.00297947961253984,-0.00190589254193196,0.0773303796959039,0.0119560422987586,0.0243098646332368,0.405147264691371,0.00866946840886453,0.0743304436099252,0.568626782494021
"Amz_Not_User_Gen_images",0.154402254285941,-0.146310657483704,-0.00630903925746012,-0.163837547211131,0.16648815941482,-0.0382269571353768,0.0278485753419352,-0.0135094400141115,0.00707503724583514,-0.0148277071966149,-0.0207493380708548,-0.0525652356860343,-0.086466138075901,-0.0388756967304831,-0.0583610932088416,0.0259873467394801,-0.0280973196146489,0.201796688994679,-0.0160961757355754,-0.00815791552223765,-0.0111988530507062,0.26944677616374,0.00380675750196861,0.0918188694889249,0.0135426353835897,-0.300521523684646,-0.326888403909535,0.0516110930072417,0.167489833809499,-0.0295136544543501,0.0267647473823066,0.0411816608871881,-0.0104520430214843,0.0671292374179139,0.0326132563257986,0.0325816543685595,0.128956934426473,-0.0119298368614557,-0.0566367285979513,-0.00842926707369978,-0.00330731167783739,-0.00373828400004566,-0.00466410017942044,0.000453602528184157,0.000366816319884304,0.00278340782806189,-0.000289149659698607,0.000423267168060029,0.0013554385341079,0.0072094410844139,-0.00228034548136504,-0.00969127246121622,-0.00562219984475251,-0.00297947961254101,0.00190589254193124,-0.0773303796959036,-0.0119560422987585,-0.0243098646332358,-0.405147264691369,-0.00866946840886489,-0.0743304436099244,-0.56862678249402
"kohls_Number_of_images",0.039336218808475,0.0275138213820975,-0.0942719004813226,-0.20176700728147,0.174480863358255,-0.0672428121530703,0.13423810133893,-0.0389683034702976,-0.16806781898464,-0.158832261424426,0.389710821303426,-0.2630421948885,-0.0798802833035168,-0.458690141305499,0.345705691755075,0.273999671992873,0.422377331970297,-0.0458885753671856,0.0769618843464663,-0.0186458897351732,-0.0201378616652321,-0.0917233497390608,-0.0345972482744029,-0.00367716799970587,0.0040623386555207,0.0424687671878411,0.0660017001669726,-0.0155755644159531,-0.0259469549180819,0.0328286982005832,0.0250983875917717,0.0289395829765026,-0.00261547961610706,-0.0148269022363247,-0.00775265382328319,-0.0037738105469174,-0.0118952665191066,-0.00102843733093356,0.027283305621105,0.00117141188203592,0.00191681488301268,0.00101329607504142,0.00702051069023353,0.000121890033342321,4.51895465491958e-15,4.8919202022546e-16,2.05022630817009e-15,-8.11850586757146e-16,1.17961196366423e-16,-9.22872889219661e-16,6.24500451351651e-17,-8.08381139805192e-16,-9.95731275210687e-16,6.24500451351651e-16,4.64905891561784e-16,6.00214322687975e-16,3.95516952522712e-16,-7.04297731246584e-16,-1.15359111152458e-16,-1.55257751099924e-16,-2.4980018054066e-16,-9.62771529167128e-17
