"","PC1","PC2","PC3","PC4","PC5","PC6","PC7","PC8","PC9","PC10","PC11","PC12","PC13","PC14","PC15","PC16","PC17","PC18","PC19","PC20","PC21","PC22","PC23","PC24","PC25","PC26","PC27","PC28","PC29","PC30","PC31","PC32","PC33","PC34","PC35","PC36","PC37","PC38","PC39","PC40","PC41","PC42","PC43","PC44","PC45","PC46","PC47","PC48","PC49","PC50","PC51","PC52","PC53","PC54","PC55","PC56","PC57","PC58","PC59","PC60"
"kohl_Regular_price",0.148215719391245,-0.0476237621004183,-0.0349419497827103,-0.121156688648737,0.227974123824599,0.168055295813843,0.00479940502084135,-0.0744102090512353,0.0459404139568338,-0.162147378309946,0.113910211180652,-0.0752422269200594,0.0416322001524669,-0.0509888248126077,0.00940705370089469,-0.0269137795442428,0.0177238840918069,-0.00950554415441861,0.110261333281327,-0.0608179291719733,-0.0403620990166313,0.0792229725415701,-0.0092946599036029,-0.0238774334638944,-0.0772423462729836,0.00523370684667412,0.369054677003478,-0.222064974443024,-0.0310515445002107,-0.0788115181831983,-0.0743146503950947,0.00391761976448441,0.0118727299350305,0.118038983267593,0.032584739990223,0.013851812387474,0.0101349848404144,0.00666654480970787,0.00419288549364984,0.00202740714142691,0.00427891998891987,0.000799744884916513,0.00245907581311706,0.00131189469166101,0.220389801386042,0,0,0.727162343364625,0,0,0,0,0,0,0,0,0,0,0,0
"kohl_disc_perc",0.0345305600463519,0.18501524006585,0.119098942373292,0.214431969799759,0.234920575671913,0.263689590077075,0.0207622628467096,-0.134645322522515,0.0731798862920525,-0.0896655903051338,0.133719924538908,-0.0967818623148299,-0.0761324970391926,0.0336918829141067,0.056616361244224,-0.00912055381870569,-0.0113551433113666,0.00475450769436574,-0.0420294210171014,-0.018046888193178,0.00834516554262509,0.194313289162129,-0.0916763581929284,-0.308976122503634,-0.273650801407072,-0.0290620011348676,-0.187470950950776,0.414975498556361,-0.456868378212203,-0.224557591742393,0.103077987442122,-0.00961782399338092,-0.0125860652712728,-0.0956104141905651,-0.0547393101294878,-0.0208885017632192,-0.0185205782381832,0.000177683637480958,-0.014636312438402,-0.000950565626498788,-0.00363679469254797,-0.00451273071818704,-0.00695883362783965,-0.00139699128187979,-3.46821242133005e-06,8.97892871165595e-15,2.67407623821825e-15,-6.10622663543836e-16,-7.02563007770607e-16,2.62984078958084e-15,1.45716771982052e-16,8.81239525796218e-16,6.10622663543836e-16,-5.41233724504764e-16,-1.79110198894605e-16,-1.70002900645727e-16,-1.12926418778754e-17,7.01974647674928e-17,7.82898258129856e-18,-1.02695629777827e-15
"kohl_markdown_price",0.0309182262831988,0.173664618562728,0.0961917158885502,0.137181890957701,0.285783170528223,0.307676326051403,0.0405704398669142,-0.126564291598158,-0.0221538065684524,-0.0667033212790231,0.0992163269206646,-0.102899030348737,-0.0471631077943261,-0.177998071241232,-0.0392795286844141,0.042888458951515,0.118485590933509,-0.025241440975584,0.100400719973655,0.00402707359738621,-0.0627573819751846,-0.714294666065044,0.190888714184432,0.206086633887361,0.170837704974008,0.0071058326781352,-0.167199281458582,0.0207602153905151,0.0484065324052033,0.0591474954828083,0.049729314028039,-0.0100688353233124,-0.00236541161503729,0.00284435098333431,-0.013771437310216,-0.00384945283055197,-0.00273205740358558,-0.00532428957894751,0.00100912096087324,-0.00313209406742551,-0.00272664841022763,0.000480306271258851,-0.000113694986177304,-0.000638147118202823,9.55818869524672e-07,-2.14187497080908e-15,-1.68872385112925e-15,-3.33066907387547e-16,-1.45216839922469e-15,1.04314795993086e-16,6.21105616281095e-16,2.3612579932854e-16,5.16268984595911e-16,3.45180659513619e-16,-7.04564314318605e-17,2.51231016387176e-16,-5.69413672120285e-18,-4.46967271066921e-18,-3.20927010493243e-18,3.39727782814363e-16
"kohl_final_price",0.121998110477607,-0.179412329535648,-0.10850726314507,-0.256157386779102,0.0518282827640478,-0.00549979886992202,-0.00922126712340427,0.0183014665661104,0.000454162068125208,-0.1288753067384,0.0428699464006084,-0.00698203278348436,0.110838320770672,-0.0555733306201633,-0.00431072623537068,-1.69146872332597e-05,0.0334456260137398,-0.00497050842442699,0.116041423423562,-0.074051223350393,-0.0522939651646367,0.0134547597398817,-0.0501992123588633,0.0561442672942599,0.0318779871688634,-0.00757817541682744,-0.125560297810372,0.176463661945151,-0.00408809630499914,0.0235116194350392,0.033311862937305,0.000635212522661128,-0.00774860104003437,-0.0642682293137801,-0.0175631146500089,-0.00761442451844011,-0.00680719543326461,-0.00356313652369111,-0.00276489738028522,-0.00128452489237467,-0.00188960370594904,-0.000677819793386333,-0.00163767774388936,-0.000686593988374206,-0.109855656373637,0.159671168914952,0.0243497092739746,-1.4255263636187e-13,-0.199441048175521,-0.0371465645974174,-0.274186717896557,0.633600420181751,-0.422112036079714,0.0899682245227115,-0.11096858980192,-0.0256668381690792,4.97858431584441e-16,2.73548977496477e-16,1.76566764126927e-16,-0.0188720897953367
"amazon_Regular_price",0.0667972791560228,-0.162021864103767,-0.0477009391081378,0.220935563163232,0.239660304917372,-0.202760842042826,0.0352052318804997,0.0387364510372888,-0.13932782025297,0.155284394696808,-0.0988022384580245,-0.211993006894874,0.237512389844812,-0.0620522376954431,-0.0291261819271195,-0.0652849322269454,0.179285276420306,0.311304643775039,0.044092445401318,0.0799213275447128,0.0554095528596197,-0.0073356437311214,-0.00959577237632717,-0.100449558856785,-0.0309636266852924,-0.0214984494883844,-0.0101417842501906,-0.00638415224682111,0.0141381015089974,0.00483976909436897,0.00603714644116218,0.000299166581973502,0.00387409160533433,0.0277532016040924,0.00174231048859109,0.00160317722451362,0.000925766688219317,-0.000667018680526556,0.000760603105301374,-9.82070760694175e-05,-1.8025878846884e-05,-4.77312163217784e-05,1.21894568348687e-05,8.4955999554032e-05,1.58631909556034e-06,0.0591214180565556,-0.0101891775636642,-5.09314812546791e-15,0.00283096184016996,0.00339712157285571,0.0516171933893775,0.011127186608563,0.0502739836053282,0.488021247261525,0.0900722647493992,0.22485408674972,-5.87892121685366e-17,8.06939160056315e-17,-1.43179836985323e-16,0.440713683088055
"amazon_Shipping",-0.165485721359951,-0.0127599282798844,0.0278173424405846,0.00631271928476085,-0.100772896539521,-0.0243892186061014,0.0445012186478927,0.0314315450412329,-0.0312742627798195,0.0714040780071227,-0.0106369620006069,-0.00467469680178434,-0.373269030415093,-0.416890662648046,-0.115322128930817,-0.102139275896903,-0.00957825709690639,-0.0242005067388019,0.593910846941046,0.0669279398125334,0.0408114701703319,0.0245513162638219,-0.237045998569259,-0.355053012295145,0.194388540893952,-0.17738768444899,-0.00982836681403302,-0.0501421399360919,0.0137649119654387,0.00562806204971502,0.0127804363691814,0.000140526433774915,0.00921010715972714,-0.00900969153383857,0.00245411108179612,0.00332925118555485,-0.000159563861901356,-0.00146993462246318,-0.00244016160142483,0.000244635103165148,-0.000246636256721068,0.000433117805275451,-5.14651447434614e-05,-0.000150015186850701,1.44356219836453e-06,-1.99948564649777e-15,1.36175792864179e-16,6.24500451351651e-16,-3.11816544806831e-16,2.27134934124851e-15,-5.70290342727375e-16,-5.21718085400025e-16,4.61002763740836e-16,-4.09394740330526e-16,1.14058068545475e-16,-1.90819582357449e-17,1.01756400140273e-17,-3.59159997523255e-18,-6.70212311226211e-18,2.42861286636753e-16
"amazon_markdown_price",0.0595262921331492,-0.172227465428357,-0.0340470572922645,0.248236323446178,0.204222814316394,-0.142854531278103,-0.00322757102433644,0.0265333054620245,-0.0837910805881626,0.0883970955323248,-0.131196200280953,-0.174706271357177,0.188356624180878,0.0112057410178983,-0.215076810862999,0.0714999376732452,-0.336146660984916,-0.749674804829213,0.0732183546054634,0.0437747252637548,0.0244468348969894,-0.00802156321474881,-0.0206782649814519,0.016146848391495,0.0167179508478795,-0.0164803818923948,0.049817504485907,0.068187411196883,-0.0124843401247171,-0.0123369035799833,0.00207364796795965,0.00180393813831173,-9.84445448941323e-05,0.00176167260780088,-0.00197962863120771,-0.000893877821092797,-0.000898526246122466,-0.000197126895959128,-0.000406102145639377,-0.000123902626152356,0.000144805960238652,-9.77712634864976e-05,-0.000100796446833288,1.85921784822318e-05,-2.5181816173947e-08,-3.26778534787131e-16,-2.48336507607805e-16,-5.27355936696949e-16,-2.89265139619133e-16,-4.25224092048815e-16,-5.07406616723216e-17,4.06792655116561e-16,1.64365049348802e-16,1.97758476261356e-16,-3.81910215258019e-17,-7.04731412115578e-17,-7.19225826654499e-18,-2.92506641730522e-18,1.8811178257033e-17,5.63785129692462e-18
"amazon_final_price",0.0667972791560228,-0.162021864103767,-0.0477009391081377,0.220935563163232,0.239660304917372,-0.202760842042827,0.0352052318804994,0.0387364510372886,-0.13932782025297,0.155284394696808,-0.0988022384580244,-0.211993006894874,0.237512389844812,-0.0620522376954429,-0.0291261819271196,-0.0652849322269454,0.179285276420306,0.311304643775039,0.0440924454013178,0.079921327544714,0.0554095528596192,-0.00733564373112214,-0.00959577237632741,-0.100449558856784,-0.0309636266852919,-0.0214984494883846,-0.0101417842501901,-0.00638415224682196,0.0141381015089985,0.00483976909436748,0.00603714644116164,0.000299166581972229,0.00387409160533384,0.027753201604091,0.00174231048858682,0.00160317722451532,0.000925766688216082,-0.000667018680526413,0.000760603105297006,-9.82070760662605e-05,-1.80258788440112e-05,-4.77312163299284e-05,1.21894568169443e-05,8.49559995697197e-05,1.58631905951973e-06,-0.059121418056556,0.010189177563665,5.80091530366644e-15,-0.00283096184017029,-0.00339712157285497,-0.0516171933893773,-0.0111271866085634,-0.0502739836053283,-0.488021247261525,-0.0900722647493992,-0.22485408674972,4.69160212253275e-17,-7.00950667336721e-17,1.14927867962225e-16,-0.440713683088055
"Target_Regular_price",0.0988884685338482,0.113341393067328,-0.0720898452409925,-0.135956297904471,0.259513720038685,-0.201103815838241,-0.073697353265978,-0.0323048246046394,-0.0294357506668665,-0.379067013649891,0.0361848523763968,0.101137296160754,-0.0285150867120797,-0.0181101268307864,0.00896135502393609,-0.101407615225001,-0.0290213911626636,-0.00423347175439356,0.0751870745188075,0.191170745774157,0.141081546468143,0.0328817265365622,0.0345253402811112,0.0140939074449824,-0.0167542767821469,0.0081576180924259,0.0586318996530881,0.00655016974352907,0.0281047968860811,0.00482843945064616,-0.0151229957091879,0.00545475152208881,-0.00175056409331062,0.0126459864558949,0.00505978165172342,0.00118888618675128,0.00209134289465082,-0.000159074761723912,0.00149846841416823,0.000101871085498734,0.00102548915495107,0.000429655731251393,0.000865470314843748,0.000337502501299456,0.673926311275123,-4.93494134445882e-14,6.73162046938014e-13,-0.383558555103832,4.0960030506243e-13,-8.73418416584559e-13,-3.75399364371809e-13,1.10621581339565e-13,3.44313987044043e-13,-6.9200201124886e-13,-1.8187187866836e-13,1.00724983909117e-13,-2.91967662552906e-18,1.84698430630072e-16,6.36988163675464e-17,7.48012762841199e-13
"Target_disc_perc",0.0110570874114416,-0.0706847254546089,-0.0140375823574035,-0.0196105158406839,-0.101669262582987,-0.0719560069668293,-0.180696524204336,-0.63303133552533,-0.208467250268786,0.0570243929980241,0.014497381215651,0.00154109780413231,-0.0104200811025147,-0.00904152798331527,0.00246403371241195,0.00661484713386869,-0.00643612437852925,-0.000385466223467665,0.0119339848050266,-0.409399773449706,0.573314380841144,-0.0358018343631082,0.0104367892046149,-0.000884088222248103,0.00239228487126004,0.000961646781362598,0.00843202149761799,0.00477397946383754,0.00980799941008619,0.00616583947117098,-0.00248988939106495,0.000908752624193745,-0.000529169731074794,-0.00308520490761964,0.000464380596942753,-4.35849051819088e-05,0.000123881589038041,-0.000168882981403844,0.000198258241020623,-5.85699548131879e-06,6.59634991489476e-05,7.72227762490984e-05,8.61357721567703e-05,7.08403885418051e-06,-0.0108431032844711,3.46077333457373e-16,-9.3271744494583e-15,-1.12410081243297e-14,-5.54390517867875e-15,1.19312925424969e-14,5.19202736359858e-15,-1.54443244217844e-15,-4.74273398332059e-15,9.47159017883337e-15,2.51795112538034e-15,-1.54563861709534e-15,2.35047902244278e-18,-1.43063624686682e-19,-1.02112745519523e-17,-1.04222186436687e-14
"Target_markdown_price",0.012133959265912,-0.0760948904477908,-0.0148363651807934,-0.020756077339976,-0.106423183768831,-0.0728505055879679,-0.18375678558558,-0.629037637912526,-0.203562664719057,0.0558146801262707,0.0193946710187954,0.00364717499349898,-0.0139946492064544,-0.000955455422910312,-0.0086050264639921,0.00689565142127468,0.00407276796392662,0.00185332099453758,-0.0138577991748167,0.408925397083721,-0.575331676696718,0.0563497505022514,-0.0190487737900482,0.00175422129502727,-0.00328980314014649,-0.0037896308414313,-0.00544841346886321,0.000600962354795967,0.00478907761606592,0.00125305836717797,0.00122614010595787,-0.000652095495073896,0.000232213025976954,0.000876170776563129,-4.55342173477915e-05,7.8210207635506e-05,-0.000333166045580534,-0.000200185230365855,-0.000119199267840358,-1.93807088486904e-06,2.09806738338019e-05,-2.79577097952488e-05,-2.01891853012241e-06,1.57061193971536e-05,0.000293496555034335,4.11996825544492e-17,2.71267383555873e-16,4.16333634234434e-16,3.13009167196565e-16,-2.82028090117792e-16,-3.72965547335014e-17,-2.94902990916057e-17,2.53703308361608e-16,1.38777878078145e-17,3.38271077815477e-17,1.29236898960272e-16,-1.65268692443806e-17,1.26535182189404e-18,-1.74474368081627e-17,3.53883589099269e-16
"Target_final_price",0.0987329661315192,0.114273381537753,-0.0718967060111287,-0.135683510648057,0.2608474970006,-0.200126786864318,-0.0712808797407861,-0.0238493652603392,-0.0266485847004856,-0.379795478433817,0.0359930052514794,0.101109600874115,-0.0283756901206951,-0.0179803788439833,0.00891590068208098,-0.101486981802295,-0.0289220854717723,-0.00422919904048774,0.0750150064025584,0.196925393257402,0.132990618379962,0.0333909053239109,0.0343721310692524,0.0141004510750837,-0.0167863832245739,0.0081488325204549,0.0585029719270919,0.00647885933367068,0.0279664912415703,0.00474751765671519,-0.0150902953112564,0.00544587845740041,-0.00175591105035846,0.0127261559821945,0.00505089331392324,0.00119750485642524,0.00209772047928273,-0.000161971036397925,0.00152350384126791,5.19059886582349e-05,0.00101127454751051,0.000461260475226994,0.000914827929687909,0.000194572911428189,-0.591418486420736,-0.29932439984069,-0.0357348298255239,-6.07069949865036e-13,0.381485725563531,0.00982546421247514,0.0541861941846676,0.00409334540174722,0.014669060101217,0.0741502550366217,0.0253372603317288,0.0255725800423849,7.25031286066243e-17,-1.26747017057331e-16,-8.28299886776778e-17,-0.0716567668710383
"kohl_pdt_desc_length",0.0139533539477603,0.0120647742155657,0.0374795048900515,0.00215580143900979,0.0452892004940752,0.252007058813147,0.255676797805826,0.0499566381916968,-0.488764745114099,-0.0478623568603897,-0.0535204566911418,0.402806482600297,0.186388872797491,-0.371752053154313,-0.130934785034211,0.33607077479612,-0.253693695247374,0.147954128331174,-0.188599823357054,0.0870937198713007,0.0694923203939224,0.103538080402804,-0.0651101363559182,0.0104528717598337,0.0213613610253371,-0.0553779402465703,0.0448606040271996,0.0196894381295807,0.00157340025182955,-0.0124952225233498,0.00750445343492893,-0.000534834373541346,0.00642998006520304,-0.000238655592346232,0.00251951441472842,0.00133173050513057,0.00169225111254023,-0.000362128040757242,0.000372479492322764,0.00139159355079021,0.000927453126918321,0.000197584094372194,0.000408331206989661,0.000428145451595128,-3.48512452120336e-06,5.55111512312578e-17,2.31585584042904e-16,3.88578058618805e-16,-3.88578058618805e-16,-6.63531729561129e-17,-9.54097911787244e-17,1.82688066063807e-16,-1.17527515497429e-16,-4.16333634234434e-17,-5.98479599211998e-17,-4.33680868994202e-17,3.00993815970181e-18,1.00258423705572e-18,-1.45186087642423e-18,-2.55004350968591e-16
"Target_pdt_desc_length",-0.0353885645634589,-0.0032543504792846,0.045649700273322,0.0525860037648489,-0.111957171777503,-0.18154737942047,-0.151662188285393,-0.0964335402029248,0.554945612559753,-0.0750863451467935,0.254134351203275,-0.201630107380928,0.165776166010272,-0.431875422371896,-0.219720078874742,0.227338873787043,-0.250972392135287,0.174236157089377,-0.240950192089121,0.0880905300048067,0.0689071107337715,-0.0124995473910681,-0.0784348422222057,0.0385866798155892,0.0709636665042148,-0.0586349496775771,0.0432651233644158,0.0325137543446453,0.00517434837002838,0.00522441006277559,0.00871180840819808,-0.000873712168498755,0.00617574941122209,0.00227727643451712,0.000838349705762483,-0.00108395862070056,0.00188829106542632,-0.00126228061460934,0.00081375394366938,0.000690958349729751,0.000694081687146867,0.000229369915305262,0.000220682389415787,0.000431048053579442,-2.7736388877736e-06,-1.16226472890446e-16,2.80157841370254e-16,2.22044604925031e-16,5.20417042793042e-17,6.82505267579625e-17,1.27502175484295e-16,-3.81639164714898e-17,7.19910242530375e-17,5.55111512312578e-17,5.20417042793042e-18,1.11022302462516e-16,-3.5498951692282e-19,-6.55568572560762e-18,-8.33912341350595e-18,-4.85722573273506e-17
"Price_diff_amazon_final_pr",0.079771167879339,-0.333196445881297,-0.0725823026742882,-0.0511565311663803,-0.0133288589387334,-0.0914036968696461,0.0104296658073392,0.0431144058848318,0.000732196433261556,-0.137415483482275,-0.00579014158445007,0.0694983322222768,-0.254303463220065,-0.0288786398335512,0.0125176570910255,0.121975926627762,-0.0476132165464762,-0.0464323026304326,-0.260494722817532,-0.0740935119170967,-0.0683715284001097,-0.304209599634579,0.0929396304245455,-0.490360889965279,-0.360688702377714,-0.0364507714125699,-0.142960396090802,-0.033453295372856,0.141559443062012,0.0858840270743495,0.0343040391970671,-0.00604303144679448,0.0333304429446512,0.389360201577824,0.0222238579067593,0.0236778578147074,0.011031627777626,-0.0108778092094378,0.0145750172689398,-0.00534425161848166,0.000659641329464962,-0.00144779314015429,-0.00171002904510833,0.001368162607124,1.32836434008771e-05,-4.1096683348063e-16,1.23887038865414e-16,1.12410081243297e-15,9.30191253883939e-16,1.55352618790017e-16,-1.36555263624549e-16,-2.67255835517677e-17,2.16352543519482e-16,-7.46906876625264e-16,-9.32474854709736e-16,-3.81856005149395e-16,-1.37441512814498e-17,-2.8322361886332e-17,3.54133237889647e-18,-2.15539391890118e-16
"Price_diff_target_final_pr",0.0721240287922788,-0.286903055723016,-0.0752423701136256,-0.201355601438564,-0.12192199605179,0.133123003175179,0.0390259228130941,0.0377638717955698,0.0190971412486137,0.115815172293622,0.0244393677330551,-0.0785332001150049,0.147819173723732,-0.0516683441224171,-0.0111937048760021,0.0707108656519264,0.058794141389776,-0.00279454586497527,0.0817727365673282,-0.222791009211404,-0.153097774167563,-0.00772822941734677,-0.0819466317055134,0.0550319829106454,0.0485253040564975,-0.014433737012368,-0.185823271541767,0.199339537869761,-0.0242136491107522,0.0238524303668261,0.0489996779683887,-0.00306164197244103,-0.00772759795006762,-0.0831135261222668,-0.0238094907418534,-0.00963094980180437,-0.00932581691100453,-0.00400333381845528,-0.00425586543441927,-0.00152008836795222,-0.00288771243263969,-0.00110450434764801,-0.00252946414210805,-0.000928775089816608,0.285275796530368,-0.429483325266418,-0.0512738472011353,3.07337488791859e-13,0.54737187494254,0.0140979921587779,0.0777486461985205,0.00587330533558169,0.0210477886677603,0.106393926185533,0.0363549741555439,0.0366926208425785,9.98900789761315e-17,1.29236112553592e-16,-3.96991980299844e-17,-0.102816163766362
"Price_diff_amazon_reg_pr",0.110113007913023,-0.226271992343237,0.00807881659894566,0.16431488896865,0.209277374756092,0.0599231629539661,0.0376567411759137,-0.0442283140791744,0.0381737869335292,-0.13099760482791,0.0479659266735114,-0.0448960383761224,-0.253019354033885,-0.0290216833206429,0.0196653414751064,0.0553334111229563,-0.0447750684643768,-0.00261668911415229,-0.124498968580188,-0.0693343155805044,-0.020300400415302,0.236811687214394,-0.0657600070247558,0.0705734142003864,0.0402567980887898,0.0752461086853894,-0.446920381919722,-0.554590384786962,0.0549645168155163,0.0340982570659753,0.0111207125460139,-0.0153985093021789,-0.0160471938383285,-0.398698118834578,-0.0184540663698299,-0.0145195084017346,-0.0067159432614545,0.0151631011523015,-0.0142099367736298,0.00795798002302796,-0.00515290511146952,0.00249737031399213,0.00257037789651495,-0.00243657456916559,-8.48661584019333e-06,1.41553435639707e-15,-1.82666382020358e-15,-6.24500451351651e-16,5.55111512312578e-17,4.04190569902596e-16,-4.33680868994202e-16,-3.36536354339501e-16,-5.20417042793042e-16,-1.04083408558608e-17,6.80011602582908e-16,-1.89084858881472e-16,1.70666873059746e-17,-1.18498406765158e-17,-3.51482984014694e-17,8.03176969377262e-16
"Price_diff_target_reg_pr",0.122687030103118,-0.137188525242842,0.00393844013677882,-0.0631521753857096,0.11634275464261,0.350138548487406,0.055781571732516,-0.0732768792178302,0.0785094327870761,0.0482808377192718,0.121114670646074,-0.1642423790519,0.0723864444508899,-0.0529249067660678,0.00597781600818728,0.0339445215224617,0.0421903707880672,-0.00928888963561608,0.0901774712048906,-0.206476222804404,-0.146602610873251,0.0790353676647169,-0.0351321712853307,-0.0399931018003818,-0.0873709950812765,0.00118885364738875,0.431877928429215,-0.288048124902346,-0.0585957548862845,-0.103915973605636,-0.0847305893715946,0.00132884442910661,0.0163439781290024,0.142246828665703,0.0382103651298665,0.016891414611146,0.011536048032623,0.00862209589198589,0.0043458629440661,0.00252089722646282,0.0047744077161939,0.000732015484409933,0.00255779814138768,0.00144825052244537,-0.172542988942499,-6.43061992544602e-15,-3.9863945477947e-15,-0.569313412101917,6.59194920871187e-16,-2.3863289816406e-15,-1.64798730217797e-16,-1.0399667238481e-15,-1.37390099297363e-15,4.9960036108132e-16,2.68882138776405e-16,-2.08166817117217e-16,2.87141247649225e-18,6.54208806598363e-18,6.74893524910276e-18,9.43689570931383e-16
"Price_rat_amazon_final_pr",0.0358905190008775,-0.349787007483889,-0.0360083125249824,0.122071876908646,-0.0356169126845957,-0.140870671121613,0.0477609541021542,0.0497683056046609,-0.0189199080627829,-0.0633231673213667,-0.0408700679849457,0.0816068236059364,-0.332861983614152,0.00595006645876234,0.0380061420136536,0.0743865426434374,0.0265308201634127,0.0722965738522004,-0.119880549078488,0.00759845253926235,-0.0179194256967176,-0.236884870160882,0.0936190866454203,0.0294575810306857,0.0326594643619213,-0.0299337639253835,0.48197218648117,0.216601183855256,-0.156796929476588,-0.0948078393804848,-0.0566540535641036,0.0208364137795648,-0.0430585077063612,-0.542185361791479,-0.031890271579497,-0.0350537402012082,-0.0161964856840865,0.0134622328953426,-0.0196895339932231,0.00747459288557707,-0.0017993950967632,0.00131895620712689,0.00080578055256447,-0.00220706118836091,-2.03943860651173e-05,3.97251675998689e-16,2.8275992658422e-16,-1.29757316003065e-15,-1.34961486430996e-15,3.85379662209973e-16,1.31752248000438e-15,2.1987620058006e-16,-4.9439619065339e-16,8.81239525796218e-16,9.07585638587616e-16,1.4137996329211e-16,1.88812939111736e-17,1.81192216146199e-17,-1.85438415463503e-17,3.00107161343988e-16
"Price_rat_target_final_pr",0.0460870347402397,-0.305745674314044,-0.0553533081771044,-0.161112219065366,-0.202595771214282,0.121770232939072,0.0572841693036568,0.0309953667777495,0.0329933997459491,0.11102514087205,0.0510784715187995,0.0218842301222641,0.0396270833736206,0.0329034870517827,-0.0192814988194119,-0.132276941424642,-0.0366404827157788,-0.0168288378435753,0.0285139851293231,0.456621032000636,0.318131374305435,-0.138713756071929,0.16385364481918,0.0851259471386703,0.0499210965498246,0.0581133898588468,-0.136291378322935,-0.221214566152076,-0.476679230049423,-0.292051909879337,0.0571000158064221,-0.0259983129322215,0.0108505556483835,0.150278187538427,-0.0104827218828056,0.00171526476342642,0.00392399842043362,0.00809750538142726,-0.00395611583370072,0.000116279350824351,0.000483215218455602,-0.00164012279499952,-0.0010309324925702,0.000444580661781943,7.09683204892786e-06,4.71844785465692e-16,-3.07913416985883e-16,-3.88578058618805e-16,6.10622663543836e-16,2.8275992658422e-16,-9.0205620750794e-17,1.94289029309402e-16,-2.46330733588707e-16,1.38777878078145e-17,6.93889390390723e-17,-5.89805981832114e-17,-1.41468936683892e-17,5.63498835092588e-17,2.46172488990489e-17,-2.67147415300428e-16
"Price_rat_amazon_reg_pr",0.0561129017231228,-0.257798030344585,0.0314409116597314,0.27739383273058,0.107950939080155,-0.00141293968424289,0.0666890325724919,-0.0170117357629336,0.0174538236460346,-0.0861908470621146,0.0257393144799579,0.0195656517998296,-0.365391395136283,0.0281774786798304,0.0873035053364647,0.0155282231356832,0.0116556330538941,0.073672538059309,-0.063288941904134,-0.0464908240397972,-0.0091490701438745,0.229777910518231,-0.106648079333578,0.373582317279341,0.355248913061915,0.0063500071472765,0.00630547485276874,0.253458510798851,-0.0294047619140352,0.00363924739120902,0.00933981050816307,-0.00601768599741492,0.0271886633462672,0.524254919146371,0.0298269693497979,0.0243142009624908,0.0132547660947952,-0.017285859095542,0.0191074860526173,-0.00944883024892548,0.00558579347842222,-0.00221824760126607,-0.00200406458659674,0.0032394801731361,1.32401438769185e-05,-1.45716771982052e-15,1.08940634291343e-15,8.74300631892311e-16,7.70217223333702e-16,-9.15933995315754e-16,-7.63278329429795e-16,9.0205620750794e-17,6.03683769639929e-16,1.35308431126191e-16,-6.66133814775094e-16,2.84494650060196e-16,-1.67094235353244e-17,4.92379586906076e-18,4.17928472813294e-17,-7.42461647718073e-16
"Price_rat_target_reg_pr",0.0859678714540017,-0.177270283648037,0.0460121439224454,0.0293809562776946,-0.0151633787044452,0.409424115502789,0.099604639392806,-0.063191871921947,0.0972269087230135,0.10970966959579,0.17639237547085,-0.0855601483229608,-0.0190992577895228,0.0829152660339952,0.0589993190369572,-0.20271890467304,-0.0486181869143084,-0.0225318902578427,-0.0358562823749382,0.384267522214701,0.278875094839487,0.132267294310892,0.0513301540665179,-0.0898241608652356,-0.0596052721637244,-0.0118739905640035,0.0616148362185211,0.231656917122994,0.485046387454743,0.299049304527181,-0.055109073784942,0.0333342015375443,-0.0184728065980336,-0.127697381226041,0.00858987886923936,-0.00473729752722769,0.00095640681223659,-0.00966297220228361,0.00681429115864068,-0.000684349762445861,0.000570557325044606,0.00261752741573216,0.00290337196354104,-8.33946275310482e-05,-3.88655191278613e-06,-2.22044604925031e-16,3.45209971719385e-16,3.33066907387547e-16,-4.57966997657877e-16,-1.73038666728687e-16,-2.77555756156289e-17,-1.6826817716975e-16,1.40512601554121e-16,-1.04083408558608e-16,-1.40512601554121e-16,2.15105711021124e-16,2.68621126286081e-17,-7.19366139019542e-17,-7.64453731685189e-18,1.73472347597681e-16
"TCIN_var",-0.0159470180013812,0.0312209091452792,-0.0678356177452508,0.00531614529397768,0.10936696037587,-0.279833124555204,0.266884163643002,-0.0181355862754577,-0.0385131228740502,0.28931962032865,0.517256364087407,0.146798581329207,0.0632234448200081,-0.1612509041263,0.567672954163835,-0.171386872671194,-0.227647845627849,-0.0811510652412327,0.00430095107388452,-0.0801837452023594,-0.070362045717913,-0.0627161442138905,0.016821066175319,0.0238365651177455,-0.0249160811638421,-0.00247463512764844,-0.0130793724309759,-0.0233901544790875,-0.0154528513530971,-0.0107073091936815,0.00179849231451379,-0.00434929128324096,-0.000689961057550752,-0.00771031599446659,-0.00444288234363676,-0.00197799792996283,-0.000840333100523718,0.00102671230085196,-0.000870722689912633,-0.00021302144787064,1.79399790252641e-05,7.04896496399649e-05,-1.21585651459966e-06,-8.02824329645804e-05,-4.1489223917314e-06,2.4459601011273e-16,-2.19225679276569e-16,-1.38777878078145e-17,1.04083408558608e-16,-7.91467585914418e-18,1.795438797636e-16,7.15573433840433e-17,1.0842021724855e-16,8.32667268468867e-17,-7.9580439460436e-17,-1.01481323344643e-16,-2.09941494822511e-18,-1.24397543415158e-18,3.13503968579085e-18,5.50774703622636e-17
"max_tcin_price",0.121998110477607,-0.179412329535648,-0.10850726314507,-0.256157386779102,0.0518282827640477,-0.00549979886992188,-0.00922126712340422,0.0183014665661104,0.000454162068125293,-0.1288753067384,0.0428699464006085,-0.00698203278348408,0.110838320770672,-0.0555733306201633,-0.00431072623537052,-1.69146872330689e-05,0.0334456260137396,-0.00497050842442745,0.116041423423562,-0.0740512233503933,-0.0522939651646368,0.0134547597398816,-0.0501992123588629,0.0561442672942601,0.031877987168863,-0.00757817541682748,-0.125560297810372,0.17646366194515,-0.0040880963049998,0.0235116194350394,0.0333118629373051,0.000635212522660012,-0.00774860104003243,-0.0642682293137802,-0.0175631146500085,-0.0076144245184412,-0.00680719543326377,-0.00356313652369013,-0.00276489738028839,-0.00128452489237362,-0.00188960370595024,-0.000677819793386792,-0.00163767774388563,-0.000686593988377835,-0.109855656373585,0.166337674207514,0.0157412057717358,-1.58345558887163e-13,-0.216977586890776,0.0148357643568364,0.125242891427256,-0.395805153749917,0.276556268339468,0.162817075722625,-0.465973332748608,-0.41354657793558,2.85102642554063e-15,1.80003582510703e-15,9.04064119380728e-16,0.0690397720764316
"min_tcin_price",0.121998110477607,-0.179412329535648,-0.10850726314507,-0.256157386779102,0.0518282827640477,-0.00549979886992189,-0.00922126712340422,0.0183014665661104,0.000454162068125288,-0.1288753067384,0.0428699464006085,-0.00698203278348407,0.110838320770672,-0.0555733306201632,-0.0043107262353705,-1.69146872331244e-05,0.0334456260137395,-0.00497050842442659,0.116041423423562,-0.0740512233503933,-0.0522939651646372,0.0134547597398819,-0.0501992123588629,0.0561442672942601,0.0318779871688633,-0.00757817541682768,-0.125560297810372,0.17646366194515,-0.0040880963049995,0.0235116194350397,0.0333118629373056,0.000635212522659726,-0.00774860104003262,-0.0642682293137791,-0.0175631146500085,-0.00761442451844079,-0.00680719543326399,-0.00356313652369025,-0.0027648973802884,-0.00128452489237259,-0.00188960370595128,-0.00067781979338638,-0.0016376777438862,-0.000686593988378802,-0.109855656373927,0.170140263713433,0.0191418234479295,-5.48797118860023e-14,-0.215918060872628,0.0060244724456272,0.059126785621052,-0.244580245091052,0.121240873694241,-0.375694033470243,0.534943812507196,0.396825248770758,-3.47084832937903e-15,-2.19289668788955e-15,-1.03039826333399e-15,0.0686079367474878
"gross_sales",-0.053488442307821,0.0391014249815355,-0.0263189775476178,-0.0613961762512375,-0.0410805398977535,-0.0527787109252968,0.52292319788837,-0.219000435521395,0.174777424538855,-0.122830041097319,-0.312193806675128,-0.111511167960919,0.0283621665686433,-0.015807433821529,0.0843099630363499,-0.0131415924627587,-0.0297770657932554,-0.00269322982719,-0.00119746227318576,0.00383764863664668,-0.00169488545576069,-0.00394455979979014,0.00803032812337467,0.00395430739397329,-0.0102895971470356,-0.00609147274661451,-0.00343738636796032,-0.00805532486145089,0.0118797920777108,-0.000529309230764937,0.000396148556224024,0.00114715432015563,0.00433024938599093,0.0349379187312379,0.0885740005654167,-0.700655448160231,-0.00232734828502657,-0.000716632031786988,-0.00295710452157029,7.8624441102317e-05,-0.00137893213331992,-0.00134582132349218,-0.00177201863840234,0.000129588473477042,-5.91535682785069e-06,-1.70349845340922e-15,5.15804846751289e-14,3.47499806707674e-14,-2.4459601011273e-16,-1.42756900051166e-15,-1.94289029309402e-16,4.97865637605344e-16,7.75421393761633e-16,1.31838984174237e-16,2.28983498828939e-16,2.91433543964104e-16,1.99882439038428e-17,-2.75790838355188e-16,-1.00636697939435e-16,-5.9240806704608e-16
"net_Sales",-0.0534850060406082,0.038444321236706,-0.026589977780488,-0.0617883695278351,-0.0399774264419809,-0.0522666759631796,0.52285791935857,-0.21969865549986,0.175617256281238,-0.124440643711861,-0.310172905187364,-0.112799502625023,0.0313588244549924,-0.0121884432945582,0.0878015678192205,-0.0154298521930223,-0.0288084887511094,-0.00368462119816147,-0.0092628488448085,0.00623819690558328,-0.000196709382062843,-0.00757498766861814,0.00910064990570203,-0.000931383157169341,0.00295287535343977,-0.0061443779658505,-0.00536143418130015,0.0102377041238969,-0.00477156084640263,0.00252933717170449,0.00074503232894051,-0.00203493473685673,-0.00100954119068918,-0.033465866369805,-0.0863316077229129,0.700651197498617,0.00159656929653935,0.000960607496702385,0.00206996376005144,0.000655517616451948,0.00105200829523235,0.000872146605292556,0.00147247344621472,-3.45531225905142e-05,1.56473671363531e-06,1.46410661372443e-15,-5.18864465282043e-14,-3.51108031537706e-14,7.73686670285656e-16,1.29974156437562e-15,1.35308431126191e-16,-7.74554032023644e-16,-7.6067624421583e-16,-8.32667268468867e-17,-5.20417042793042e-17,-1.21430643318376e-16,-1.10065893876713e-17,2.68808123197587e-16,1.10749165753525e-16,4.31078783780237e-16
"Amz_rating1",-0.189341004489459,-0.0506252666774375,0.0100563559826705,-0.00821316427708097,0.0198711143633977,0.00584499025627529,-0.0164792368650065,0.00305915347090153,-0.0119975844575596,-0.0642566535654822,0.0413990695806532,-0.0309762049295461,0.0424194880220478,-0.0291544668779837,0.0939506942563322,0.11560022572836,0.161344352164389,-0.0853828989862053,-0.0142141884842526,0.0303098687194083,0.0263342634903302,0.0835529694995036,0.131392949665605,-0.0183993061538985,0.0376408492467817,-0.0912102491176168,0.0368520617291765,-0.00321922484043266,0.0706885271064282,-0.0638370145527238,0.100348938668943,-0.399835776378156,0.474021758773461,-0.0320456710192629,-0.238819964217131,-0.0306444821313028,-0.106506269291954,-0.135416581421256,0.246378520244296,-0.00313748140709082,-0.156592527970505,0.0596826646903214,0.030245445753877,-0.039063963796014,6.49044631126881e-06,0.0266778742223498,0.13378739468719,-5.91124371673857e-14,0.0293784342001358,0.29961823894226,0.337876906748239,0.106419806612184,-0.101095877861421,-0.110130773958684,-0.0259550951012418,-0.0501988868700808,-1.16981451852433e-16,-8.3505227397077e-18,2.51843610628326e-18,0.119157724216186
"Amz_rating2",-0.189988754354856,-0.0495324825997835,0.0103628757375391,-0.00843815871361715,0.00924162434751552,0.0101927638724321,-0.00274854991613732,0.00744766734833486,-0.0397817380248763,-0.0731867496292761,0.0476000645900125,-0.0560514579666224,0.0336333526037881,0.0208808525288371,0.0543439277049281,0.0632777132406273,0.0465793453445455,-0.0230730912911667,-0.0139105008230157,0.0257803585435195,0.017689812211958,-0.0421909613568881,-0.110299416723046,-0.0221308842537786,0.0223468506958765,0.11219288776538,-0.0611792152388501,0.039700505365422,0.208460757253723,-0.396137029535613,-0.161819355009619,0.274988776863214,-0.20202851870592,0.00947141404953356,-0.0398403782276691,-0.0044075991426441,0.379283828078359,-0.0612413933885876,0.0457453214279258,0.550335498384121,0.0511700074015689,0.124180750557832,-0.00511777932424839,-0.0762704745168241,-3.97375240596305e-06,0.0146071850808541,0.0732538589617543,-2.962213807578e-14,0.0160858478517,0.16405276647447,0.185000891386215,0.0582690284277766,-0.0553539681058191,-0.0603009289610645,-0.014211435093199,-0.0274858643253786,-4.77577399779535e-17,-1.09836348674343e-16,5.82537756008525e-17,0.0652435391566233
"Amz_rating3",-0.189168250701154,-0.0464689369073608,0.0127567341758132,-0.00530516443754234,0.00549594188888592,0.0043441982570348,-0.00767467150107231,0.00696879672211252,-0.0318668336035672,-0.0789305020484455,0.0521360824649173,-0.0459874846703365,0.0472808566962117,-0.0503778612658451,0.0815256012813535,0.0851852082713501,0.166925328689982,-0.0940651503084664,-0.0309267218140888,0.0189418539113821,0.0172507168306607,0.0840544699178188,0.134070700963853,-0.0188081523255811,0.0319031157528446,-0.0774470931600447,0.0346334742244354,-0.0223520204646939,-0.142403605993231,0.234564780129847,0.192902356624887,0.219347853382262,0.262516479324799,-0.0394148499775628,0.208539455564418,0.0222694226539475,0.551281319520239,-0.199245562712826,-0.383705666223594,-0.194747057647645,0.0638784273998947,0.123819193276833,0.155824600554938,0.0644854130913522,2.3782797797826e-06,-0.0212895791721598,-0.00126624801177686,2.93064184031522e-14,0.00421986223418966,-0.0109596732049618,-0.0112027753023318,-0.0223365288615545,-0.0407706939366623,-0.0311729846597206,-0.011042620177034,-0.0116276040953271,-3.92321655939449e-17,-9.71409778697925e-17,5.54772458639828e-18,0.0521195160137473
"Amz_rating4",-0.189663773249933,-0.0472362470934687,0.0120752613430112,-0.00646106675550855,0.00264361158969055,0.00535499076830441,-0.00342737634637857,0.00936481475349789,-0.0420971795073328,-0.0819018970971768,0.0549335726935201,-0.0595732624919125,0.0433813553094599,-0.0143681207012616,0.0684839160709442,0.0820756397505092,0.10587990296568,-0.059202395653462,-0.0200172909961104,0.0240773652232017,0.0191717218682617,0.0358755701727753,0.0453311621881601,-0.0135377568032315,0.0160315043916115,-0.0581629512893013,0.00266943241492508,-0.0333106925337332,-0.0886313008900178,0.103488657062388,-0.0109955708560793,0.152940129482587,-0.271726343773776,0.000189140905495003,0.280280603359857,0.0342360326304165,-0.444169415539048,-0.620120210011284,0.106289395487484,0.00421269255608596,0.0594087220519483,0.147284773194785,-0.118729712724081,-0.187587237834789,2.50667070376678e-05,-0.0889233500261852,-0.0512346463379489,6.01688837642556e-14,-0.033698300259727,-0.0488995812834536,0.00910497125141161,0.0625775229514537,0.055767476366672,-0.089818759563235,-0.0268053423637116,-0.0266159669756863,5.53351056492285e-17,3.10390352297127e-16,6.11256394532901e-17,0.120848083443658
"Amz_rating5",-0.189513528927541,-0.0460583805169631,0.0119795286754458,-0.00577276037561721,-1.62007201289676e-05,0.00476687009996787,-0.0040186612472073,0.00984507620195755,-0.0420361956420338,-0.0830283531868464,0.0547262365486743,-0.0626361621255041,0.0414585618268504,-0.0101615741033797,0.0846959621378896,0.106616226012883,0.116502168736094,-0.0626632207912712,-0.014026786608375,0.0372800138643322,0.0282600625346556,0.0192631243758179,-0.0144201026053881,-0.0190360258268747,0.0175676166909354,0.014269833665347,0.00738980910570401,-0.00792216522769273,-0.0314329587571036,0.0583231353203869,0.00954864569852487,0.0791206572145894,-0.176666920228371,0.015685733555214,-0.00128564394219378,-0.00301739473333376,-0.027680069005053,0.43438090907534,0.229751085715875,-0.126024776754753,-0.00289770071299589,-0.0794960081968367,0.374808538978309,0.0544153491003424,1.80687905811346e-05,-0.281662060760473,-0.162284215176686,2.21705466485478e-13,-0.10673836166193,-0.154887966215467,0.0288397250562478,0.198212438764479,0.176641819187276,-0.284498243780626,-0.0849051229776282,-0.0843052820805738,6.30285169215734e-17,1.05696192995588e-16,-4.64039241819692e-17,0.382782702312532
"Amz_Review_count",-0.189677481617228,-0.0469670340311347,0.0118108730820789,-0.0062321815647131,0.00335661888515831,0.00522550317902839,-0.00537237759993345,0.00872870692531054,-0.0381648707432783,-0.0802117408279143,0.0529290633160818,-0.0572345788271923,0.0420637225092002,-0.0148302827810249,0.0808120997004775,0.0988450350465078,0.119926238938679,-0.0650735193492357,-0.0167001055664738,0.0319470120977477,0.0248750284346993,0.0311988741723284,0.0190467864060347,-0.0181276530150254,0.0207848226151809,-0.0123357033799726,0.00827062345817604,-0.0109597095295955,-0.0298587831532757,0.0474679960217355,0.0223906109076657,0.070134117313595,-0.0930373804470341,0.00292118880805751,0.0447945152637538,0.00340534170257289,-0.0367631308415882,0.1036031729971,0.14291026520747,-0.0616366033807607,0.00279451398715113,0.0044790852225299,0.212127897508808,-0.00455341222971424,1.56633210680215e-05,0.231312504698954,0.0137578576263866,-2.51616436020008e-13,-0.0458490463800374,0.119077481016488,0.12171879931516,0.242687673413473,0.44297593938021,0.338696274936518,0.119978704648483,0.126334588635416,2.98530471770361e-17,-1.0132280313834e-17,-8.97185388903258e-17,-0.566281545320327
"Amz_Avg_rating",-0.182674132958664,-0.0590551075845091,-0.0577666818889626,-0.00716935922730095,0.0922046107783392,0.0329082748854412,-0.0246958081861483,-0.0161994444408858,0.0241037270603796,-0.00542014664768756,0.00646852390194689,-0.0022845198723672,0.0115400639450193,0.170881546587954,-0.0187226291417083,0.0814946091789426,-0.257653113451788,0.153067803668471,0.147293084552005,-0.0300875018268807,-0.029570686372277,0.00395806058999845,0.146485476605272,-0.0345191705142448,0.031295995129264,0.00552739552107137,-0.00237477865148401,-0.00573660308788758,-0.0874276360770874,0.156514918242181,0.000828112527479804,-0.0334357390370867,-0.0168663259389754,-0.0125927475363258,0.0251551387777687,0.0014143468904807,0.234184014377227,-0.160241100123663,0.179826054270308,0.0688106309862305,-0.0227861339632156,-0.73493369560224,-0.025744271308437,-0.2864830696382,1.58917593839408e-05,-2.2516710718179e-14,-7.18652568010292e-15,-6.75989212522987e-15,7.2398684269892e-15,-1.15740750317173e-14,-1.49186218934005e-15,-1.17961196366423e-16,-2.4980018054066e-16,-1.38777878078145e-17,4.05057931640584e-16,-4.27609336828283e-16,-1.68954225402646e-17,-2.56494467394239e-17,-1.18279324327121e-16,3.17801340798951e-15
"Amz_Avg_helpful_votes",-0.173591239317496,-0.0504846100607016,-0.113305225254357,0.00672885673035307,0.0877881179540139,0.0550194049149732,-0.0415550356577459,-0.0227392677756981,0.0610295421156609,0.0299980813599063,-0.0623107811226088,0.112555293112014,0.011889229495438,0.0723977892694253,0.0431787642849546,-0.0576143099064822,0.0392933462269894,-0.0115778444584122,-0.0598764197284369,0.104308506947354,0.0768272361452953,-0.242806682224141,-0.740601748594992,0.213202103166045,-0.28223099727885,-0.0215077495611827,0.042019784059346,-0.0625788979601218,-0.0915585725828476,0.159586911004254,-0.0189461644537055,-0.00364569555470028,0.093550739809002,-0.0107775594133075,-0.0757487134566387,-0.00857079520640384,0.126025928828854,-0.141824552490869,0.195608737547192,-0.118663249429824,0.0218384521571176,-0.0098003800330488,-0.0560427636091862,0.0895064225397849,-3.64236562800605e-06,1.00822128423772e-14,-1.4584687624275e-15,8.84383712096426e-16,1.46757606067638e-15,1.85268467234323e-15,-1.05818132034585e-15,-1.49880108324396e-15,0,-2.91433543964104e-16,-4.7271214720368e-17,4.24139889876329e-16,-5.06602718464661e-17,-2.08930101433615e-17,5.21769072615904e-18,3.7470027081099e-16
"Amz_cal_avg_score",-0.00535200984598168,0.0706312573013351,-0.408425000122097,0.119175576986124,-0.0577272408022221,0.0691488788382645,-0.00674053755970543,-0.00399877654803147,0.0122363507134539,-0.0187324244937287,0.01659287634546,0.00606223462245836,-0.00771687225504218,-0.0345026377206096,-0.00787679726978095,0.00146020436971553,0.0318764190492838,-0.0120979941115198,-0.0126132744082034,-0.00226891197863664,-0.000579206413282196,0.0163502093385812,0.0312043013160396,-0.0103011997531845,0.0128928431516687,0.00319160194779825,-0.002669981035489,0.00250841007383647,0.00674751157303405,-0.0152759400234518,-0.0013925686554501,0.00959705421443576,-0.00209015952933076,0.000248843844580054,0.00145431713289565,0.000196398382046009,-0.0117797427095112,0.00403140577980877,-0.0113930979666535,0.00722181358683857,-0.00411227098286448,-0.00428281813204466,0.00711862641115696,-0.000224084780435562,-2.20589470179389e-07,0.00615876270206822,-0.00616464848296892,-7.46605726766362e-14,0.00263906238134416,0.00420782291834125,-0.0478114659494017,0.0410788488554225,0.00248830303055046,0.131247183915936,0.589953904133562,-0.652467813902454,-3.31574354244497e-16,-1.8629823916466e-16,1.40951044096359e-16,0.0702432637956489
"amz_rating_4_5",-0.189572440954018,-0.046346602878593,0.0120039476291407,-0.00593863819007052,0.000622106172533252,0.00490858376648594,-0.00387724778551296,0.00973100913023691,-0.0420559004245838,-0.08276803676186,0.0547825938045608,-0.0619086734487395,0.0419249989784397,-0.011172297887743,0.0808155667464384,0.100739769010121,0.11396705965662,-0.0618402401549012,-0.0154660954955337,0.0341161031581969,0.0260824265833131,0.02325214659052,-8.25739575189937e-05,-0.0177188323848717,0.0172010950835365,-0.00311105811006464,0.00625789176441495,-0.0140159271119677,-0.0451633602606888,0.0691691115682542,0.00461954145932339,0.0968455931264135,-0.199500840672403,0.0119687117068881,0.0662852194078359,0.00592241813769026,-0.127633630645758,0.181371308120469,0.200150129052261,-0.0947852408142323,0.0120544111962587,-0.0250821394026778,0.256413117271591,-0.00365451396949909,1.97503492655477e-05,0.194476801782337,0.203021295927243,-8.72056875496352e-14,0.175317809245209,0.113126938495456,-0.130586599150488,-0.445480663536071,-0.569553186295332,0.116472598435973,0.0203749918611474,0.014748078451812,-9.68776017933083e-17,8.10324222658514e-19,1.33396225794516e-16,-0.0725438575022122
"amz_rating_4_5_cnt",-0.182490072990312,-0.0558315316306672,-0.06030313688811,-0.00462520428180287,0.0776351187962151,0.0310362435375411,-0.0170932112353787,-0.010588065727249,0.00386956434050152,-0.0210572395844851,0.0230393742727465,-0.0331310346214414,0.00734428761862052,0.197432283045712,-0.0248747835702289,0.0914095697585772,-0.295649691575874,0.174802721622282,0.16426407194525,-0.0336494344039335,-0.0329645473450054,-0.000122271348049647,0.155868981333673,-0.0360055688011061,0.0315760420293768,-0.00204826036582095,-0.00722260298291129,-0.003365525160991,-0.0815296575118118,0.149403335758853,-0.0101331829235823,-0.101285597612763,-0.103455482529084,0.000427551848224652,0.0351412890977725,0.00239788332623118,0.0182931008594522,-0.101594565751936,0.127152680244882,0.167494244070577,-0.0743286908082222,0.162124725640233,-0.0279122037483175,0.768029890530612,-8.52671893173864e-05,6.79525880009635e-14,1.44463434270659e-14,1.39267937460108e-14,4.55972065660504e-15,2.07021899623072e-14,-6.8590966240123e-15,-5.92581539393677e-15,-2.48412401759879e-15,4.16333634234434e-17,-7.66747776381749e-16,1.10154940724527e-15,-2.78973495678468e-17,1.1857177783238e-16,7.70193061902751e-17,3.51108031537706e-15
"amz_rating_1_2",-0.189972348050192,-0.0503452037232724,0.0101863706182192,-0.00831036279777661,0.0161444409760798,0.00739895167827445,-0.0116457967184855,0.00462164992178582,-0.0218742820988576,-0.0675592557715236,0.0436855413461782,-0.0399326873959746,0.0393942357798523,-0.0114756204836607,0.0801068927591249,0.0972938135352807,0.120995156682621,-0.0634712527133996,-0.0141366664516769,0.0287681704326291,0.0233251234660192,0.0391460192011965,0.0459764108664951,-0.0197614203620277,0.0322980089762304,-0.0192844267717579,0.00217193270928999,0.0119917136525632,0.119687486485923,-0.181793882579085,0.00760652638981677,-0.161415877161404,0.235324643468489,-0.0173932127411303,-0.168775716166969,-0.02140685257817,0.0655112001758637,-0.109404048223859,0.175763996520235,0.193097155207528,-0.0832597266557122,0.082677941978938,0.0177711022769524,-0.0523389045897975,2.79399236448818e-06,-0.0752583746139747,-0.208628799759631,1.23987923877564e-13,-0.0386167749662605,-0.480223570566186,-0.539693959179755,-0.200075902140915,0.0908905439129831,0.120197958834288,0.0224146628880894,0.0589175573489265,7.21258315944578e-17,-2.82324322636056e-16,-3.33824299961551e-16,-0.100626067297605
"amz_rating_1_2_cnt",-0.148574885255752,-0.0828169712185156,-0.0215242983254768,-0.0347988315844873,0.214459114244179,0.0436018629995365,-0.0897175174452756,-0.0632695100625097,0.205778719226397,0.142628145252945,-0.14070970355375,0.258227384818013,0.0328893478125661,-0.016219996724338,0.0254712534036221,0.0043067252713821,0.0255956253923381,-0.00351749363195365,0.00776431803563866,-0.00763877821494971,-0.00502171191253828,0.0148236043371812,0.0521958119193429,-0.028204359894735,0.0356023140655021,0.000374793164771219,-0.0347720373467026,0.0459935126143234,0.298653176807884,-0.506816161593484,0.119668023582108,-0.0184701381624266,-0.170768383480943,-0.0275500165171654,0.206900262012607,0.0281948221182758,0.0748999117387675,-0.0954645618440618,0.00510891326850482,-0.481254415425482,-0.202478554994494,-0.0890148686356513,-0.0470183382831884,0.131887006543068,1.26537574313308e-06,1.7499890425654e-14,-7.18175519054398e-16,-1.63703686023586e-15,7.94156407302182e-15,8.88178419700125e-16,-2.04697370165263e-15,-2.48412401759879e-15,-1.38777878078145e-17,2.77555756156289e-16,5.76795555762288e-16,-5.20417042793042e-17,8.59110641802031e-17,-2.04610093053253e-16,-2.45636637040896e-17,-6.10622663543836e-16
"rating1_cnt",-0.125489979013154,-0.0795040589547335,-0.0239635231744053,-0.0346453246595572,0.236202282375712,0.0446256211381411,-0.106189351208933,-0.075457594167735,0.25392472635773,0.179198768278187,-0.185385425803361,0.343076223036775,0.0503926138684732,-0.136704795352118,0.0464790611964626,-0.0222879092589614,0.188632835503864,-0.0990632162232999,-0.0498397233662811,0.00994933963847422,0.0112018430791588,0.0594150048042676,0.0634611696929734,-0.0227701265194132,0.00657349819737804,-0.0302952710172989,0.0255321092076365,0.00837205412024933,-0.107551175341357,0.205604794590219,0.0268545194805941,-0.46269010398436,-0.239832602422879,0.0129494621773866,0.11202316373836,0.0102080541342035,0.0466848475206415,0.111133984286332,-0.148490785299299,0.33219715771796,0.273130738642987,0.0561963711695683,0.0320559083479651,-0.0793190468024997,-5.76472993492252e-06,-7.61890550649014e-15,3.85542292535845e-15,2.46948728827023e-15,-2.51708376364235e-15,-9.19403442267708e-16,2.26901830657766e-15,1.76247905159244e-15,-4.71844785465692e-16,7.35522753814166e-16,-3.04877650902924e-16,2.2811613709095e-16,-1.19522379521019e-16,2.71648302972958e-16,1.26301043760933e-16,-1.2490009027033e-16
"rating5_cnt",-0.182380151465162,-0.0516389576830231,-0.0771296747728734,0.00111984923166884,0.0699768613628507,0.0337396448777065,-0.0165721241141006,-0.00946773442077768,0.00148190607477891,-0.0245883001720471,0.0241384177001105,-0.0352956191192481,0.00601006961153273,0.195278305853888,-0.0155705205650731,0.0943444144041607,-0.275857928150461,0.164968070582348,0.153140900826029,-0.0220053519564112,-0.0240420823310131,-0.0182304390400226,0.0910911115193663,-0.023220705122485,0.0175161911394652,0.0113003478417732,-0.00770763739532423,0.00196568014628312,-0.027020932532903,0.0691220001614377,0.00662674195030192,-0.0678658236359177,-0.0555166017757926,0.000477037855508409,-0.0318014438008807,-0.00614443864194576,0.176634027844687,0.240947772571611,0.173161007319398,-0.271800952074149,0.162763685632881,0.51239321336487,-0.325073507916205,-0.402942952195423,5.89361258360958e-05,-4.233766115469e-14,-1.73586188825792e-14,-7.68414737221945e-15,3.60410486177631e-15,-1.24639881748934e-14,6.88078066746201e-15,2.54657406273395e-15,2.25514051876985e-15,-3.50414142147315e-16,1.00885012149776e-15,-1.05666343730437e-15,-6.21119623645087e-17,-1.13820059050612e-16,3.94094516733928e-17,-2.62637134262889e-15
"Avg_sentiment_score",-0.186671263445396,-0.0514003448923076,-0.0330940462880919,-0.00454210542950248,0.0262406965060337,0.0240649775828755,0.00141626805850714,0.00678342323686535,-0.0490766237965865,-0.063645167611506,0.0519922265623671,-0.078987733498668,0.0019099869259353,0.182981295117471,-0.00995699165090518,0.0333252066672923,-0.199584218907701,0.119710933674899,0.0786637456148989,0.00775036257447191,0.00173794700023862,-0.0818156008210838,-0.133393150789624,0.0594089928314623,-0.0643884050530664,-0.0486503552376622,0.0033910758284905,-0.00484721047960515,0.103045447746436,-0.123535502324554,0.0934774797149454,-0.136195604041911,0.0633846298460355,0.00750471687175801,0.0777537186587759,0.0135805150856957,-0.21709627247,0.0348270115579615,-0.400986646618496,0.0690730774496057,0.00620077865839211,0.0141811776269109,0.263461358082597,-0.108682298977676,7.33133525220465e-06,0.0740415645660813,0.443121051064049,2.64321659178279e-13,0.0895325318611621,-0.453575145840813,0.187571575512216,0.0644731647720095,0.0217265386518371,-0.0205461692992161,0.00255705931645858,-0.016627190207539,-9.53218548494685e-17,1.49630683707939e-16,-1.27849087165461e-17,0.00787068676616023
"Total_sentiment_score",-0.189400814000663,-0.0459045480104212,0.0130147196508503,-0.00542921317669683,-0.00601363279307724,0.00587703264925412,-0.000547233382423132,0.0118531165980568,-0.0497964355781388,-0.0872700916658558,0.0575341701612733,-0.0627742395835061,0.039211583228531,-0.0175511622357079,0.0711404237720638,0.0650972876716949,0.126867385556555,-0.0702209239044854,-0.0367695760915801,0.0374833832569128,0.0298679739266893,0.0119842288461043,-0.0452476695030737,0.00934541349274745,-0.00538496560647458,-0.021339802749255,0.0234821873292458,-0.0174365916356695,-0.0248138576719777,0.0693991707087339,0.05067895394592,0.019611156980238,-0.0363276157809273,0.014715423373163,0.0689614455424148,0.0107906860897038,-0.0765711757113037,0.245563892682121,-0.199968207896459,0.079481011157875,-0.310299403487328,-0.117064538613742,-0.455123054487047,0.0380778054071918,-3.02537095534812e-05,0.17886561947538,0.253894499585121,1.98706007973736e-13,0.260537043997303,0.206657767209753,-0.369372641138705,0.0649568659748993,0.257356194645936,-0.13212313244962,-0.0490038371472058,-0.0201202327655419,1.7240865801718e-16,-4.67140569359219e-17,-9.19147878459464e-17,0.157459020597622
"Amz_Avg_Positive_sent_score",-0.187146543419682,-0.0571825270913107,-0.0337424312293533,-0.00862205815178443,0.0534094121329244,0.0279607455111097,-0.0100708631924309,-0.00258201864007356,-0.0175972793277332,-0.0377087889638212,0.0278080444865893,-0.0370949848324772,0.0055652288723462,0.167000354806799,-0.010549849997922,0.0281300704320093,-0.190199482270441,0.114766271200369,0.0776477218845523,0.0036823898576211,-0.00130933467421863,-0.0723653569777477,-0.108828625647963,0.0492549424357727,-0.0541354123041993,-0.0372259123235869,0.000796931912418363,-0.00409863080024251,0.0836524659227008,-0.0982621991201712,0.0718982962860117,-0.0596091718115287,0.0937183390413516,0.00981150319813271,0.0448725305585388,0.00949572490077265,-0.227768668880073,0.0405598274311208,-0.370385529629166,0.0773122556484248,-0.016161066745766,0.023887436349966,0.250340171655819,-0.108146007097323,7.8119552314581e-06,-0.0803025620184559,-0.480591623006408,-2.85897173990524e-13,-0.0971034544527212,0.491929722073855,-0.203432736244022,-0.0699250528128463,-0.0235637473054485,0.0222835652388082,-0.00277328572874167,0.018033195012265,1.5736952994246e-16,1.68003683136133e-17,4.51303371709992e-17,-0.00853623658376013
"Amz_Total_Positive_sent_score",-0.189576994737108,-0.0465245554772033,0.0126506431128423,-0.00581893851032703,-0.00342135881989968,0.00639386729601666,-0.00122143687757345,0.0110224411033433,-0.0474734044135959,-0.085082994338265,0.0558261026526231,-0.0599666343040217,0.0391258555430837,-0.0167579328586118,0.0686040629548437,0.0631852462613997,0.12167507335164,-0.067285678322423,-0.0351956312584898,0.0352022921109538,0.0280399721232933,0.0123474882787311,-0.0389583080650148,0.00595268094288387,-0.00149715728627975,-0.0156093877262233,0.0196519672139439,-0.0148766593737458,-0.0162470456330171,0.0524934476099944,0.037828999125746,0.0274132984213599,-0.0175612676938986,0.013193945199495,0.0536381755452732,0.00881388656332159,-0.0847065408053787,0.231468418297242,-0.190743228934308,0.0628700831395353,-0.227333155865302,-0.125333470717083,-0.438142644729227,0.0521368175818124,-3.15774177971037e-05,-0.193623579948469,-0.274842991532334,-2.27446703871087e-13,-0.282033603304512,-0.223708820223094,0.399849078442583,-0.0703163691780562,-0.278590306373086,0.143024433504517,0.0530470775070311,0.0217803259725762,8.5142076003975e-17,-8.55538815825801e-17,-1.04661484881363e-16,-0.170450751534634
"Amz_Avg_negative_sent_score",0.129179058933189,0.0841426756425489,0.0277501745422312,0.0381109250661662,-0.251099324198318,-0.0496107245447485,0.0977826114945804,0.0759500355143012,-0.237676700180948,-0.18027218437765,0.173021071758715,-0.307135394548641,-0.032696681375567,0.0147346300669076,0.0117680872743069,0.0223198818542622,0.0530857462393802,-0.0377226132112066,-0.0439822386303241,0.0297704040959408,0.0250266829117376,-0.0263975849634966,-0.121740902933698,0.0474621330147565,-0.0449756867393343,-0.0655908219196796,0.0200241602620418,-0.00318576772990144,0.0976284869440882,-0.134438745308359,0.122830635652594,-0.566990290586977,-0.303193657859527,-0.024855925568959,0.23050813710914,0.0260079891557028,0.237211814054285,-0.0726120831043872,0.00569715488564701,-0.117103544316918,0.18804434780535,-0.0929283608837166,-0.0637770194041629,0.0682218623202929,-9.04385383021858e-06,-0.0093429578635833,-0.0559153677103701,-3.13746424673855e-14,-0.0112976903919004,0.0572345209126823,-0.0236687776209113,-0.00813556635827198,-0.00274157004022751,0.00259262476618266,-0.000322663325503183,0.00209810717006666,-9.54898109449481e-17,6.3057242713153e-17,1.21529791847402e-16,-0.000993165058636558
"Amz_Total_negative_sent_score",0.190562115157358,0.0537148022063383,-0.00818863242093376,0.0104791376501667,-0.0278288830349787,-0.0125819320105892,0.00933639202348982,-0.000948974848251122,0.0192025013535311,0.0582240780846299,-0.0349136948196634,0.0257830031814592,-0.0378583386180425,0.00710117837721771,-0.0376363553513049,-0.0397713670908649,-0.0583921139887072,0.0315204247058726,0.0160228025852727,-0.00751027067397846,-0.00584939167304195,-0.0166496785778186,-0.0370447933895662,0.034956054515803,-0.0453491378553853,-0.053519876793136,0.0266094696607502,-0.0160526807040122,-0.087056765835755,0.151488586626131,0.11720429077473,-0.121243008247802,-0.208626563883438,0.0052148063351801,0.131286553314453,0.0150539468772102,0.182206940548566,-0.0602683287032027,0.0784634389462324,0.137622742302157,-0.773544026199054,0.224199240992599,0.230947137093276,-0.22119614618275,4.73350016026762e-05,-0.0148470354097999,-0.0210749312066725,-2.30041680149284e-14,-0.0216263065486286,-0.0171539684175312,0.0306603845862886,-0.005391851670901,-0.0213622749080235,0.0109670982700864,0.00406764423186501,0.00167011306699646,7.6726279500697e-17,-6.80489002431887e-18,-2.62434029872908e-16,-0.0130701454044394
"reviews_1_M",-0.182602270280801,-0.0583249746720533,0.00424658524212487,-0.0116313075428475,0.0176819299142595,0.0306367955302651,0.0210728804214029,0.00388193846208615,-0.0616937854979441,-0.0689559818849929,0.0383217909050054,-0.00389918760478208,0.0171326877081577,-0.0364884458854828,-0.185176212611382,-0.390709538887241,-0.0245234686902,-0.00173457702663506,-0.167449546051841,-0.109550189882957,-0.0702444203004445,0.0281669212695169,0.143845061887888,0.160755786406162,-0.107059837827414,-0.724475250321499,-0.0960795916823229,-0.0130364313671031,-0.0327747601645055,-0.0599226293552847,-0.33120925322323,0.015927454231244,-0.0436874704255058,0.00498775810362535,-0.0345559624234968,-0.0040251278343858,0.0554279932758501,0.041416008720649,0.0164194409240687,-0.0246837677040261,-0.0232574546924213,-0.00242929230447647,0.012621691383366,0.00292359521656535,-4.0979912037186e-07,1.71087102818213e-16,1.62792956198698e-16,-2.97552509975069e-16,-7.50267903359969e-17,1.10436833289373e-15,-5.98804859863744e-16,-3.60822483003176e-16,1.74773390204663e-16,-2.85795692667179e-16,2.10714692222558e-16,9.43255890062389e-18,-1.30595932963123e-17,1.63064951663478e-17,1.17348665913978e-17,2.77555756156289e-17
"reviews_2_M",-0.182082899756939,-0.056444076090063,0.00743849809458388,-0.0110311138033779,0.00828576141202233,0.0296721469306381,0.0348079026236404,0.00319718975063409,-0.0713184869153836,-0.0745008731109057,0.0360733930230996,-0.00157883953810396,0.0173869490041271,-0.081096493522989,-0.20712242825957,-0.441095960883382,-0.0616682891677315,0.00942259915092961,-0.176860139952568,-0.119033529356911,-0.0792746495079901,0.0237174698720246,0.0240360461884036,-0.00504812194174767,0.0438526086676636,0.119371703351625,0.139216968105744,-0.0532946375019549,0.0399234741113869,0.0212589617575892,0.679313985857753,0.0930094300378373,-0.171653409683735,0.0178912679780986,-0.306641221018347,-0.0381007013045725,-0.0150031031297486,-0.042287292985805,0.0543994681817368,0.0581902094450118,0.0580219795257662,0.00128831337320101,-0.0259948395525526,0.00318899070676651,-1.8692949790948e-06,1.23512311489549e-15,-4.70543742858709e-15,6.43582409587395e-16,-2.72525058075956e-15,-1.09634523681734e-15,9.78384040450919e-16,1.80411241501588e-16,5.55111512312578e-17,3.05311331771918e-16,-7.45931094670027e-17,-2.8275992658422e-16,-1.77652198588399e-17,-5.69257495754177e-17,1.15865157446543e-16,9.99200722162641e-16
"reviews_3_M",-0.182760104997042,-0.0525801308948508,0.00991985352187528,-0.00867997744417626,0.00378865683309563,0.0283166552580846,0.034927901407427,0.00394154211784211,-0.0763685830529476,-0.0770979019873767,0.0388072028533895,-0.006850542478718,0.0304008624534229,-0.111539236340779,-0.195484649927862,-0.400211714306989,-0.0648466816301776,0.00922119525174215,-0.160113962918173,-0.104367066005176,-0.0753375768184955,-0.0356165352229165,-0.0372073010076505,-0.0882932327589951,0.0895949276240065,0.426302416263152,-0.0312876935682519,0.0850866497772571,-0.058022838976557,-0.0111164827979761,-0.214803201838891,-0.103753027671703,0.306965506519839,-0.0631414255415334,0.531580922792061,0.0598935033914417,-0.0211138822596707,0.0896159244090587,0.154079964160306,0.0372652385152612,-0.0407719077908939,0.0281909457751961,0.0237187114180846,-0.0143589033529999,1.99542033828368e-06,-5.1761980118803e-15,6.45908023247377e-15,4.73018773130586e-16,-4.29181429978387e-16,1.07932326270932e-15,-1.92950039626383e-15,-6.90636783873266e-16,-2.25514051876985e-16,-1.38604405730547e-15,-5.74450968564288e-16,2.06676039130049e-16,5.57140407308517e-17,-4.77022008491036e-17,-2.44960338794024e-16,-1.77028530723433e-15
"reviews_6_M",-0.189250617000596,-0.0490915794075743,0.01138886505114,-0.00725495780273421,0.00341200933979897,0.0134816674418101,0.0138264201689268,0.0059512322745487,-0.0548441851982654,-0.0806088431498587,0.044340114100711,-0.0364418915008574,0.0446360118130186,-0.0723364122429803,-0.0397386604380489,-0.090660081864255,0.0250193462675367,-0.0249170921032567,-0.0644924378401008,-0.0274642120753755,-0.0211410791668693,0.00359952006560083,0.00248532175658897,-0.111347985121461,0.100002939995557,0.352935056736422,-0.0116968155109953,0.0216584943146909,-0.0714117999178689,0.092454432666406,-0.450329130804617,-0.182923190834085,-0.256854569698104,0.0622129534204029,-0.480680257718902,-0.0600796851594169,0.0586064592280888,-0.187858694582462,-0.293204035322199,-0.266328264567275,-0.147461411887781,0.00453954069574151,0.0727612562776357,-0.00756432815582637,1.86606777596247e-05,2.18575157973078e-15,-4.64038529823796e-15,-2.49095449128545e-15,-3.35668992601512e-15,7.63278329429795e-16,1.66186508998578e-15,1.01307850997046e-15,6.52256026967279e-16,6.66133814775094e-16,8.75167993630299e-16,-1.76941794549634e-16,-1.08877166809634e-16,1.97750288345034e-16,2.44395626919066e-16,-1.17961196366423e-15
"Avg_wt_score",-0.00535200984598168,0.0706312573013351,-0.408425000122097,0.119175576986124,-0.0577272408022222,0.0691488788382645,-0.0067405375597054,-0.00399877654803158,0.0122363507134539,-0.0187324244937287,0.01659287634546,0.00606223462245836,-0.00771687225504229,-0.0345026377206096,-0.00787679726978103,0.00146020436971565,0.0318764190492837,-0.0120979941115199,-0.0126132744082032,-0.00226891197863685,-0.000579206413282238,0.0163502093385814,0.0312043013160401,-0.0103011997531846,0.012892843151669,0.00319160194779833,-0.0026699810354886,0.00250841007383581,0.00674751157303465,-0.0152759400234533,-0.00139256865545043,0.00959705421443517,-0.00209015952932998,0.000248843844578866,0.00145431713289434,0.000196398382046334,-0.0117797427095103,0.00403140577980775,-0.0113930979666545,0.00722181358683899,-0.00411227098286493,-0.00428281813204538,0.00711862641115225,-0.000224084780435786,-2.20589779165062e-07,-0.00153969067551711,0.00154116212074254,1.86324010047038e-14,-0.000659765595336151,-0.00105195572958528,0.0119528664873504,-0.0102697122138559,-0.000622075757637327,-0.032811795978982,-0.147488476033394,0.163116953475611,-0.620558042272413,-0.388597298608638,-0.462493087175472,-0.0175608159489123
"Tot_wt_score",-0.00535200984598168,0.0706312573013351,-0.408425000122097,0.119175576986124,-0.0577272408022222,0.0691488788382645,-0.0067405375597054,-0.00399877654803158,0.0122363507134539,-0.0187324244937287,0.01659287634546,0.00606223462245836,-0.00771687225504229,-0.0345026377206096,-0.00787679726978103,0.00146020436971565,0.0318764190492837,-0.0120979941115199,-0.0126132744082032,-0.00226891197863685,-0.000579206413282238,0.0163502093385814,0.0312043013160401,-0.0103011997531846,0.012892843151669,0.00319160194779833,-0.0026699810354886,0.00250841007383581,0.00674751157303465,-0.0152759400234533,-0.00139256865545043,0.00959705421443517,-0.00209015952932998,0.000248843844578866,0.00145431713289434,0.000196398382046334,-0.0117797427095103,0.00403140577980775,-0.0113930979666545,0.00722181358683899,-0.00411227098286493,-0.00428281813204538,0.00711862641115225,-0.000224084780435786,-2.20589779165062e-07,-0.00153969067551711,0.00154116212074254,1.86324010047038e-14,-0.000659765595336151,-0.00105195572958528,0.0119528664873504,-0.0102697122138556,-0.000622075757637493,-0.0328117959789852,-0.147488476033388,0.163116953475615,0.557379893234714,0.390588918388373,-0.535507190847948,-0.0175608159489123
"pos_avg_wt_score",-0.00535200984598168,0.0706312573013351,-0.408425000122097,0.119175576986124,-0.0577272408022222,0.0691488788382645,-0.0067405375597054,-0.00399877654803158,0.0122363507134539,-0.0187324244937287,0.01659287634546,0.00606223462245836,-0.00771687225504229,-0.0345026377206096,-0.00787679726978103,0.00146020436971565,0.0318764190492837,-0.0120979941115199,-0.0126132744082032,-0.00226891197863685,-0.000579206413282238,0.0163502093385814,0.0312043013160401,-0.0103011997531846,0.012892843151669,0.00319160194779833,-0.0026699810354886,0.00250841007383581,0.00674751157303465,-0.0152759400234533,-0.00139256865545043,0.00959705421443517,-0.00209015952932998,0.000248843844578866,0.00145431713289434,0.000196398382046334,-0.0117797427095103,0.00403140577980775,-0.0113930979666545,0.00722181358683899,-0.00411227098286493,-0.00428281813204538,0.00711862641115225,-0.000224084780435786,-2.20589779165062e-07,-0.00153969067551711,0.00154116212074254,1.86324010047038e-14,-0.000659765595336151,-0.00105195572958528,0.0119528664873504,-0.0102697122138556,-0.000622075757637799,-0.0328117959789843,-0.147488476033389,0.163116953475614,-0.35715224791213,0.589101831637192,0.524786912730318,-0.0175608159489123
"Pos_tot_wt_score",-0.00535200984598168,0.0706312573013351,-0.408425000122097,0.119175576986124,-0.0577272408022222,0.0691488788382645,-0.0067405375597054,-0.00399877654803158,0.0122363507134539,-0.0187324244937287,0.01659287634546,0.00606223462245836,-0.00771687225504229,-0.0345026377206096,-0.00787679726978103,0.00146020436971565,0.0318764190492837,-0.0120979941115199,-0.0126132744082032,-0.00226891197863685,-0.000579206413282238,0.0163502093385814,0.0312043013160401,-0.0103011997531846,0.012892843151669,0.00319160194779833,-0.0026699810354886,0.00250841007383581,0.00674751157303465,-0.0152759400234533,-0.00139256865545043,0.00959705421443517,-0.00209015952932998,0.000248843844578866,0.00145431713289434,0.000196398382046334,-0.0117797427095103,0.00403140577980775,-0.0113930979666545,0.00722181358683899,-0.00411227098286493,-0.00428281813204538,0.00711862641115225,-0.000224084780435786,-2.20589779165062e-07,-0.00153969067551711,0.00154116212074254,1.86324010047038e-14,-0.000659765595336151,-0.00105195572958528,0.0119528664873504,-0.0102697122138556,-0.000622075757637799,-0.0328117959789841,-0.14748847603339,0.163116953475614,0.42033039694983,-0.591093451416927,0.473213365293102,-0.0175608159489123
"Amz_No_of_images",0.0912283297369162,-0.0981337173147991,0.0922176016116508,0.281778581087832,-0.166551928965856,0.0205658360055108,0.0240115661490286,-0.038895926751493,0.0992170959452833,-0.237477403379397,0.0766418949439521,0.257688227960408,0.272084335603604,0.150878342042632,0.0379975384378363,-0.0691832938477322,0.0397710397689053,-0.00314928382576674,0.105519177585923,-0.0435992452597774,-0.0358531916973146,-0.0757500527132635,-0.0769652239328613,-0.156346043901337,0.162193002248842,-0.072136257980585,-0.00213471882972016,-0.0563071342287747,0.000224639944624195,0.00516332773159198,0.00313825639794021,-0.0033334580070818,0.00537809388371193,-0.00647327317659152,0.00218949856293082,-0.00206101043813805,0.000517676347674749,0.00060574863675215,-0.00125216209511145,0.000406395862455256,-0.0005135254518992,0.000178148986373688,-3.15763302888049e-05,-0.000119576392521117,8.18622554032744e-07,0.444811231296362,-0.391746921899818,2.33736132933347e-14,0.333659792904824,-0.168783725452981,0.149121882700842,0.0545247105448522,-0.0278010098270175,-0.108887943398722,-0.0298115697971835,-0.0415555512791026,-1.2573534271377e-16,-7.328733760644e-17,9.44049368155993e-17,0.0626298228484105
"Amz_Not_User_Gen_images",-0.0645820799108066,-0.13034591785802,0.108301278845652,0.307444788381048,-0.208318607160191,-0.0503338724480852,0.0521029218723234,-0.0041975018588336,0.0637232962825196,-0.147922141230769,0.0612897540441051,0.188841607947956,0.0541608345678771,-0.17691147866818,-0.0937964543409537,-0.0181741809051376,0.0793306498312439,0.0117990903115765,0.384382320841939,-0.0415137386424827,-0.0324337365723851,0.0775499867387597,0.21671927282722,0.335151605725699,-0.576958119795253,0.201059430258498,-0.0394108963927833,0.030682040685966,0.0624936582158699,0.000970731185338893,-0.00656117599699105,0.00905240657830685,-0.0128108320733875,0.0246829087424605,-0.00264812041372481,0.0107130755129791,-0.00223010581840429,4.94737732999601e-05,0.00330949008154623,-0.00120240681578196,0.000255896098404947,-0.000203036196525534,0.000628121286779811,-0.000298090789512724,1.7267424619093e-06,-0.0671287532392581,0.0591205450811358,-3.19503538209753e-15,-0.0503543173550106,0.0254720210722078,-0.0225047511440394,-0.00822860481499108,0.00419559353985069,0.0164328402001905,0.00449901749728233,0.0062713622122496,2.63585117405396e-17,4.79479760315703e-18,-6.94533964553545e-18,-0.00945178904578588
"Amz_User_Generated_images",0.109873492352993,-0.0853773266302754,0.0825598946769568,0.25612422582134,-0.147020839227389,0.0306438517032277,0.0175715835592759,-0.0416344717150578,0.0974966200960923,-0.234114876054129,0.073331525763249,0.249387256406013,0.287168683196692,0.193226548099605,0.0567489940292773,-0.0722958364442176,0.0302487120716097,-0.00536441377138565,0.0516970508709602,-0.0406243980577095,-0.0336867699045635,-0.0951606643590482,-0.119336620554751,-0.225161523350058,0.2712320383239,-0.11151050316704,0.00414901473350471,-0.0663078485050861,-0.0100179632317962,0.00545895515098815,0.00449227005678001,-0.00511377208248388,0.00795578866368173,-0.0110970582983576,0.00281731696784342,-0.00400189253472875,0.000929515344681264,0.000651007990526919,-0.00190598134835167,0.000639664220120001,-0.000600803652967984,0.000227190584543402,-0.000137506083590409,-8.1163476105906e-05,6.07209526348003e-07,-0.408785588075243,0.360019002619983,-2.16736893189629e-14,-0.306636400034573,0.155113786730932,-0.137044373490957,-0.0501087074617041,0.0255493821909615,0.100069015449148,0.0273971051843076,0.0381899315309797,1.08847286659917e-16,6.60099284159666e-17,-9.15492608135845e-17,-0.0575573797665147
"kohls_Number_of_images",-0.0290932952096111,0.0486730611771452,-0.046200308009824,-0.0889712868631252,0.126395417799437,-0.182556491210213,0.379871326222369,-0.0960833640292192,0.0499607394193365,0.175361929151805,0.433708050943847,0.176414326098962,-0.084437879965385,0.2926290954386,-0.565293709007218,0.178104033701662,0.285191559951346,-0.0415423357865699,0.0150850058136629,0.0120811826660204,0.0217115272332315,0.0274090374894612,-0.0318519845117662,-0.0311140795436477,0.0200372642267814,0.0119564849407121,-0.00335246532435563,0.00119056372841682,0.00724995253481268,0.00919358189837223,-0.00310047644505801,0.00280770555586712,-0.00132625691734282,0.00495117163691531,0.00249323667931114,0.000970989656712933,0.000491729523208244,-0.000630170692850998,0.000700631315469026,-0.000221251146699327,-0.000131463061216593,3.7572465803814e-05,3.07080516485925e-06,-8.09332819240761e-05,7.7489210585065e-06,-2.77555756156289e-17,-2.60208521396521e-18,9.21571846612679e-18,-1.90819582357449e-16,-6.93889390390723e-17,1.38777878078145e-17,1.17961196366423e-16,-1.38777878078145e-17,-1.80411241501588e-16,-6.59194920871187e-17,-1.04950770296597e-16,5.21203018879923e-18,-4.0720387002329e-19,-1.75716240862667e-18,-1.38777878078145e-16
