"","PC1","PC2","PC3","PC4","PC5","PC6","PC7","PC8","PC9","PC10","PC11","PC12","PC13","PC14","PC15","PC16","PC17","PC18","PC19","PC20","PC21","PC22","PC23","PC24","PC25","PC26","PC27","PC28","PC29","PC30","PC31","PC32","PC33","PC34","PC35","PC36","PC37","PC38","PC39","PC40","PC41","PC42","PC43","PC44","PC45","PC46","PC47","PC48","PC49","PC50","PC51","PC52","PC53","PC54"
"kohl_Regular_price",-0.0209093710151669,-0.25913234438853,0.100616191298621,-0.0581942219850675,0.0232579069004197,-0.153572621868557,0.0205070916445831,-0.00954199608955125,0.03012073427809,-0.0045380720611894,0.0312766502283564,-0.0202188462256042,0.0930208649127164,-0.0639957114416498,0.0225748128230597,-0.00863982586333629,-0.0213326222779417,0.094545089764978,-0.0159269754685577,-0.0253052674304582,-0.07071854293789,0.0602446596036945,0.010732850648468,0.155448334024089,-0.107620335087066,-0.221768235602008,-0.442543559182515,-0.0687148290431124,0,0,-0.757687850821862,0,0,0,0,0,0,0,0,0,0,0,0,0,0,0,0,0,0,0,0,0,0,0
"kohl_disc_perc",-0.0486845189211968,-0.153432449275032,0.0973122021779402,-0.0129046204295939,-0.0598722939031265,-0.161258773718264,0.0890782574035758,0.248552476822235,-0.00606355722058903,-0.521613496254566,0.119978267458596,-0.231513958039265,-0.263144884618263,0.221275936489298,-0.108447337680663,-0.014490680753863,0.198878002484038,0.438555372171015,-0.0196767424187504,-0.041663987986027,-0.223175532305703,-0.0156160159001552,0.0578124312323998,-0.258350122717665,0.117331030127249,0.159055747137514,0.0163560857061574,0.0371802958420488,1.20652841934156e-15,-9.96118467581669e-16,-1.66533453693773e-16,3.56782490520299e-17,1.46786452941096e-15,-2.60825838400279e-15,1.15370171304638e-15,5.1715023801047e-16,-7.45323592449536e-16,2.19781151809065e-16,1.13793134770496e-15,5.63217982968423e-16,-1.44110913853863e-16,1.39071559397288e-15,3.20310995632342e-16,3.23536734609385e-16,2.72359167587139e-16,8.38464295596559e-16,3.74900112402504e-16,7.79174681859556e-17,-5.2460919027436e-17,-4.52434945322488e-18,-5.33662761465889e-18,5.98479131565863e-16,-5.50423201732344e-16,-1.10710667769632e-16
"kohl_markdown_price",-0.0245623296797913,-0.186287323125012,0.072393616781501,-0.0106935631873346,0.00675881931454714,-0.190062815763202,0.112606459007543,0.198203716374344,-0.0485267451994173,-0.502355388544934,0.0286817778023138,0.0244101536313175,-0.140356672570799,-0.0913463761249349,0.0600000920574525,-0.0495120539886639,-0.277823803348054,-0.659563667522803,0.0448427324243996,0.0984398995455387,0.230361313608846,0.0203371708506684,-0.0536466498978976,-0.00938834329706491,0.0224110736649139,0.0105549621943402,0.00168012094362249,0.000233655577598739,-2.00805435443813e-15,1.85475057122049e-15,-4.16333634234434e-16,1.87740224136762e-15,-1.82879843024678e-16,1.54190089647049e-15,-8.40487021317988e-16,5.15721667804044e-16,1.32290096955331e-16,2.33739616027361e-16,-7.48039067137414e-16,-2.1314715645317e-17,1.12306861733844e-16,-9.53622882748499e-16,-1.82472951197227e-15,4.07635126508901e-16,-8.8537887646969e-16,1.89944170829152e-16,6.66559822954689e-16,-1.03966027204076e-16,3.86396684992636e-17,5.86510579117898e-18,-1.1051609139401e-17,2.20067192836392e-16,2.46394128585008e-16,-2.01992403827762e-16
"kohl_final_price",-0.0142632715530815,-0.258345492073516,0.0957726450273101,-0.055095967598392,0.0361105976882321,-0.138628100074472,0.0161124945878455,-0.0610674689070559,0.0306716155659157,0.0913980565386071,0.0190226116438387,0.0248167461579699,0.144867019136448,-0.122749977323629,0.0412069716054652,-0.0146844996363332,-0.0522803144846745,0.0384199995777815,-0.0162970109553448,-0.0374251422116421,-0.0330835414622366,0.0479347602528278,0.0196003308079881,-0.0692326047011439,0.00781446154228674,0.154063476707373,0.201702509350202,0.0360901723382091,0.00267573597493389,0.029223736027183,1.50573997714787e-15,-0.0105194260166044,-0.00257142606870177,0.0717444136652797,-0.0816757488687812,0.0346626560605813,0.121776628327612,0.0572246316958146,0.264754139201002,0.11840242919925,0.332130328258738,0.160955075753039,-0.332850923381197,-0.0877949485161432,-0.155651110120057,0.497509800057784,0.227535143292639,-0.0832492285330497,-0.0111941149903814,-5.6978835144297e-16,2.07473127108865e-16,-0.117765179148609,0.0563960027385882,-0.222072711880578
"amazon_Regular_price",-0.0400813068888921,-0.227718088096959,-0.195018187397083,0.127366017392079,0.0151773827156471,0.0697568813024861,-0.0426627088626228,-0.0368975372141377,-0.0315033200317095,0.0648928549260631,-0.0535431279771548,0.0117811266773363,-0.136172919964968,0.129353527124759,0.145226545513565,-0.220594161704165,-0.0465641504666303,0.113304345833946,0.0558323828979404,0.369140737913585,0.175846715866334,0.0550452719734766,0.28344432817054,-0.0117602221519743,-0.0425492728317047,0.0106413005774834,-0.00197913927709087,-0.00467442787813618,-0.00931043367680947,-0.0246203430752727,-1.20736753927986e-15,0.0466688671416102,-0.626966637675307,0.0320538597533551,0.0505980548373036,0.0229076416927707,-0.15097119374633,0.00167842770106324,0.00358224197933213,0.0700180694408485,-0.0667447283159233,0.150237555436466,0.00293969732715564,0.106262007477695,-0.0643934252266169,0.0699914065369201,-0.0513182953140266,0.0508934511207729,-0.000856014416002314,-1.46102408129312e-16,1.29822984472121e-16,0.0276548525385005,-0.137324718565045,-0.000302794593840604
"amazon_Shipping",0.00870090172705013,0.0242124203836046,-0.0285124372979293,-0.0589948898647637,-0.112716407656986,0.191891963133808,0.0583619812238187,-0.0883223511240377,-0.417907794997724,-0.150727644488827,0.689245019107068,0.205411812563487,0.37256825376587,0.029039638297109,-0.107072018932852,-0.211489296623769,0.115413030667245,0.00231795720361483,0.010905207076679,0.0515510785194869,0.0669913282836527,0.00796959508728497,0.053114725889916,0.00550595018150667,-0.0123320365503405,0.00694130391581044,-0.0117086165155345,0.00265530701474281,2.9227380064778e-16,1.20942752340758e-16,-1.52655665885959e-16,2.7148422399037e-16,-1.70870262383715e-16,-9.3946118245869e-17,1.35091590691694e-16,1.17635935714677e-16,-1.58293517182884e-16,6.97684097994422e-17,-4.17959937493162e-17,4.77048955893622e-18,-1.3541685134344e-16,6.52689707836274e-17,1.0714627969588e-16,-4.42354486374086e-17,-3.41523684332934e-17,-3.90312782094782e-17,-1.29291109068896e-16,1.50162000889242e-16,2.24328205750829e-17,3.29257357740548e-18,-1.96282924620535e-20,1.63416372447878e-16,-3.72965547335014e-16,1.23870098206469e-16
"amazon_markdown_price",-0.0330559964083058,-0.226491516672181,-0.118931129788133,0.12136365568473,0.0146850452221834,0.0870394477124397,-0.00217383946985805,-0.0770622706270393,-0.124931281267856,0.127259345480684,-0.0839318402406833,0.0525848372370134,-0.229032650702929,0.241439810956951,0.0371534595598435,-0.556206796540602,0.139123657763169,-0.229257840792079,-0.0959825525805321,-0.54320515196839,-0.198911928739392,0.079529386682169,-0.136499629384377,0.0295219002983182,0.0159857629917784,0.00170716950587792,-0.000388539968739953,-0.00633154231663888,-4.0338419453681e-16,-1.13841228110978e-18,2.15105711021124e-16,3.59955121265187e-17,1.99926880606327e-16,3.68086637558829e-17,-2.69207399428151e-16,-6.6976589205292e-17,2.5955800009303e-16,-2.8568727244993e-17,3.51281503885303e-17,2.4611389315421e-17,1.15359111152458e-16,-3.08455518072126e-16,1.33573707650214e-16,-4.98732999343332e-18,-6.11490025281825e-17,-6.11490025281825e-17,-2.3635607360184e-17,-1.43873628288826e-16,3.1523178165016e-17,1.39761775179828e-19,4.71181014803511e-18,-1.98300577347599e-16,2.60208521396521e-18,6.76542155630955e-17
"amazon_final_price",-0.040081306888892,-0.227718088096959,-0.195018187397083,0.127366017392078,0.0151773827156472,0.0697568813024859,-0.042662708862623,-0.0368975372141374,-0.0315033200317094,0.0648928549260633,-0.0535431279771552,0.0117811266773371,-0.136172919964967,0.129353527124758,0.145226545513564,-0.220594161704164,-0.0465641504666304,0.113304345833946,0.0558323828979402,0.369140737913585,0.175846715866332,0.055045271973476,0.28344432817054,-0.0117602221519749,-0.042549272831706,0.0106413005774805,-0.00197913927709326,-0.00467442787813274,0.00931043367680929,0.0246203430752723,1.42941214420489e-15,-0.0466688671416093,0.626966637675309,-0.0320538597533557,-0.050598054837303,-0.022907641692771,0.15097119374633,-0.00167842770106275,-0.00358224197933225,-0.0700180694408485,0.0667447283159233,-0.150237555436466,-0.00293969732715632,-0.106262007477695,0.0643934252266171,-0.0699914065369197,0.051318295314027,-0.0508934511207725,0.000856014416002339,1.43565078634582e-16,-1.27854135677103e-16,-0.0276548525385003,0.137324718565045,0.000302794593840301
"Target_Regular_price",-0.0292765348598111,-0.2329651725302,0.0987317853520235,0.132100695404504,0.16009262395663,-0.147402258651892,0.0742388869137819,-0.0231457616681987,0.0234163813062965,0.0792651073696189,0.106480319422963,-0.0422667721416446,0.120650912717896,0.0378118942444743,0.0308836066326921,0.00472271545213254,-0.21390985589416,0.0884691975046689,-0.000138864300654053,-0.0220520206466914,-0.0874626951067785,-0.193823044525484,-0.0996406105878121,-0.000501879732766136,-0.206202135495743,0.0471197661954436,-0.623634202887382,-0.0426410838941077,1.28675282234925e-14,1.67990621413594e-14,0.531653482996164,9.55745899089422e-15,2.38697950294409e-15,-1.50053580671994e-15,8.18962953008651e-15,1.35828848168984e-15,-1.93248195223816e-15,7.69409492715201e-15,-1.13646071719931e-15,-5.82867087928207e-16,-4.04710986945389e-15,5.69336244815588e-15,-1.44936146417862e-15,-2.36963226818432e-15,1.34094124693007e-15,-5.7072402359637e-16,-2.77035339113496e-15,6.44449771325384e-15,-9.35937525398112e-17,8.22645241828572e-18,-2.06803005679955e-17,1.11534045887929e-14,-9.3119956190435e-15,-2.9321163552698e-15
"Target_disc_perc",-0.0263672521643277,-0.172667800855177,0.217263622899625,-0.0430935219700295,0.0778874031362526,0.152811160753444,-0.0544572176907864,7.33250589568524e-05,0.237544008900205,0.19143549614542,0.323972317477508,-0.0858937553159345,-0.2123175282549,0.24061352938602,-0.237609820041323,0.092815949566579,-0.0270154988597458,-0.246149257632481,0.0560674623194794,0.295926185924578,-0.422452754967848,-0.0739911086441589,-0.0429067276795906,0.0309488200235259,-0.233703352422921,-0.254420359678713,0.237202977090158,-0.0142202482694958,-4.98396896669862e-15,-6.24066770482656e-15,-3.7470027081099e-16,-3.51064663450806e-15,-3.09821612809458e-15,2.98329069781111e-15,-3.53341488013026e-15,-7.93419149824892e-16,1.2941037130787e-15,-2.7451999007333e-15,1.121932408088e-15,-6.29704621779581e-16,9.89063431849901e-16,-2.51534904016637e-15,1.72604985859692e-15,7.63278329429795e-17,-3.63424568217141e-16,-9.33281230075522e-16,-1.35260997281145e-16,-1.86808034319252e-15,7.39290356363553e-17,-6.0281883113923e-18,7.93215660190806e-18,-4.309187792565e-15,3.00627578386781e-15,5.44269490587723e-16
"Target_markdown_price",-0.0381775740495004,-0.180837103005163,0.218024889990058,-0.0205295111782988,0.0835385782280288,0.151870621110226,-0.0605268366798367,0.0453502636154329,0.250274758160409,0.146182202626835,0.268277121021707,-0.0994010411621118,-0.159356638631137,0.219312844204386,-0.139400243044412,0.137899930658384,0.000663662775193058,0.106358671521604,-0.0255765484519534,-0.271061173856102,0.690546844692208,0.0477080001096403,-0.0794979564812165,0.0932263559701492,0.156652208586733,-0.0114686829641266,0.00637942376844937,-0.00490708191306825,4.32705087038965e-16,-3.82072845583892e-16,-6.10622663543836e-16,7.71951946809679e-17,1.11716191852906e-15,-3.50414142147315e-16,-3.90746462963776e-16,-1.13515967459232e-15,4.64905891561784e-16,1.29941630372388e-16,-1.32185928869433e-15,2.52402265754625e-16,4.34114549863196e-16,-4.25007251614318e-16,-5.69422980989387e-16,1.11889664200504e-16,-1.32706345912226e-16,1.45716771982052e-16,2.30718222304915e-16,-1.07119174641568e-16,2.07489190759413e-17,4.4697414786101e-18,8.66993863623821e-18,3.5301622736128e-16,3.05311331771918e-16,8.78203759713259e-18
"Target_final_price",-0.0248659059737005,-0.219724370428308,0.0525790712016466,0.159965611236994,0.158666021049472,-0.227932826779247,0.108789560293718,-0.0319798050744275,-0.0537304685970768,0.0291907374562984,0.0332946400128277,-0.0146586244742948,0.21862318901907,-0.0521208857654264,0.104386537565728,-0.043512968282999,-0.260924454388795,0.176704290326191,-0.0209796566871703,-0.0968739284108748,-0.0415922842531557,-0.153948371126254,-0.0107292572588663,0.0634706160971561,0.162137177129831,-0.189977934223616,0.391250125354721,0.00980406283957987,-0.00277689921531729,-0.0482607409150848,-9.0205620750794e-16,-0.0332669444600931,0.0287327413039894,-0.21708387309585,0.156003159345209,-0.109947096870747,-0.30313811061578,-0.0146464169812754,-0.251717861600831,0.0376438954043406,0.165819402171056,-0.149095153475174,0.0971262558522502,0.0318838159285244,-0.0242282594793296,-0.107614448453383,0.0626966280337628,-0.0227419689335397,0.000470935582039189,8.70360045540062e-18,-1.47426239715385e-16,-0.172227843189018,-0.126914555657063,0.207059090134142
"kohl_pdt_desc_length",-0.0136804466183996,-0.0196670992686939,-0.0750743515370937,-0.117813966423947,0.0219221530469293,0.208706631512555,-0.21187566229698,0.336047398181882,0.45817921652301,-0.21615829488444,-0.185702987384628,0.273434477672856,0.501281315360943,0.302838889675898,-0.0719341596913175,-0.20310607540381,-0.133013767169383,0.0350102701418708,-0.00413798531905358,-0.0214310492827466,-0.0431197421552871,-0.0047586488267051,-0.00666492499090672,-0.0197258454899773,-0.0291697673650527,0.00787468090190406,0.00984555279844323,-0.00242966440321945,-2.25514051876985e-16,-1.71737624121704e-16,1.38777878078145e-17,-3.46944695195361e-16,-2.35922392732846e-16,2.35922392732846e-16,-5.68989300120393e-16,5.55111512312578e-17,-9.71445146547012e-17,-2.37657116208823e-16,-5.55111512312578e-17,3.68628738645072e-17,1.45716771982052e-16,-1.38777878078145e-17,2.08166817117217e-16,-8.67361737988404e-19,1.99493199737333e-17,2.77555756156289e-17,-8.32667268468867e-17,-8.50014503228635e-17,-1.85398571495021e-17,1.1939735106658e-17,-2.14020777154518e-18,-2.0122792321331e-16,1.14491749414469e-16,1.38777878078145e-17
"Amz_pdt_desc_length",0.0116438917592375,-0.0848726256027787,-0.219829276986822,0.00789463908516586,-0.12613517246805,-0.336072502374222,0.107696083229519,-0.152959195203331,-0.221991286572764,0.0900823414050193,-0.238471153844202,-0.113372804645935,0.218175786716252,0.412228150757936,-0.608479311671107,0.152749078154043,-0.0128055142347992,-0.116765301958873,0.0156403443011334,0.0667891850323943,0.092299572185113,0.119799681102507,0.00303753902575365,0.000125066263561791,0.0235084447929025,0.0160783953413663,0.000132131832543916,-4.96526978125272e-05,-2.66713734431434e-17,5.75494513155306e-16,8.32667268468867e-17,3.19189119579733e-16,1.94289029309402e-16,2.08166817117217e-17,-2.94902990916057e-17,3.29597460435593e-17,-7.45931094670027e-17,3.0140820395097e-16,3.12250225675825e-16,7.19910242530375e-17,-1.59594559789866e-16,4.5102810375397e-16,-2.81025203108243e-16,7.11236625150491e-17,7.97972798949331e-17,3.12250225675825e-16,-1.01481323344643e-16,3.46944695195361e-17,-1.1817803680092e-17,2.37282119367064e-18,-7.97333880561904e-19,3.95516952522712e-16,-1.31838984174237e-16,-1.70002900645727e-16
"Target_pdt_desc_length",-0.0194126201864298,-0.113553840501852,0.0556797784237605,0.209566460039313,0.19648904910493,-0.00456264563796323,0.00864532348070623,0.0534409771357602,-0.098255743457604,-0.0523279556392965,-0.0872469846522333,0.79697493628279,-0.276629057593293,-0.128344253098379,-0.307044548177706,0.183186339559492,0.0482368478388571,0.137363108421979,-0.0114938817792936,-0.000355422172479309,-0.0177659381742929,0.0117089581885615,-0.00984599869589279,0.0119366823114289,-0.00749601489491951,-0.00804085655344033,-0.00189375368126299,-0.00192041767195775,5.68121938382404e-17,-2.09901540593194e-16,-2.77555756156289e-17,-1.04083408558608e-16,4.71844785465692e-16,-1.2490009027033e-16,-1.94289029309402e-16,-2.22044604925031e-16,9.71445146547012e-17,-1.42247325030098e-16,-1.66533453693773e-16,-5.20417042793042e-18,5.55111512312578e-17,-2.08166817117217e-16,-1.38777878078145e-17,-1.64798730217797e-16,1.21430643318376e-16,-1.11022302462516e-16,9.36750677027476e-17,-2.77555756156289e-17,-2.42861286636753e-17,-3.18129371283575e-18,8.04481857381065e-19,-2.15105711021124e-16,2.25514051876985e-16,2.77555756156289e-17
"Price_diff_amazon_final_pr",-0.0202542806999541,-0.243333816469066,-0.173418995789683,-0.000867162284663958,-0.0165724702527507,0.0278404498769154,-0.113197585412825,-0.0293076587086949,-0.0307907235087554,0.0227845152185575,-0.0434904087776226,0.0562530814489776,0.121362326171803,0.029247712589183,0.191038661180263,0.248285205966911,0.36543583431621,-0.152677877835568,0.0508532225269255,-0.0378238231695544,0.0928493302207431,-0.276062487675546,-0.0758814856445398,-0.564632962356512,0.0597160034235795,-0.291689291209408,-0.010705125590049,-0.341026198727029,-1.36795143355212e-14,-1.43244791028785e-15,1.52655665885959e-16,-3.05490225130378e-15,-6.33174068731535e-16,5.27876353739742e-15,-3.60822483003176e-15,-9.26645912779911e-15,-2.60208521396521e-16,7.50896740620011e-15,-5.38805111638396e-15,4.32846033321388e-15,2.16840434497101e-19,-1.30163891817747e-15,4.46257614195034e-16,-1.34874750257197e-16,9.66132555901833e-16,-6.33607749600529e-16,1.26201132877313e-16,1.5185335627832e-15,3.04145814436496e-16,1.91990185637143e-18,-7.28428041164822e-19,-1.64852940326421e-15,1.67314079257963e-15,2.28289609438548e-15
"Price_diff_target_final_pr",0.004321897927965,-0.197819301649138,0.10789899476524,-0.289754676112384,-0.125508441185057,0.0255532315028983,-0.101478810631535,-0.070650326104165,0.119025454529642,0.128091298130207,-0.00592145745099165,0.0618133005366475,-0.00328098492856332,-0.156568528757118,-0.0514459219122344,0.0258908103092641,0.219067510172031,-0.142980587186336,-0.00395759353765371,0.0491993068330789,-0.00922770149005889,0.269778244001249,0.0478050667416268,-0.199467838294707,-0.180136890277831,0.502213328104169,-0.108532214704743,0.0526408826694934,-0.00231990850497466,-0.040318533235927,1.30451205393456e-15,-0.027792246460371,0.0240042312500538,-0.181358661024319,0.130329921292306,-0.0918532454190397,-0.253251064036643,-0.0122360750922966,-0.210292978860177,0.0314488882518525,0.1385307177393,-0.124558757008785,0.0811423136157664,0.0266367376013681,-0.0202410461701171,-0.0899044779330902,0.052378725092685,-0.0189993525360674,0.000393434322730986,1.2652279192709e-17,-1.17767301228225e-16,-0.143884529911966,-0.106028391470144,0.172983643621747
"Price_diff_amazon_reg_pr",-0.0308422871483511,-0.245713215372557,-0.156432419425036,0.00463550541019913,-0.0268615575163529,0.00459859112421375,-0.109383277035383,0.0307439106919995,-0.0364755748390473,-0.0808884941964602,-0.0366587363028886,0.00999071613650283,0.0666782428005852,0.097657413844513,0.169249451311633,0.234388164292502,0.391203027573853,-0.0970697630764184,0.0576389483428374,0.0456913660467353,-0.0284419429652308,-0.398733767767306,-0.0773836723074099,0.504748821512027,0.0491744572775057,0.175818744565963,0.0166865268526932,0.414254869418956,1.59056795512313e-14,2.73088843205649e-15,-2.08166817117217e-16,2.53247943449164e-15,3.08780778723872e-16,-5.38631639290799e-15,4.6525283625698e-15,1.07891126588378e-14,1.11716191852906e-15,-9.32684918880655e-15,5.76795555762288e-15,-4.72538674856082e-15,1.31838984174237e-16,1.36305897124878e-15,-7.12971348626468e-16,7.96238075473354e-16,-1.5560469579512e-15,5.02852967598777e-16,1.79110198894605e-16,-1.97936014367101e-15,-4.29296626459214e-16,-1.32985612933095e-17,-6.12915904634323e-18,1.77635683940025e-15,-1.43982048506075e-15,-2.67147415300428e-15
"Price_diff_target_reg_pr",-0.000733984025137748,-0.191510827226119,0.0627352105498377,-0.302056178480253,-0.178318581080648,-0.100381294781874,-0.0632288063412599,0.0134103615795006,0.0274056102242534,-0.120426350075161,-0.0869581970289476,0.0188954188423659,0.0167410579833987,-0.181224957699599,0.00181058081773156,-0.0239297481009541,0.257768466132176,0.0649972086076813,-0.0316887880083932,-0.0196821203474529,-0.0187131989886883,0.39286072222606,0.161448488379206,0.31189343502499,0.0742042319029101,-0.51014068980338,-0.00991464788347746,-0.0776617914850734,3.43670404634455e-15,4.93908299675772e-16,0.378488698292294,2.47631776195689e-15,-2.08166817117217e-16,9.38485400503453e-16,2.79073639197769e-15,-2.7300210703185e-15,8.6389229103645e-16,3.72471049500406e-15,-1.69092170820839e-15,-5.86594032896126e-16,-2.05304523381855e-15,1.12757025938492e-15,1.04291439850454e-15,-1.2416283279304e-15,1.0992590301559e-15,-1.12681131786418e-15,-1.81582179847872e-15,2.57866644703952e-15,1.85032653261807e-16,7.0652837159477e-18,-3.32278463733849e-18,2.86836526752765e-15,-3.32253755758183e-15,-1.05731395860786e-15
"Price_rat_amazon_final_pr",-0.0240895937097804,-0.12914779861809,-0.358721545604426,0.00436573942364393,-0.111491405589226,0.187574421375282,-0.0706485074471254,-0.0012580124373417,-0.0283215831602189,-0.0191135186124749,0.117459080107436,-0.0104628846571393,-0.0467866526514278,-0.0240899820079178,0.0726022841340178,0.323266043792743,-0.327030285930935,0.0169622880677033,-0.0574986066719742,-0.220089199228378,-0.0936913099030972,0.253574777742497,0.0635752508549724,-0.260989385767881,-0.054016636592937,-0.197644926787293,-0.0642137855546642,0.568767131652669,2.16478361793468e-14,8.18665813850754e-15,-2.4980018054066e-16,4.01756536025366e-15,-6.52689707836274e-16,-6.94951908519759e-15,5.18620147098737e-15,1.20518016139687e-14,-4.88270448378847e-16,-1.07023256630621e-14,7.74825082566766e-15,-4.54454182619024e-15,1.82688066063807e-17,1.54759018100581e-15,4.96239334346615e-16,2.24554532954335e-15,-2.81116005040188e-15,9.96951002654733e-16,6.83982493039637e-16,-1.69281906201024e-15,-3.66963048354296e-16,1.08893375099149e-17,3.50746492017783e-18,5.0344114727735e-15,-3.0556069827159e-15,-5.09371733160846e-15
"Price_rat_target_final_pr",0.0234993256642627,-0.101950028049572,0.0794565263504818,-0.369158640839455,-0.260903933882591,0.136753327913606,-0.0602535732038965,-0.119895662912012,-0.0424690626371438,0.123057859222926,-0.0477308080991009,0.10703039471916,-0.13830855596205,-0.00967131411070703,-0.0988565543360791,-0.0770584841227461,-0.287134547681076,-0.0102714110561988,0.019664660364967,0.0968003756670355,-0.142843957475612,-0.300010393983828,0.0487558378971336,-0.0387086985452455,0.65991958702269,0.0322104618800571,-0.18150579822539,0.000317653530249218,4.86996510826176e-15,7.58583734022933e-15,-1.2490009027033e-16,4.39362088378026e-15,4.00200705907849e-15,-4.20236762055382e-15,5.20991669944459e-15,1.39298295120938e-15,-1.52533693141554e-15,4.79260728325492e-15,-6.48352899146332e-16,8.64976493208935e-16,-1.8249290967276e-15,4.44522890719057e-15,-2.06215253206743e-15,3.7470027081099e-16,6.78927400410423e-16,1.75207071073658e-15,5.68989300120393e-16,2.81545620151036e-15,-3.0140820395097e-17,-1.08480353780885e-17,-1.11870020314297e-17,5.20156834271646e-15,-4.73319300420272e-15,-8.71915387112843e-16
"Price_rat_amazon_reg_pr",-0.0305134230195147,-0.146272641598929,-0.341749923312154,0.00682457680041405,-0.113831765993662,0.161097770119239,-0.0723506064436676,0.0350837818301191,-0.0377782487761871,-0.0872447241340331,0.116400052596437,-0.037383229217142,-0.0639322833717463,0.0193174598912811,0.0731062893935885,0.330460540520758,-0.242544553111218,0.0388288975334318,-0.0442596320730262,-0.15903707243157,-0.159541024878307,0.103441819443255,0.0473532712680871,0.314014722656652,-0.0339295252001905,0.269553241693985,0.0808079636665919,-0.606246678053439,-2.28792679246581e-14,-9.4165127084711e-15,6.10622663543836e-16,-4.30211422042248e-15,7.04297731246584e-16,7.15399961492835e-15,-6.00127586514176e-15,-1.31526733948562e-14,-1.12323345069498e-16,1.13212390850936e-14,-8.27463098040937e-15,4.70110061989715e-15,-7.80625564189563e-18,-1.79717352111197e-15,-1.56125112837913e-17,-2.50841014626246e-15,3.06005221162309e-15,-1.30798150088651e-15,-1.02825734038525e-15,1.66446717519975e-15,3.95950633391706e-16,7.29043047616901e-18,4.40369429389365e-18,-5.35682609381638e-15,3.23699400617272e-15,5.62744295606876e-15
"Price_rat_target_reg_pr",0.0225007344483406,-0.0706119473457104,0.00558787300513537,-0.36718051931991,-0.327040045225647,0.0376980290324973,-0.01411684110318,-0.0679015556651794,-0.166126534413293,-0.0816199823853176,-0.159725241178762,0.0552478029703157,-0.154960340249525,-0.0213352157151501,-0.0391279746330442,-0.117247417131885,-0.192734479389078,0.233815541254151,-0.00296816365143926,-0.0466280988358182,0.198864167038301,-0.329440066834333,-0.256460810767261,-0.000137851620978235,-0.547974281624791,-0.0919567785631868,0.165279076806546,0.000553591712422952,-5.7567205126105e-15,-6.94155019922982e-15,2.77555756156289e-17,-4.41595544853346e-15,-3.5830713396301e-15,4.03800257120501e-15,-5.42968447980741e-15,-1.36349265211777e-15,1.52742402059758e-15,-4.93723985306449e-15,4.07443176420053e-16,-9.28077059647592e-16,2.11462791721573e-15,-4.2934406030426e-15,2.05521363816352e-15,-4.06792655116561e-16,-7.81492925927552e-16,-1.80758186196783e-15,-2.70616862252382e-16,-2.57454647878408e-15,2.75251826539757e-17,-1.69408413548658e-17,-1.16103743350135e-18,-5.36203026424431e-15,4.618592834571e-15,8.56953397132543e-16
"TCIN_var",0.00400325547174907,-0.14231270270716,0.0372691571770939,0.105229196398388,0.192263646094825,0.3923317518928,-0.0505244836788008,-0.0515849650868449,-0.0465868761219247,-0.160485233221653,-0.178448851119121,-0.294238059494824,0.084194420560374,-0.382755995861782,-0.427992129874024,-0.0589153197319365,0.0283753271246292,-0.0631988101756833,-0.0390780472665313,-0.164305791034373,0.0186076091555377,-0.25821546678107,0.419048674438519,-0.00242221549140592,-0.0915171041402574,-0.0158132546527036,-0.000780620213474525,0.00165226120936909,-6.62176476845522e-16,-1.49619899803e-17,1.38777878078145e-16,1.45283091113058e-17,3.12250225675825e-17,1.47885176327023e-16,-1.87350135405495e-16,-3.78169717762944e-16,-3.36536354339501e-16,9.68192540029555e-17,1.86699614102004e-16,1.55257751099924e-16,-1.43114686768087e-16,2.54570670099596e-16,1.30104260698261e-16,-7.02563007770607e-17,7.11236625150491e-17,9.0205620750794e-17,-1.46150452851046e-16,2.09793120375945e-16,1.05709711817337e-17,1.20206104766698e-17,2.40616895100231e-18,2.36789754470834e-16,7.45931094670027e-17,-1.6306400674182e-16
"max_tcin_price",-0.0142632715530818,-0.258345492073516,0.0957726450273102,-0.0550959675983921,0.0361105976882323,-0.138628100074472,0.0161124945878455,-0.0610674689070559,0.0306716155659158,0.0913980565386071,0.0190226116438385,0.0248167461579701,0.144867019136448,-0.122749977323629,0.0412069716054651,-0.0146844996363333,-0.0522803144846746,0.0384199995777807,-0.016297010955345,-0.0374251422116414,-0.033083541462236,0.0479347602528273,0.0196003308079883,-0.0692326047011456,0.00781446154228812,0.154063476707377,0.201702509350207,0.0360901723382109,0.000295100647145621,0.0204122976405725,-3.09474668114262e-15,0.0338686771257711,-0.0217285674789573,0.128351555178214,-0.0685128449568895,0.0523014682935387,0.164313733651935,-0.0317664685770747,-0.0510785131861004,-0.213908371001079,-0.583658991116035,-0.101850476012892,0.341251197383265,-0.120686753904516,-0.137702875026931,0.160778838262593,0.0512645548527213,-0.0709390806675086,0.234660986296513,1.82101598967726e-15,4.89127923884242e-16,0.266382309077003,0.0684246077856095,0.0180465362256019
"min_tcin_price",-0.0142632715530818,-0.258345492073516,0.0957726450273102,-0.0550959675983921,0.0361105976882323,-0.138628100074472,0.0161124945878455,-0.0610674689070559,0.0306716155659158,0.0913980565386071,0.0190226116438385,0.0248167461579701,0.144867019136448,-0.122749977323629,0.0412069716054651,-0.0146844996363332,-0.0522803144846746,0.0384199995777807,-0.0162970109553444,-0.0374251422116417,-0.0330835414622359,0.0479347602528274,0.0196003308079881,-0.0692326047011458,0.00781446154228815,0.154063476707376,0.201702509350208,0.0360901723382131,0.00116732388379658,0.0222825620588106,-3.66373598126302e-15,0.0262254525592516,-0.0185177992747591,0.123404396296207,-0.0822887352886897,0.076880040928631,0.16564881179438,-0.00363193911666253,0.161436624281549,0.0394086659659228,0.00442307926612447,0.163078356100521,-0.153138705211929,0.160968149489116,0.329459158122235,-0.497920606957655,-0.37223078435504,0.1880785984656,-0.224168663800315,-1.26660114305339e-15,-4.57087761114602e-16,0.108038370843267,0.0643086164012728,-0.104535166597805
"gross_sales",0.0185849673425417,0.0634936354698211,0.0580801415692406,0.062326088744987,0.0584380943722337,-0.193450841000269,-0.638804252370945,-0.102717576993434,-0.101480082935001,-0.0763562374050085,0.0580084659687736,-0.0360616122307726,-0.0347065255814442,0.00250984079090846,-0.0312118550493883,-0.0341650912489026,-0.0666216066339481,0.00268873632416952,-0.00484821563702909,-0.0136281067315231,-0.000582593002845665,0.00189209535581051,-0.00318562228404962,-0.00852379721769679,-0.00113163785261094,0.00385787195633708,0.00114684136600855,0.00014491264464675,-0.00204958777244782,0.0372874298284894,-2.10248485288389e-15,0.0141652788581341,0.00438616772820065,0.319876668141482,0.569480534881201,-0.117098310366466,0.156549732798109,-0.102095804232223,-0.0163064598409666,0.017932632336602,-0.00678261386223726,0.0500777974351211,-0.00834307283965815,-0.039267660428953,0.0520400081540066,0.00491262375194965,0.0388392114631302,-0.000143050121629927,-0.000407258497560778,-4.56578828109263e-17,7.04380269771007e-18,-0.0896500592735875,0.0514380423576301,0.0586191645360687
"net_Sales",0.0185849673425417,0.063493635469821,0.0580801415692406,0.0623260887449869,0.0584380943722339,-0.193450841000269,-0.638804252370944,-0.102717576993434,-0.101480082935001,-0.0763562374050083,0.0580084659687734,-0.0360616122307724,-0.0347065255814441,0.00250984079090846,-0.031211855049388,-0.0341650912489023,-0.0666216066339469,0.00268873632416932,-0.00484821563702884,-0.0136281067315224,-0.00058259300284598,0.00189209535581016,-0.00318562228404928,-0.00852379721769515,-0.00113163785260983,0.00385787195633544,0.00114684136600332,0.000144912644645168,0.00204958777244764,-0.0372874298284894,1.65145674912992e-15,-0.0141652788581342,-0.00438616772820041,-0.319876668141483,-0.569480534881202,0.117098310366466,-0.156549732798109,0.102095804232223,0.0163064598409666,-0.017932632336602,0.00678261386223734,-0.0500777974351213,0.00834307283965818,0.0392676604289529,-0.0520400081540066,-0.00491262375194975,-0.0388392114631302,0.000143050121629965,0.000407258497560658,3.82224329912527e-17,-1.30473207368748e-17,0.0896500592735876,-0.0514380423576302,-0.0586191645360686
"Amz_rating1",-0.147469934724388,-0.0027146973577415,0.109692841831293,0.238466417575817,-0.29075734866927,0.0261783379774847,0.00645839072587009,-0.178669285643955,0.125847820009749,-0.076366191404373,-0.0153932521479061,0.0284820374390547,0.0344243840221942,-0.0151080990205681,0.000696289797585549,0.0063491740886703,-0.00144567776375608,-0.00293470802370525,0.116577735346516,-0.0248174107988915,-0.00750200099775396,0.00512204298588612,0.0012845235472716,0.00313296035237867,-0.00251532290066167,-0.00193856396457565,-0.000416008314088862,-0.000580073992152541,-0.000398902519425364,-0.0650974886584047,-5.96744875736022e-16,-0.0164892705342204,0.0377992006484543,0.359385834360723,-0.0381308780140326,-0.0525082559509306,-0.434553415272771,0.446997380230058,-0.0888699309656797,0.0358157249159749,-0.0773812704090558,-0.0655015969382033,0.049122777257294,-0.163716453792195,0.0666685396014308,0.0220426688819285,-0.0956411365454148,0.0969926808053383,0.00601544079926933,1.65047829893614e-16,-6.20895528511856e-17,-0.149466032701755,0.256144479520406,-0.256058211954974
"Amz_rating3",-0.228386345148873,0.0278384927844743,-0.0121851738817211,-0.062992727461295,0.059653116816458,-0.0022316233045339,-0.00368076023311438,0.0155711508349666,-0.0331719599190577,0.0142316220418134,-0.00720737604978718,-0.00461762136426664,-0.00123973127078168,-0.00494189664552717,-0.00550216095220628,-0.00366562873032877,-0.00790853844441639,0.0067173150392583,0.18711865515141,-0.0316365891263021,-0.00605568577109028,0.0121010064353082,0.00388421503360207,0.000483630965279383,-0.00123384750290235,0.0012723423776771,0.000404925872819038,-0.000149872392238561,-0.0777193438116699,0.37908278025269,7.50438588605494e-16,-0.525315435833665,-0.0338347212411685,0.235528579976026,-0.160813648213407,-0.0374262880108499,0.0313237519066432,-0.0948820220935629,0.0450600894887323,-0.209774606726881,0.0328272134527746,-0.170293143740623,0.106980632873681,0.0869439652261321,0.187307662407864,0.106247433111799,0.0338925501359406,0.205261653925961,0.00528531151258305,2.58618773800541e-16,-1.87177278865598e-16,-0.215275031428138,-0.384885589147275,-0.0501548665345189
"Amz_rating4",-0.182350321119722,-0.0174588995492037,0.0881489948005724,0.123639038284821,-0.189719283979152,0.00998422879950039,-0.0545686165689927,0.291658438422767,-0.117438563489505,0.146952201857521,-0.0213807051245411,-0.0292002209433409,0.0324977680654604,-0.0452936922438545,-0.0174508630583498,0.00828501490193545,0.00449339421021523,-0.0253493494558461,-0.292364278533049,0.0596772240969073,0.00780772446943977,-0.017271052678813,-0.00581444605396582,-0.00647545668649196,0.0014154773705612,-0.00280513985762666,-0.000490677837496989,0.000231256726631567,0.301179193166011,-0.111925187673945,-2.73911439383042e-15,-0.366013576345226,-0.113412928820033,-0.26979786856391,0.176993435804952,0.201491055465457,0.242574665032266,0.34198727009537,-0.115002280833938,-0.121313003889793,0.0301056158026731,0.111365987384489,0.0500596192641058,-0.195225370280321,0.153722926055551,0.0155389194327116,-0.0486930151869392,-0.0809052987483675,-1.16255285890626e-05,8.49743386162823e-17,1.18931297261387e-16,-0.0238367345046525,-0.0218744290277122,-0.0514156433975931
"Amz_rating5",-0.210279048150857,0.0416811192310975,-0.05093480363524,-0.128177667695756,0.152800103592134,-0.00713479432293134,0.0187437740775542,-0.108020932131685,0.0100724565688928,-0.0477447106891245,0.000492513457276697,0.00755229792733065,-0.0131086793350437,0.0224059050162991,0.00726292656789681,-0.000857295327956069,-0.00278701682145477,0.00607214244359125,0.0621520223322397,-0.0131864508236413,-0.00172784072324753,0.00449413747808051,0.00175545700191223,0.00075134153370656,-0.000173275267902215,0.00133466899811013,0.000294036746015378,-8.49537238535269e-05,-0.0740242660370454,-0.0478229806450116,-5.19481599960399e-15,0.124238913092959,0.0482517518266535,-0.190208264166512,0.172969988531584,-0.314074307904218,-0.0307811290097676,0.208667907441234,0.0255799974606861,-0.545882735769391,-0.104199450162497,0.0634396313409526,-0.347074107159315,-0.0753146129036217,-0.237115609388666,-0.0593830588939289,-0.224691208677968,-0.0610167800321785,0.00154469756588162,1.77577793877661e-16,-2.31215774627091e-17,0.0211620797686452,-0.237466992585347,-0.217047122601347
"Amz_Review_count",-0.229760219704927,0.0286912241373916,-0.00888609646159436,-0.0516685957516025,0.0494815705672579,-0.00100385510588888,0.000812179175777726,-0.0214831199722714,-0.01410939836236,-0.00422755341651367,-0.00662967026905777,0.000275773871004142,0.000625786028333287,0.00347266894598607,0.000356111348524869,0.00115335879262839,-0.00224578762212293,-0.000587972841421864,0.0163079581639019,-0.00274323706111227,-0.000984192411985485,0.00154867091449437,0.000623675552248589,-0.000584297541543527,-0.00019323919317264,0.000343347423549239,0.000123410700166435,-7.53919532526885e-05,-0.0339187730527219,-0.311671821467547,5.78946935861485e-16,0.254252863789271,0.139807900562278,0.262079546113063,0.0139583297230567,0.39345860942301,0.112520863962311,0.125905540758774,-0.0573436134694047,-0.0724714629677506,0.268052021119668,0.0897031327023454,0.383277922894855,0.278309784341638,-0.202860092833632,-0.075349361660959,0.0316661214379426,-0.0873635235301056,-0.00435557984308294,-7.31115901938679e-17,1.0909965159541e-16,-0.0532962685065534,-0.328802867736999,-0.162024624070313
"Amz_Avg_rating",-0.224579788715613,0.0308012869198062,-0.0240701620401612,-0.0872367669422321,0.0904586843516593,-0.00439815547349878,-0.00105182383867966,0.00898787052857881,-0.0352039075968119,0.010522695649027,-0.00555760761089054,-0.00470872093814713,-0.00500425690553286,-0.00132315280094915,-0.00454737183184405,-0.00439023289495212,-0.00817602153434019,0.00817785343174285,0.195925624638869,-0.0333697527200549,-0.00605998435883276,0.0127623389931113,0.00414156673173029,0.000600258409111594,-0.00116554257677558,0.00155652868757878,0.000462657313225896,-0.000131949541580639,-0.337663268472604,-0.257213386383941,6.28209841756544e-15,0.137297181202284,-0.0898556288485343,-0.137875193282397,0.0073564744827417,0.203312525490658,0.101452669350435,-0.189483058731822,-0.303058535145273,-0.153035225200105,0.105436316559737,-0.0778156300024029,-0.0336879645162745,-0.106465724172792,0.337705875880384,0.360025145278292,-0.253184292659149,0.187127157742801,0.00845960651523553,2.611355566254e-16,8.96911189324434e-18,-0.074550827687707,0.285016245257853,0.0506806449430066
"Amz_Avg_helpful_votes",-0.216331978096744,0.00150937503042646,0.0429668355081302,0.0298421378169569,-0.0716361593117923,0.00315000229191296,-0.0399123639517981,0.227112047614657,-0.10966802894212,0.116439187860907,-0.0166105317478501,-0.0254429863516614,0.0174644383845929,-0.0348877097401082,-0.0168112302715793,0.000972120323211533,-0.00338861657592848,-0.0097168348599184,-0.0292324019493426,0.0119615298177053,0.000329720864262751,-0.000897047632682271,-0.000500926404745037,-0.00369894227513565,1.45435731922974e-05,-0.000661778155244651,3.18154565716503e-05,8.32833330337167e-05,-0.0767982595984967,-0.0306049175235774,2.55645113682131e-15,-0.0222112160730559,0.00745551950096732,-0.132292887656287,0.0814674130097145,0.0736446053958238,-0.125016659463006,-0.457253785117732,-0.0757979662714363,0.145901020033288,-0.180332732592884,-0.0740598348414674,-0.0658681120511432,-0.0499034599339609,-0.197484427154591,-0.225808387213252,0.194473907496304,0.126705955163677,0.00085973566982209,2.27564394040973e-17,-5.32010321797119e-17,-0.110708377365258,0.0822244279017671,-0.605235712846883
"amz_rating_4_5",-0.226852113895331,0.0304824527601332,-0.0191968352913828,-0.0748392914857306,0.0777782055129312,-0.00332762771918585,0.00108479565815419,-0.0124182241716349,-0.0232255433772444,-0.000614234765524381,-0.00536111244255875,-0.00151192784993728,-0.00228945911207748,0.00668354963189101,0.00141835993818043,0.00151461291860372,-0.00113953399362888,-0.00172142251282041,-0.0265089213522826,0.00498871984189683,0.000650471472446236,-0.000871305984372896,-8.85679498954836e-05,-0.00111515069589847,0.000236128858522881,0.000369186362917182,0.000115734313850894,-9.25837118873737e-06,-0.2433661584727,-0.0418758736379888,4.04460136767685e-15,0.113243458359472,-0.0655218954530721,-0.294038991974026,0.0965920743847545,-0.137768789951669,0.0907201995674455,0.223963428296981,0.599440305496234,0.156382910567553,-0.150674968475763,-0.125808895221958,0.319987417037882,0.0431193943502366,0.0988818930885636,-0.0402641842040787,0.0680128392461297,0.0276675710469727,0.00241852306617687,-5.34533805218e-17,7.83853437942835e-17,-0.348216739435651,0.127508723185282,0.0439493104509902
"amz_rating_4_5_cnt",-0.225169124742561,0.0294164653434617,-0.0218178241374592,-0.0846781521893377,0.0860661159591796,-0.00441770264855391,-0.00355052774909498,0.0250204955029681,-0.0421098727927159,0.0180883323344088,-0.00603247091860201,-0.00640785269885856,-0.0039949517720994,-0.00219772397655963,-0.00467537277976236,-0.00346268101803641,-0.00703020575517309,0.00586391564994608,0.151970488705293,-0.0252373645442875,-0.00467402924693698,0.0101373105253254,0.00331007549435633,2.12619541524076e-05,-0.000863229374229826,0.00132058140117363,0.00040512188708675,-9.03831724312537e-05,-0.101170977445108,0.462126501597089,-2.71475694085045e-15,-0.0244464463932386,0.0767883293120199,-0.0559411430793554,0.00766107954744288,0.104654356326697,-0.0584613551849983,-0.0208585231201406,-0.117065125914526,0.297921983084705,0.00144255323751667,0.326160011471836,0.151821676854957,-0.208710771661924,-0.187942809769762,-0.00373408179568969,-0.412847610360822,-0.410346742238894,-0.00845621298159363,6.63373085378542e-17,1.50093328463058e-16,-0.0630321473196537,0.0587952905316195,0.0336365988323047
"amz_rating_1_2",-0.147469934724388,-0.00271469735774148,0.109692841831293,0.238466417575817,-0.29075734866927,0.0261783379774847,0.00645839072587007,-0.178669285643955,0.125847820009749,-0.0763661914043731,-0.015393252147906,0.0284820374390548,0.0344243840221944,-0.0151080990205683,0.000696289797585544,0.00634917408867045,-0.00144567776375628,-0.00293470802370563,0.116577735346516,-0.0248174107988917,-0.00750200099775385,0.00512204298588609,0.00128452354727177,0.00313296035237754,-0.00251532290066356,-0.00193856396457661,-0.000416008314089492,-0.000580073992180046,-0.0201807790072116,0.0175254648439855,2.44991094147566e-15,0.0478812634193549,-0.0136473631785365,-0.138861171146997,0.0219510064702951,-0.0512714620030591,0.0453256485578998,-0.169769582404835,-0.0209553316896901,-0.0625358601785253,-0.122906433733956,0.0111299078102649,-0.0991261169326449,0.389301123784706,0.371423017404037,0.0692081762782369,0.134998647389942,-0.583531680813105,-0.0186256908252129,2.05358099112481e-16,2.82814459236845e-17,0.0198298207425423,-0.0706568026068736,-0.0950206587980612
"amz_rating_1_2_cnt",-0.147469934724388,-0.00271469735774149,0.109692841831293,0.238466417575817,-0.29075734866927,0.0261783379774847,0.00645839072587009,-0.178669285643955,0.125847820009749,-0.0763661914043731,-0.0153932521479061,0.0284820374390548,0.0344243840221943,-0.0151080990205683,0.000696289797585468,0.00634917408867051,-0.00144567776375619,-0.0029347080237059,0.116577735346516,-0.0248174107988916,-0.00750200099775367,0.00512204298588631,0.00128452354727169,0.00313296035237709,-0.00251532290066274,-0.00193856396457564,-0.000416008314086155,-0.000580073992175794,-0.0186506851612877,0.00772210275419864,-3.82297254747422e-16,-0.00325391952293441,-0.0279405087812601,-0.120640546432069,0.0119832297211793,-0.0155289682206052,0.206354521538461,-0.131831043654457,0.0694491590314351,0.0306798276598016,0.113532226854412,-0.0179796496914957,0.0252710651960293,-0.12715153149052,-0.239154900856601,-0.0501908450448956,-0.0644672544120032,0.204390935198511,0.00570623416232662,0.700355016250149,0.0974825687661821,0.0876477241588835,-0.0800236301574558,0.148380116179114
"rating1_cnt",-0.147469934724388,-0.00271469735774149,0.109692841831293,0.238466417575817,-0.29075734866927,0.0261783379774847,0.00645839072587009,-0.178669285643955,0.125847820009749,-0.0763661914043731,-0.0153932521479061,0.0284820374390548,0.0344243840221943,-0.0151080990205683,0.000696289797585468,0.00634917408867051,-0.00144567776375619,-0.0029347080237059,0.116577735346516,-0.0248174107988916,-0.00750200099775367,0.00512204298588631,0.00128452354727169,0.00313296035237709,-0.00251532290066274,-0.00193856396457564,-0.000416008314086155,-0.000580073992175794,-0.0186506851612877,0.00772210275419864,-3.82297254747422e-16,-0.00325391952293441,-0.0279405087812601,-0.120640546432069,0.0119832297211794,-0.0155289682206054,0.206354521538461,-0.131831043654457,0.0694491590314345,0.0306798276598007,0.113532226854411,-0.0179796496914965,0.0252710651960307,-0.127151531490521,-0.239154900856602,-0.0501908450448945,-0.064467254412003,0.20439093519851,0.00570623416232799,-0.70035501625015,-0.0974825687661821,0.0876477241588837,-0.0800236301574557,0.148380116179114
"rating5_cnt",-0.209339671022923,0.040911572069516,-0.0526700915978673,-0.135134954917986,0.157892432475458,-0.00779386475754108,0.0149608661515711,-0.0778570889153287,-0.00480755742167815,-0.0322359157663736,-0.000282396733907258,0.0035315524273318,-0.0148202213927485,0.0125877130378493,0.000531176178171551,-0.00676716963487485,-0.00996257337784007,0.0156660691753757,0.28616427087007,-0.0515783025666491,-0.00852786854831676,0.0182204658786772,0.00599655326897853,0.00238439548550496,-0.00160554074502803,0.00247469028449432,0.000637010566424835,-0.000208095593213918,0.338053155857557,-0.280851232310553,1.94138059049214e-15,0.0664104468894293,-0.134155289856459,0.123738039784071,-0.236106103284976,-0.160519145284911,0.284244109072465,0.0353949215490467,-0.187392118509557,0.285494779484899,-0.155286940665428,-0.091788018921663,-0.173138485270777,-0.28386304426246,0.0615798451976797,-0.183935315872042,0.156144801463215,-0.136466688557661,-0.00466882513174492,1.17433911284815e-17,-1.68749283161381e-16,-0.240900594876779,-0.122300504292891,0.086873782881185
"Avg_sentiment_score",-0.221178131642716,0.00702685444323558,0.029278955967684,0.00313110441405082,-0.0373981578828437,0.00131251182222353,-0.0346632298294698,0.202217230891627,-0.104081077519195,0.104799372183649,-0.0150138574866587,-0.0237040626768794,0.0124582732221408,-0.0331073152053955,-0.0176311752349928,-0.00266080798171887,-0.00750714040563428,-0.00219090876532313,0.111364056312979,-0.0133122987441417,-0.00384315723148282,0.00771753979671926,0.00224138125546435,-0.00222611529721354,-0.00082839586709689,0.000267616623454479,0.000268333495927086,-8.49788386525263e-06,0.382964085312435,0.332399108154412,-1.05432469336018e-14,0.375362548671177,0.096218696723298,-0.0916138608581953,0.0420904955239408,-0.150840700052659,0.0792178404584096,0.178090661781639,-0.158704818733299,0.156657533854876,-0.054040875645616,-0.128815464352732,-0.0388637525319371,0.404926770048379,-0.0135992061651874,0.232574222423246,-0.0570248117362437,0.302566621534008,0.00865464049950109,1.11389949678212e-17,-1.06792091602369e-16,0.080188189253594,0.034802243387577,-0.00693820005512358
"Total_sentiment_score",-0.224439602696051,0.00808963031886466,0.0339555724953574,0.0179224841005628,-0.0520165889360023,0.00306572049714426,-0.0298219707945461,0.161022351885614,-0.0823142626623947,0.0849049401830899,-0.0147797393367023,-0.0183321734593738,0.0142701668674075,-0.0273594122598044,-0.0135264697186977,0.000259629883893964,-0.00437694941219845,-0.00583595589370989,0.0258095645692505,0.000551091904340539,-0.00148595910740767,0.00229944320986427,0.000568345987851053,-0.00248249164076997,-0.000389236242824792,-0.000289829068993433,9.63437364199578e-05,-2.49113594142602e-06,-0.178466401662596,-0.137827621972863,-5.19802473167118e-15,0.0807155537169362,0.254874961523657,0.0370210323108309,0.0820281726426349,0.0998357311891461,-0.286879575619793,0.0252612616179344,0.165563536203417,0.237187904756375,-0.221496087142016,0.202253974396862,-0.191497557987488,-0.201307214932299,0.238987888797548,0.111965495233028,0.124987683099934,0.121642502254386,-4.41078278204912e-05,-7.46018063082129e-17,-7.38803928929851e-17,0.312872114645411,-0.427978920218219,0.216475027427552
"Amz_Avg_Positive_sent_score",-0.225031136328381,0.0111923025248126,0.0217381790927234,-0.00900513279164801,-0.0195582122562707,0.000710819818137836,-0.0287566413466279,0.165976254912764,-0.0903119322522575,0.0872573289033788,-0.013625585177947,-0.0199655755188755,0.0100426212351533,-0.0275002394512644,-0.0151213486962164,-0.00260100020539147,-0.00733257022902383,-0.000914799640969015,0.117218654643018,-0.0153129525643457,-0.00401562206028582,0.00803065689171193,0.00239257679136987,-0.00178679452308635,-0.000854789885328396,0.000410888013416975,0.000281171255483487,-3.16521069832369e-05,-0.307017371071649,-0.0052332534638056,6.73081143722573e-15,-0.214745144445311,-0.054247035664742,0.13080420877939,-0.020602556478831,0.188833455031449,0.0368100698924342,0.209720933370547,-0.0547279789768334,-0.0456442863970806,-0.0843945790928166,-0.0917599396682144,-0.3502855778846,0.306802311020751,-0.317549256447244,-0.199460614124667,0.20140251210892,-0.0881716219253497,-0.00368533355389047,-4.47118196321612e-16,5.17991976152038e-17,0.036064296361862,0.304618933563307,0.354918516456663
"Amz_Total_Positive_sent_score",-0.22794042479258,0.0122798545947241,0.0260770281534935,0.00508190357297324,-0.0331891331026539,0.00236941559956098,-0.0238440027276025,0.124627145242398,-0.0686402267061622,0.0671750661617865,-0.0132980286181118,-0.0145760248668421,0.0118454342219012,-0.0210858218968241,-0.0105927552895676,0.000721674107830567,-0.00367076730189702,-0.00529444154149485,0.0141669968229796,0.00160780059353672,-0.00110466122147706,0.00155540898229055,0.000393490331209296,-0.00219796437637175,-0.0002935791285738,-0.000222914036103429,8.61332790723644e-05,-1.24846701611858e-05,0.248593320013846,0.249287783033009,-2.54387022155301e-15,0.355229607489356,-0.14839128369797,0.109728518903439,-0.0839517326472787,0.137706377044387,-0.213997826732304,-0.172402340096715,0.216361359841818,-0.423460905152244,0.225206736699912,-0.00880121189570417,0.0346670546244317,-0.284967667101137,0.124397203145546,-0.182636905865663,0.231324165560874,-0.0986983705871039,-0.00336572721234575,-1.57703130643161e-16,1.305178908588e-16,0.00310418143796391,0.164143470598897,0.187914794474413
"Amz_Avg_negative_sent_score",0.172230653302925,-0.0541260557639989,0.0740849330781645,0.14426675649637,-0.19340572904932,0.00649391829286295,-0.0513550014631224,0.321053667206962,-0.106470891269202,0.151465523624275,-0.00816282940449478,-0.031500286311144,0.0219806826221318,-0.0486360453310055,-0.0201703044043407,0.000794422953025923,0.00217120805991799,-0.0141100536689867,-0.133827391327179,0.0316515171714626,0.00426243744354473,-0.00815980876895387,-0.00309497695143586,-0.00402003507316272,0.000789033489172491,-0.0018764298782056,-0.000307188130801243,0.000283475733408119,-0.10666261909695,-0.0576975387498939,3.31937440248337e-15,0.191013715535975,-0.0388324865287048,0.202220323764799,-0.0842694359785984,-0.000375506891817007,0.0407665755038551,-0.0718156638141468,0.127675899389411,0.0265345259663316,-0.0215061409311516,-0.488287730301362,-0.155145497349188,-0.0785918375759865,-0.0906864553551293,0.0747204024911472,-0.422929163675846,-0.225947193460364,-0.00259068237641354,2.33366553696856e-16,-5.32914941730565e-17,-0.214504006410403,-0.229252814585447,0.0645312976182582
"Amz_Total_negative_sent_score",0.172829667687394,-0.0534991184078674,0.0716498413581964,0.138801784441248,-0.188367692871921,0.00629430310938933,-0.0519769938727291,0.328538213771315,-0.110593227205146,0.156242569778166,-0.00853434768587864,-0.0328977459534289,0.0198027758758834,-0.0568649621624717,-0.0261606062079886,-0.00552695560829088,-0.00563736411513064,-0.00286327123033285,0.120224915608786,-0.0126151815629887,-0.00356028012077496,0.00730050311227309,0.00169923890193186,-0.00184813670439738,-0.000883493042397246,-0.000607701623647503,6.20495292837292e-05,0.000117703185405911,-0.272971775744831,-0.0423364597508976,2.40466108500376e-15,0.127902240541177,0.0262277036751558,0.0512088555728369,-0.236431953098683,-0.433392425793259,0.13978797244759,0.0329594040441131,-0.171577489758816,-0.148118840314535,0.0219815897499957,0.479968211736926,0.170563169183552,0.00185007396638415,0.0152121043833656,-0.0524012147892087,0.137849177161288,0.0601755416521573,0.000986900908066225,4.26974250762209e-17,-1.05381773729899e-16,-0.201801105919184,-0.0152006611288364,0.0403543587547693
"reviews_1_M",-0.224882233576524,0.0302333050503928,0.00188926892088722,-0.0138328819505749,0.0153735984097336,0.0029138600364608,0.014968862632495,-0.13764334013155,0.0466585530390105,-0.0623543475063798,-0.00453925335124205,0.01571866482072,0.00649221931159194,0.0299076121378758,0.0188429818989743,0.0163260564837942,0.0157279770979017,-0.0236353982700666,-0.523787763245403,0.0886156245784587,0.0150716983389749,-0.0318390483949577,-0.00969853438180532,-0.00393351006448278,0.00310088369543029,-0.00260430814686451,-0.000770600026298322,0.000162850935964252,-0.155363455263902,0.114034217685816,5.09555049768332e-16,0.0983663999712082,-0.0254874176317326,0.0940017876963351,-0.131123034277415,-0.116351507025697,0.0750671606853925,-0.0120485012817602,-0.171977097132958,0.0605959504782523,0.00647756943104634,-0.004140065135977,-0.0498757900923017,-0.0185080426604216,0.0321309868095039,-0.00686279136511671,0.0566591226840196,0.0279889483824681,0.000248359447798734,0.0974825687661821,-0.700355016250149,-0.0239282583305727,-0.0195039458763974,0.0406889470647705
"reviews_2_M",-0.224882233576524,0.0302333050503928,0.00188926892088722,-0.0138328819505749,0.0153735984097336,0.0029138600364608,0.014968862632495,-0.13764334013155,0.0466585530390105,-0.0623543475063798,-0.00453925335124205,0.01571866482072,0.00649221931159194,0.0299076121378758,0.0188429818989743,0.0163260564837942,0.0157279770979017,-0.0236353982700666,-0.523787763245403,0.0886156245784587,0.0150716983389749,-0.0318390483949577,-0.00969853438180532,-0.00393351006448278,0.00310088369543029,-0.00260430814686451,-0.000770600026298322,0.000162850935964252,-0.155363455263902,0.114034217685816,5.09555049768332e-16,0.0983663999712082,-0.0254874176317326,0.0940017876963351,-0.131123034277415,-0.116351507025697,0.0750671606853925,-0.0120485012817602,-0.171977097132958,0.0605959504782523,0.00647756943104634,-0.004140065135977,-0.0498757900923017,-0.0185080426604216,0.032130986809504,-0.00686279136511715,0.0566591226840195,0.0279889483824683,0.000248359447798512,-0.0974825687661821,0.700355016250149,-0.0239282583305727,-0.0195039458763974,0.0406889470647705
"reviews_3_M",-0.223393942155021,0.0194652321147178,-0.0074228554569019,-0.0690947168848938,0.0571816045683986,-0.00461302893682989,-0.0215765399974729,0.143493881317084,-0.0931230251646484,0.0748631411461713,-0.00953605990857649,-0.0193682918910667,0.00142621158279746,-0.0150469349438489,-0.0103720099846486,-0.00202420410808463,-0.00518634620288794,-0.00136358924813301,0.046802172629241,-0.00360664080863427,-0.00120680536188802,0.00406710240744073,0.00130060757349138,-0.00227863702457164,-8.2982494496773e-05,0.000666100468228245,0.000292563328066187,6.88092753135273e-05,-0.0608544181313933,-0.175672598485759,2.3854270190347e-15,-0.163618519691827,-0.10351293641657,0.110170133657933,-0.0232567968507574,-0.459512824262072,-0.0159621828256953,-0.012082558574647,0.0691082172437883,0.118417162982939,0.352676364302377,-0.209737821317442,0.201909298796763,-0.0158898859000766,0.0196019927503081,-0.008734932527533,-0.0549056747389467,-0.18049320179301,-0.00527650117013608,4.36937682765841e-17,6.42914347506179e-17,0.56102112831848,0.117099454614077,-0.11912932291921
"reviews_6_M",-0.231958857138948,0.0224224264817775,0.010178134492541,-0.0147371936503586,0.00211989930178554,0.00178565088714251,-0.00553725742717178,0.00512076220666549,-0.0187170705610139,0.00844932762979315,-0.00906058922877534,-0.00126296700613379,0.00761121188162783,0.00128677253948049,0.00157683427111044,0.00600773268235044,0.00302238564473145,-0.0103423552211717,-0.163184116744413,0.029407032043613,0.00425911632240446,-0.00947394800575257,-0.00288531029304232,-0.00242866250774158,0.000848780359142732,-0.000879764002327043,-0.000186880015221466,3.01895033244127e-05,0.345279020953257,-0.339159319338127,5.5053313716037e-15,-0.207285842973185,0.150981503073896,0.110038256423278,-0.107412913048922,-0.154679580551896,-0.20927943501297,-0.34081734831844,0.187268171064396,-0.0818336563110766,-0.117249646605732,0.254743999862207,0.0221902395381997,0.230243632975832,-0.146061290542393,0.16950334072931,-0.266296543955855,0.0208289840437687,0.00163015949484107,4.59763226390838e-17,-4.48636099769815e-17,-0.19091471987536,0.164497657786123,0.22494019026723
"Amz_No_of_images",-0.0427469525646107,0.0186539642098997,-0.376189256422003,0.0282678442167819,-0.0713685768680728,-0.200798937790787,-0.0056021822826399,0.0707768453093967,0.283106847054278,0.0620585618703342,0.197250626657464,-0.0215000846014056,-0.0732567004320936,-0.276988587744317,-0.199478252691159,-0.168639942516514,0.0532259643546891,0.0217312672831877,-0.0026400272886948,0.0334785305307857,0.0324514073427035,-0.0979434727250649,-0.121524011556527,0.00286001194337354,0.036191714476446,-0.0130368282412698,-0.00516689208246345,0.00011923414934198,0.000172307583997646,0.000148839746915614,-7.5057762228117e-17,-0.00128054437525154,-0.00083503782604603,0.00016657790162732,-0.00276802894996314,0.00507470230166535,0.000220655253996567,0.00297105263034397,0.0389106645402972,0.0471302570016104,0.105646081802944,0.04901379813215,-0.0892475736271047,0.0507502136416646,0.0802874598513695,-0.111978443061072,-0.0665296621595888,0.023966910247484,0.668486369539271,3.44453783982503e-16,7.39423354926658e-18,-0.0269682875936498,-0.00284557997437311,-0.0228158407941509
"Amz_Not_User_Gen_images",-0.0427469525646107,0.0186539642098997,-0.376189256422003,0.0282678442167819,-0.0713685768680728,-0.200798937790787,-0.0056021822826399,0.0707768453093967,0.283106847054278,0.0620585618703342,0.197250626657464,-0.0215000846014056,-0.0732567004320936,-0.276988587744317,-0.199478252691159,-0.168639942516514,0.0532259643546891,0.0217312672831877,-0.0026400272886948,0.0334785305307857,0.0324514073427035,-0.0979434727250649,-0.121524011556527,0.00286001194337354,0.036191714476446,-0.0130368282412698,-0.00516689208246346,0.000119234149340508,-0.000172307583997191,-0.000148839746915257,2.6780541343722e-17,0.00128054437525152,0.000835037826046396,-0.000166577901627508,0.00276802894996323,-0.00507470230166527,-0.000220655253996734,-0.00297105263034411,-0.0389106645402974,-0.0471302570016105,-0.105646081802944,-0.0490137981321503,0.0892475736271051,-0.0507502136416645,-0.0802874598513696,0.111978443061072,0.0665296621595887,-0.0239669102474841,-0.668486369539271,-3.59570485281576e-16,-4.51131545893002e-18,0.0269682875936497,0.0028455799743729,0.0228158407941511
"kohls_Number_of_images",-0.00717517912207554,-0.195927366147513,-0.0219853550810627,0.123801221843695,0.138968806381017,0.34717130499309,-0.0599642568164622,-0.0661355459351373,-0.129685969740284,-0.118143696796848,-0.145422132018016,-0.182618700345499,0.0747300471798911,-0.166541629570344,-0.0932082564819509,-0.0516325565115066,0.00799385872083284,0.121354585461958,0.0369832154149973,0.294070825776726,-0.0070660071863066,0.259923390004761,-0.687014191270368,0.00426959873132444,0.160249834249012,0.00417487217431537,-0.00629691385475535,-0.00170086798157897,1.046905617752e-15,6.80011602582908e-16,-1.99450284350729e-16,-1.52655665885959e-16,5.89805981832114e-17,-2.75821032680312e-16,-1.73472347597681e-18,4.9960036108132e-16,2.42861286636753e-17,2.04697370165263e-16,-1.04083408558608e-17,-5.89805981832114e-17,1.73472347597681e-17,-3.02275565688959e-16,-2.08166817117217e-17,1.87350135405495e-16,4.25007251614318e-17,-2.35922392732846e-16,5.89805981832114e-17,-2.13370987545147e-16,-8.7061434450586e-17,-4.66253307918247e-18,-7.06616190357902e-18,-2.67147415300428e-16,9.71445146547012e-17,2.42861286636753e-17
