"","PC1","PC2","PC3","PC4","PC5","PC6","PC7","PC8","PC9","PC10","PC11","PC12","PC13","PC14","PC15","PC16","PC17","PC18","PC19","PC20","PC21","PC22","PC23","PC24","PC25","PC26","PC27","PC28","PC29","PC30","PC31","PC32","PC33","PC34","PC35","PC36","PC37","PC38","PC39","PC40","PC41","PC42","PC43","PC44","PC45","PC46","PC47","PC48","PC49","PC50","PC51","PC52","PC53","PC54","PC55","PC56","PC57","PC58","PC59","PC60","PC61","PC62","PC63"
"kohl_Regular_price",0.181536198057903,-0.154378833122765,0.0556103681869656,-0.00510922393565592,0.0808856051559272,-0.0059723390323013,0.0224880963723556,-0.074765089701309,0.00330483589110133,-0.0204620652543839,0.0586153310161336,-0.0874484219125553,0.0320083800663743,-0.0372285558144736,0.0302447375952358,-0.00967474424552044,0.0422617616061099,-0.0147189379236899,0.109176912818103,-0.0526811472689409,-0.00194968116098473,0.00807305694022061,0.0393119301197274,0.0105924250832327,-0.0837094174929179,-0.0419162354696417,0.0683436950084417,0.0679415571437559,0.096787185308892,-0.216038877097165,-0.0683386815791197,-0.00138813639172602,0.0410055750865819,0.0951960852029647,0.0099990628216319,0.0235206616765107,-0.0363549325590733,-0.012442952110261,-0.0580150670407371,-0.0563485674011213,-0.014279370730839,-0.0155640371469038,0.0133967520630965,0.0753411042888786,0.0523565986186785,0.103524647039778,0.00153969893353284,0.259592295247268,0,0,0.841863797854469,0,0,0,0,0,0,0,0,0,0,0,0
"kohl_disc_perc",0.0342880065734594,-0.0212166667393715,-0.0296636471252623,0.101018564892469,0.403866977941844,-0.144067276964689,0.308556284994611,-0.258401024455583,-0.0604621768304596,-0.0907091573118299,-0.0405761744647572,0.0142354070691026,-0.103284001591559,-0.0343838825436967,0.030569387349031,-0.0117164631021149,0.0915911628759713,-0.0797243566555627,0.0130508604427439,0.00773299916243526,-0.0209388073914177,-0.302587908887663,0.164643594588403,0.127496444018002,0.0439692150771794,-0.0351000333056648,-0.0615175566124576,-0.184627077228301,-0.207060226979516,0.302853388576071,0.0292323685456807,-0.0587078837218914,0.0188489444971915,-0.102557579563362,-0.00529310724222198,0.00921663398452177,0.0133205865067094,0.0834305045031132,-0.413085791087807,-0.234139353397687,-0.184378550308592,0.0330748223933126,0.0683472594740358,0.0310944934785875,-0.000831129372568861,-0.0140401776941502,0.00376721045426836,-9.85322934354826e-16,-1.59421087442269e-15,-1.61676227961038e-15,4.16333634234434e-16,3.19189119579733e-16,-2.56739074444567e-16,-7.41756916305958e-16,-2.08166817117217e-17,-2.0122792321331e-16,-1.46410661372443e-15,-6.38378239159465e-16,1.83880688453542e-16,-6.24500451351651e-16,6.24500451351651e-17,9.71445146547012e-17,-3.81639164714898e-17
"kohl_markdown_price",0.101977183568231,-0.100899911863027,-0.0150639277471328,-0.0266019730175985,0.381976211321826,-0.0803362699153411,0.141742681965647,-0.0529409205903721,-0.073001956106371,-0.136861276282111,-0.0643450574194903,-0.0692363385466223,-0.12920004850067,-0.074855641287191,0.0639508883624851,-0.0282341765142691,-0.0854292461098042,-0.0165629613523133,-0.0938916142222646,-0.016598523150182,0.0560466039224531,0.403772869121782,-0.335774063449604,0.0077510802854548,-0.136575790705974,0.367910712868544,0.140863260532641,0.278940679633468,0.0381547488854488,0.189006246399474,0.225391279003709,-0.0785420373457505,-0.263586106599281,-0.0540950151126609,-0.0786846342797578,-0.0630723711000285,0.0111658367852955,-0.0612005852704646,0.0762021634458544,0.0696634536130424,0.0332441544631036,0.0477158136626637,-0.0321146244062081,-0.00185278904772236,0.00029157706346269,0.00903932329224063,-0.000574243504489267,3.33066907387547e-16,1.84916816061369e-16,-1.41162563383675e-16,-6.93889390390723e-17,-2.09712793423124e-17,5.99433599838158e-16,2.5556985127643e-16,-2.66835641806959e-16,3.71931669661271e-16,1.05466677840553e-15,2.08476012378398e-16,2.25651258477968e-16,2.03642234113481e-16,5.11063837988964e-17,3.06169353437031e-16,8.08871980059317e-18
"kohl_final_price",0.175227659015589,-0.158629067672156,0.0848480716770229,-0.0421208668774684,-0.0868135195938202,0.0488226839759331,-0.0660429986324334,0.0333245248580313,0.0212689094237452,-0.0140111722626381,0.0341103560220368,-0.087713774598201,0.0470219975778452,-0.0240803972940841,-0.00459173917036443,0.00714631906699488,0.0491830723215975,-0.00125075796808256,0.0189760277395517,-0.00079222027807304,0.0011903249808935,-0.0666130496442398,0.0675106232124607,0.0255596444173652,-0.0287150508120448,0.0497601848554556,0.0270594958305341,0.00836813738276179,-0.0568810092830378,0.165015579085678,0.00121878449051186,-0.0371874298021745,-0.0164808445905759,-0.0276382821245891,-0.00305595678696505,0.0164454091825236,0.0154793058184198,-0.000811737283964825,0.0411348729018636,0.0214720519838587,0.0094232210027322,-0.00332606696138584,-0.00896154489099493,-0.0393406946274596,-0.0400109509647028,-0.0800284222742634,-0.00164738309767749,-0.061528149931971,0.127761222500062,0.154879010243187,0.00749995709112855,-0.0023532226283379,0.175949834690661,-0.0495239534983892,0.0568352661614438,0.102711540833766,0.165562114937018,-0.0978214484659834,-0.022457475911134,-0.404578010822023,0.613713714618089,-0.41584419327496,0.0590044652034897
"amazon_Regular_price",0.161599504687622,-0.14205097719383,0.0438902290473724,-0.0533391918433431,0.153387296806605,0.025261699200324,-0.0445900003733347,0.0356026141496706,0.0222948313723018,-0.00617449298571478,0.0761879626283734,-0.016690699213657,0.227655342888509,0.0910982458049583,0.0489206572523136,0.0341555058599503,-0.156925389339845,0.325750133137291,0.00349531624967619,-0.063880450665007,0.0615477084645547,-0.127317062136849,0.0355129562569678,-0.0556766605946133,-0.218730677691851,0.00808151785055997,-0.0820907227138476,-0.138336327045508,-0.0263002737139706,-0.053413163168574,0.0988412178485525,0.0139186036058433,-0.0470986175159669,-0.00315110148147299,-0.00258530693492787,-0.0422848821476798,-0.00360501510977966,0.00476534172268515,0.0183893482875466,0.0103106663961317,0.00979650086252194,-0.00916914642432816,-0.0060664736689024,-0.0509129576266148,0.00433531708125859,0.00438225162985477,0.000587660508148127,-0.00912958235267459,-0.041017746632169,-0.0646603162967607,-0.0718291899596722,-0.0174853726061499,-0.0499914773263119,-0.00584791387258146,0.0365815807889818,0.184310462376533,0.00847172275915474,0.129459778055665,0.416152407602495,-0.421115393101533,-0.128544107756728,0.343341851575052,0.215321290740121
"amazon_Shipping",-0.142911638116349,0.0927946258795269,-0.0868047117064939,0.0220209291244216,-0.0463982532605579,0.117854124598863,-0.0974140622287967,-0.166421693450076,0.118129213708704,-0.0597427475879251,0.0524583501537842,-0.341761706504624,0.119101573235235,-0.118761492403389,0.143071912011219,0.1045155018656,-0.013284832857709,-0.164264850592202,0.0737416406815007,-0.346923137419456,0.226534778114452,0.218718232994368,-0.160678078669779,0.125286804215281,-0.15845220849738,-0.330465072995583,-0.0956739474657951,-0.191472283672282,-0.172075371590253,-0.00129613509431981,-0.0940750954575193,-0.254705444758818,-0.138450102850564,-0.30475047615986,-0.014301740350432,0.0745777314581752,-0.0933421752262917,-0.0819193102363723,0.0188458981018745,-0.0235275432395783,0.0206763589253894,-0.0165007762485267,0.0299235085210877,-0.00721303281034867,-0.000517803829350886,-0.00533949633481009,-0.007309862275035,2.84494650060196e-16,-9.33281230075522e-16,2.32452945780892e-16,1.11022302462516e-16,-2.53269627492614e-16,6.69603261727048e-16,6.24066770482656e-16,5.20417042793042e-18,5.55111512312578e-16,1.74773390204663e-16,-3.12250225675825e-16,-8.04911692853238e-16,-8.32667268468867e-17,7.56339435525888e-16,-1.2490009027033e-16,5.55111512312578e-17
"amazon_markdown_price",0.149319467452068,-0.161806547349824,0.0694170047895353,-0.059335837874485,0.0859275561415865,0.0387184743202064,0.0236167923304849,0.15592581404603,0.00755867899818599,-0.0394669899108493,-0.0373980095089343,-0.100180535689191,0.0448787056815158,-0.0336139528392485,-0.0511701158546159,-0.0220270282498507,0.10379474939291,-0.0482048491513468,-0.0652004385281105,0.140419826005582,0.102382031262225,0.0236808800759596,-0.0502576907463739,0.317651712513413,0.534525559567193,-0.159897849262778,-0.370600487514119,-0.0833234385420905,0.176416113285433,-0.226032695997658,0.323232736779745,0.0476917397297392,-0.233612410517852,-0.118175574417459,0.0296698087567762,-0.136359826986225,-0.0215968525925993,-0.0245467757608109,-0.0269703170106713,0.0548053664365839,0.0108526077984128,0.0161532905880172,-0.00838649385717232,-0.0271518305464729,0.00293088897728595,-0.00671040196475086,0.00108055108237582,1.31838984174237e-16,-6.40275592961315e-16,9.67650438943313e-17,-4.44089209850063e-16,1.8247122562931e-16,6.91504145611255e-16,8.42641928455734e-16,-4.82144706104304e-16,1.29236898960272e-16,2.34296089474118e-16,4.82578386973298e-16,-2.0122792321331e-16,1.04083408558608e-17,2.24646690138997e-16,2.84603070277445e-17,-4.39752401160121e-16
"amazon_final_price",0.161599504687622,-0.14205097719383,0.0438902290473727,-0.053339191843343,0.153387296806605,0.0252616992003241,-0.0445900003733345,0.0356026141496705,0.0222948313723018,-0.00617449298571465,0.0761879626283734,-0.0166906992136567,0.227655342888509,0.0910982458049582,0.0489206572523136,0.0341555058599502,-0.156925389339845,0.325750133137292,0.00349531624967649,-0.0638804506650069,0.0615477084645546,-0.12731706213685,0.0355129562569679,-0.0556766605946129,-0.218730677691851,0.00808151785055979,-0.0820907227138474,-0.138336327045508,-0.0263002737139712,-0.053413163168574,0.0988412178485526,0.0139186036058432,-0.0470986175159667,-0.00315110148147281,-0.00258530693492747,-0.04228488214768,-0.0036050151097803,0.00476534172268527,0.0183893482875461,0.0103106663961315,0.00979650086252166,-0.00916914642432653,-0.00606647366890246,-0.0509129576266137,0.00433531708125856,0.00438225162985416,0.000587660508148154,0.0479458167955734,-0.161027107351926,-0.201377643584604,-0.0894286328918993,-0.0811789652855023,-0.145536073672929,0.000415402114502182,-0.152862767381839,-0.322030867396688,0.146954842689697,-0.0881839516531527,-0.28960829483454,0.426092264954915,0.206120937781914,-0.150648163050508,0.0759978242810977
"Target_Regular_price",0.179552591492547,-0.125868672292301,0.0264610039264962,-0.073954793239383,0.135221532954631,0.0398854251682968,-0.123798981867386,0.101460179206663,0.0441567164730547,-0.0183575614403677,-0.0324598570855897,-0.0793975854162088,0.00133325417079326,-0.012440869698984,-0.0674845795430848,-0.0325415516732798,0.121476403742887,0.0296159399365466,-0.0854821270736106,0.0163504759671236,0.0546392441551379,0.10254882750236,0.000530469429812622,-0.0400055423222547,-0.0580766675185284,-0.0235566887222918,-0.233669228639756,-0.0139462191282174,0.0577677301553139,0.138037146039394,-0.221196127009218,-0.096579847095052,0.131087835509829,0.171394136143533,0.0535111600338557,0.122702965274231,-0.0147869747963696,-0.0571117267488033,-0.0376114186172361,-0.0164900213427087,-0.0220430849078219,0.0159722000383312,0.0138864542892503,0.167220680517211,0.270194587637115,0.599647103111568,0.014870307617696,-0.0282515416849214,0.0299782801939277,0.0240382750594488,-0.171711764277431,0.0276277932424442,0.0407208320868792,0.0258927854135858,0.0117865666552381,-0.0273168836790124,-0.0458160625858826,-0.161353776370805,0.00543031615439828,-0.0425844122899429,0.0132515747681265,0.0785639108935036,-0.3221021719844
"Target_disc_perc",0.0923934907870361,-0.00263629880845817,-0.0841347599832163,-0.0511726564649546,0.158074050023353,-0.0203737228836516,-0.367141373745449,-0.281966273374229,0.309504291428063,-0.0233712998433735,0.0721180821616865,0.277848762508822,-0.0129425286089446,-0.0102296723163151,0.0842658827834177,-0.136807515047963,0.0210634330448607,-0.0579597400232992,-0.0652593397627252,0.0405496222496403,0.0356098221668628,-0.028885693565863,-0.0395161488862037,-0.0414151890656651,0.123073950100253,0.0203148193686356,0.0187584363154077,-0.0669690381240018,0.0648526917731695,-0.0540906203507678,0.133254638309908,-0.00269559869179418,-0.0813015167354746,-0.0289349774544709,-0.118553536923193,0.579716710729184,0.185011897963837,0.209979684492801,0.105752444958128,-0.033709243172156,0.0422138925842045,-0.0170592474274687,0.0340288326422931,0.124316182491185,-0.07595655207364,-0.0646143748774653,0.00279557976308542,-4.23272528138341e-16,8.89045781438114e-16,-2.80157841370254e-16,4.57966997657877e-16,9.54097911787244e-16,-7.48533179883992e-16,1.02088476561235e-15,8.30932544992891e-16,3.64075089520632e-16,4.35415592470179e-16,1.43982048506075e-16,-2.55871712706579e-17,3.37403716077489e-16,-5.41233724504764e-16,-2.4459601011273e-16,2.0122792321331e-16
"Target_markdown_price",0.0925794260368457,-0.0045495287081174,-0.0849875381214715,-0.0579559517125237,0.161341314606976,-0.0157929851777299,-0.380965938921356,-0.276505352302097,0.299922149880089,-0.0167478969798173,0.0425049044080946,0.259714023497482,-0.00204131893261605,-0.0458483786823937,0.0193482273281873,-0.154373480243775,0.08784737217691,-0.0434485266641213,-0.0196273909215828,0.0598864286354859,0.0156956284162254,0.0156906469395684,-0.0641241253446762,-0.0641129859353293,0.0513171732960726,-0.106078179550662,0.0820920204288486,-0.027292704753689,0.0470441755311911,0.107105780628671,-0.122412359825247,0.0099154003774245,0.0743390123781126,0.0224322996167645,0.122968779356017,-0.566872251168661,-0.203702836653527,-0.251878886525037,-0.0602105596132009,0.0785031742244205,-0.0241956963184921,0.0282644099789649,-0.0535363310216997,-0.070763385124301,0.000937892176421707,-0.0905199164678243,-0.0070280902171068,-4.09394740330526e-16,-1.74412892982312e-15,1.22455214371375e-15,-1.31145094783847e-15,5.19546292923265e-16,9.10729824887824e-18,1.09890666444984e-16,8.35730139606139e-16,2.51263853473516e-16,1.55311961208549e-16,-1.86211723124385e-16,-2.21881974599158e-16,-4.48426018540005e-16,5.56846235788555e-16,-4.1055348140237e-16,-1.36717893950422e-16
"Target_final_price",0.175853786917973,-0.133949050707427,0.0442164544867953,-0.0701299816083754,0.113755347694095,0.0421982757501588,-0.0516954012091291,0.154692685148305,-0.0113469173170545,-0.0183812101591172,-0.0381532950964366,-0.137227590405135,-0.000687382318018265,-0.0136832398807446,-0.0755699158413109,-0.00749308189410863,0.111489078098767,0.039042185858253,-0.0855310941178909,0.0131044650989336,0.0495426944353132,0.118452061233689,0.0134475797677644,-0.0306654289193672,-0.0889151239186443,0.00255116914221054,-0.259870509250943,0.0175855998878696,0.0399014211336435,0.115833746894831,-0.235153751432638,-0.100567660321918,0.145450218131952,0.18689724148011,0.0461838700281848,0.141377591932915,-0.0236858341216752,-0.0295114531356499,-0.0329706631734066,-0.0617763528020045,-0.00789984354950654,-0.0418928355310415,-0.0190181153678615,-0.0761284948146666,-0.239444376980038,-0.478432506256592,-0.010291193786645,-0.00347862624278124,0.0451825795209162,-0.0587483343322365,-0.00827013711258174,0.109572735213459,-0.119414251953024,0.114746306425889,0.0385543603698697,0.100688820087891,-0.348083624852333,0.30369081755166,-0.0886364469118154,0.0709101164949574,-0.0284893996204921,-0.0724417199597793,-0.114830218925475
"kohl_pdt_desc_length",-0.040487022713546,0.0844464595152162,-0.0388698435986858,-0.00328741335628825,-0.0643950987536912,-0.116639768507166,-0.156550155125026,-0.162928607958076,-0.0937605561156744,-0.471566635341229,-0.0609564860232236,-0.353192393803249,0.220954055145119,0.135608038169418,-0.377947507452988,-0.287144414677111,-0.140955860431003,-0.119192318342019,-0.0757136367622596,0.143596755373749,-0.203553735309303,-0.256265532380147,-0.26696657057576,-0.0409187889638336,-0.0276636946022877,0.0858815594253533,-0.0425549108252325,0.023123438037147,-0.0458188054267249,-0.0999122998544486,-0.0575560566573918,0.00593869344339989,-0.0271061166828009,0.0113596479462919,0.0285039324285557,0.01388826720512,-0.00794408757854555,0.00469112171529745,-0.0120765081587414,-0.014208849870304,-0.00114676542320858,-0.00498579736631214,0.00209770150326273,-0.00490282986061215,0.00136759330351758,0.00387478161023938,0.000327061580071576,1.56125112837913e-17,-5.89805981832114e-17,3.03576608295941e-17,2.08166817117217e-17,-1.38777878078145e-16,-2.18575157973078e-16,7.28583859910259e-17,-6.41847686111419e-17,-3.05311331771918e-16,-1.80411241501588e-16,2.08166817117217e-17,1.89084858881472e-16,2.60208521396521e-17,2.42861286636753e-17,2.94902990916057e-17,-3.33066907387547e-16
"Amz_pdt_desc_length",0.0272922146892682,0.00996713526157384,-0.0221951033240443,0.0059334942282237,0.0939401399232943,0.00917598782169665,-0.243458770582843,0.269183157720078,0.0667344649939461,-0.218938804074124,-0.0834900003658847,-0.173173856704623,-0.418584057094696,0.515692414942575,0.43917018546335,0.091846611628155,-0.157992478086101,-0.191420253596425,-0.029024446461753,0.0275096026811791,0.010762047304314,-0.132036681251687,0.0773982465218589,0.111898038171541,-0.0374469830452254,0.0327589072984269,0.079883793240479,-0.0592696830526339,0.00611381476107146,-0.0742680372740729,-0.0161037046814184,-0.029292561012497,0.0296196114153664,0.0301315419326273,0.000147656764810593,-0.0632129012890472,-0.0143214219302356,0.00642598097895832,0.000379564848232122,-0.0277037136959176,0.00151743230182912,-0.0273013755853693,0.0129393177930505,0.00274123982444023,0.0118581197989206,-0.00442333761268874,-0.00062654526356416,-2.08166817117217e-16,-4.9439619065339e-17,-5.57279916657549e-17,1.38777878078145e-17,-1.88868018446975e-16,-1.96240593219876e-16,-1.28803218091278e-16,-2.12503625807159e-16,-2.68882138776405e-17,2.35055030994857e-16,5.11743425413158e-17,9.6710833785707e-17,-4.5102810375397e-17,-1.14274908979972e-16,3.51281503885303e-17,2.11311003417425e-16
"Target_pdt_desc_length",0.0501163194262307,0.019550765813263,0.0437896542847815,0.0725087578014255,0.0398207102012681,0.124077189613751,0.151249428340024,-0.102977295385066,0.215762145786118,0.53636663898166,0.0593987974297901,-0.360933150475424,0.00312822062008837,-0.114936961746302,0.186503742120088,-0.174147332100992,-0.330351010377033,-0.0983842352709102,-0.227952880431213,0.403461349112938,-0.0533781920719611,-0.0951881283259823,-0.154635732409022,-0.00678545130339385,-0.004648629523546,0.0215980410234667,0.0191945403684668,-0.0599651527009252,0.0243206837569653,0.00151077800121631,-0.0885444496677371,0.0169323829678437,0.08256138091828,-0.0074682547721529,-0.0210279515253966,-0.010608614762187,-0.00560971192686237,0.0106621195372715,0.0283510356441191,-0.0151718509165157,0.00645124885288897,0.010559675361259,0.03989722788033,0.00264859506281822,0.0118083178833955,-0.00107204010981697,0.000571116015690273,-7.63278329429795e-17,9.83913471530595e-17,1.3310614546333e-16,-9.71445146547012e-17,-2.61509564003504e-16,-1.70978682600964e-16,-3.48896259105835e-16,-1.15359111152458e-16,-1.96674274088871e-16,-4.64038529823796e-17,3.33934269125535e-17,3.30790082825327e-16,-2.40692882291782e-16,-2.51534904016637e-17,-1.55040910665427e-16,-4.62412226565068e-17
"Price_diff_amazon_final_pr",0.149513058031781,-0.138341385852751,0.0966298939218966,-0.0257168872901711,-0.238724810708731,0.0555973788824275,-0.0678592583217496,0.0249994509236847,0.0162574414204855,-0.0167136663133031,-0.00244367203459808,-0.120122815478009,-0.0898581755689112,-0.100460993598489,-0.0414082250656133,-0.0133439347827058,0.184635517919507,-0.231631739555652,0.0260689115622128,0.0438635092444711,-0.0416196024566484,-0.0103691935143862,0.0764681404296616,0.077702549444872,0.111091683614348,0.0691242448843188,0.0985876584029331,0.110151485595515,-0.0669821349813157,0.285805254747638,-0.0678798529592589,-0.0657353060863657,0.00843641179631593,-0.0393370713847717,-0.00277181361975887,0.0545523252931713,0.0258187603430416,-0.00458159195252555,0.0488843150357137,0.0250153157519584,0.00726019282406849,0.00146559326904368,-0.00919675436775294,-0.0232475757080024,-0.0632219451112155,-0.123429106363386,-0.00289163708355597,0.152672287177249,-0.249155719225617,-0.347280752306828,-0.0116817890446643,-0.105504149929676,-0.22654483466161,0.0245242381627464,-0.150198325408782,-0.229264631420027,0.163346428806025,-0.142301569862435,0.18617798415021,-0.0459449901918842,0.126484704155894,0.370991011437564,0.0121491891524196
"Price_diff_target_final_pr",0.145788337310002,-0.152789099427263,0.104335179908421,-0.0120807587334242,-0.2378107282046,0.0462244013824329,-0.0669684577716014,-0.0722184882693736,0.0446431147480428,-0.00809630321462379,0.0880462085489454,-0.0324219773340661,0.0785868285821124,-0.0286759311752517,0.0546727083061963,0.0180338396110026,-0.0102932794693253,-0.034257337973039,0.101987902872645,-0.0121163409266952,-0.0388624780728337,-0.20816498713154,0.100930841089693,0.0676864604196092,0.0256469365299049,0.0804606038740466,0.259106286689471,-0.000610966881240405,-0.127268880868835,0.178318025579782,0.195856896347072,0.0211943837216948,-0.147238500347736,-0.199915562079869,-0.0431393866817482,-0.0892493087793589,0.0452076744808853,0.0229791092692662,0.09542949884365,0.0865486044427657,0.0221470287969602,0.0290130999592016,0.000807175155416298,-0.00252330983225814,0.130984069938315,0.261581241165074,0.00574953343445616,-0.00422015357442477,0.0548140016084582,-0.0712715238201593,-0.0100330550800249,0.132929995319368,-0.144869395860733,0.139206399716076,0.0467728667494093,0.122152325183106,-0.422283467983459,0.368427591745665,-0.107530787199574,0.0860257931446934,-0.0345623913725103,-0.0878838834900025,-0.139308199567623
"Price_diff_amazon_reg_pr",0.175173875660707,-0.146595445576716,0.0565402282954393,0.0200947181938392,0.0363086787133855,-0.021446515704212,0.0548375208212965,-0.124540899781971,-0.00673708676094453,-0.0259204262416299,0.0442463892213736,-0.11574938756807,-0.0712634515947296,-0.0996454556454785,0.017902276965712,-0.031271195269091,0.140562934774397,-0.188000143680389,0.153404852459841,-0.0421233118716451,-0.0343392583365637,0.076776799859582,0.0376683006978248,0.0436138729167939,-0.00680826021360348,-0.0637299323647507,0.139256424094155,0.167533073038873,0.15107467762072,-0.279708894343232,-0.147840604624474,-0.00911210286359343,0.0824472266646617,0.136939710295164,0.0155399077875904,0.0551230449745324,-0.049830399515536,-0.0201320919428598,-0.0919016797718086,-0.0853891651631544,-0.0253230799827405,-0.0174218081450413,0.0221552903014873,0.133212373631738,0.0722025800184821,0.144915113315004,0.00188730858677034,-0.134262874701006,-0.051307937297778,-0.0411415965665519,-0.298340933628187,-0.0472850701971614,-0.0696938545477555,-0.0443155978885958,-0.0201727523724351,0.0467529473307743,0.0784143603696184,0.276157584332416,-0.00929400615894907,0.0728833789497495,-0.0226801191696721,-0.134462423725348,0.551279057262461
"Price_diff_target_reg_pr",0.162996792504183,-0.155293021094322,0.0676799047623876,0.0382590881749218,0.0382865943432725,-0.0338386148254033,0.111007734641371,-0.176207869605042,-0.0224589863552699,-0.0195420295066313,0.108866319083671,-0.082929978402648,0.0475974437173431,-0.0485879166987633,0.0877237391206149,0.00559881866774724,-0.0116012415568165,-0.0406855231814629,0.218334651614587,-0.0898706321304566,-0.0369273081771684,-0.0515562902555782,0.0591464389717755,0.0409031902666371,-0.0905315897730494,-0.0487676574485705,0.248707308486007,0.111463514440263,0.110509488707449,-0.412691124362617,0.0341596082666519,0.0579582989064069,-0.0194786640184479,0.0374433530960767,-0.0181481577874862,-0.0407180092702688,-0.0458072511095381,0.0166897400333582,-0.0643841353047018,-0.0749972348929257,-0.0078961740913638,-0.033479702650114,0.0116330555076284,0.0099993744067394,-0.0888092614753293,-0.216266432796006,-0.00691768243871198,-0.0454312306958751,0.0482079944006192,0.038655887594971,-0.2761292414795,0.0444281824480286,0.0654830641562554,0.0416381208715237,0.0189539471791936,-0.0439282095877964,-0.0736766910680375,-0.259472588069952,0.00873247728260005,-0.068479882633282,0.0213098229147528,0.126338420748125,-0.517971664918939
"Price_rat_amazon_final_pr",0.117930371774845,-0.115233461204259,0.0718413814695032,0.0307923409080578,-0.376953598231617,-0.00291962490793425,-0.0380114943515925,-0.017426980024766,-0.00506460950733501,0.0148577175659907,-0.0799607667741191,0.0648500733525183,-0.210069140323429,-0.0277090222056844,-0.0168505506843655,-0.051005194896312,0.0142167108232169,-0.0741101605872861,-0.125428413178242,0.000194868638298734,-0.0211667623816151,0.134733157287305,-0.0990177442715884,-0.283603728731289,-0.243546846824984,0.07884979557293,-0.185762211894109,-0.2721164088806,-0.02380262232454,-0.076397750424933,0.227940334864131,0.0806887042213499,-0.119003598100469,-0.0383737212738011,-0.0340593584431193,-0.131044990188497,-0.0631375768720899,0.0326063045406176,-0.273858419981485,-0.102732472447313,-0.0958112807637296,0.104016601722822,0.0564368290463911,0.486019506780652,-0.063544762872492,-0.0836287221923567,-0.00193104187506236,-3.02015357167562e-15,9.98767041293647e-16,-2.30186963240397e-15,2.77555756156289e-17,1.37541887601511e-15,-7.13838710364456e-16,3.73832909073002e-16,-1.13244916916111e-16,1.91730312182337e-15,-1.44415729375069e-16,-4.5102810375397e-17,-6.33960115306587e-16,-2.22261445359528e-16,-4.00721122950642e-16,2.60208521396521e-17,-1.17267306976032e-15
"Price_rat_target_final_pr",0.0768625915285782,-0.117466530769896,0.0582309903445051,0.0591537436974823,-0.3922965068035,-0.0331118599984575,-0.0237679690148132,-0.196684448773792,0.0181415338249186,0.00654744637506272,-0.0317092111665658,0.156987856702838,0.0189628124981038,0.220291161372421,0.121999273336841,0.0302616706075068,-0.186080262698584,0.234453987069306,-0.0681525799282099,-0.0105683724292551,0.0765050234101736,0.136553678404702,-0.266452670226759,0.147045679261635,0.131876690913286,-0.00532380030675024,-0.0337781715981448,0.215552808188131,0.0369239545231797,0.0489815169382077,-0.0736780927852852,-0.107660772358577,-0.0147194062649183,0.0562880890968516,0.0173870754558143,0.102941525194809,-0.0175833498659937,0.0168196600610568,-0.384961447742066,-0.249849351258311,-0.152564429739349,-0.021239237691427,0.0239289234806016,-0.366848363492868,0.0532807697642766,0.0625990945974802,0.00662352238414918,2.23952800748606e-15,-1.22298005056365e-15,-1.04083408558608e-17,1.42247325030098e-16,4.17200995972422e-16,2.15105711021124e-16,-7.85829734617494e-16,1.04083408558608e-17,-1.66880398388969e-15,-7.0082828429463e-16,-1.96023752785379e-16,4.44089209850063e-16,-4.78783679369599e-16,4.09394740330526e-16,-4.85722573273506e-17,7.25114412958305e-16
"Price_rat_amazon_reg_pr",0.146411400477948,-0.118679283338363,0.0372367338034027,0.107831153989841,-0.0774005975168989,-0.117939493280455,0.170143981278079,-0.215229520469883,-0.0578867070428288,-0.0505085012027314,-0.105119447736081,0.0729309278844106,-0.281272850204842,-0.0402566280808619,0.00162185796913585,-0.0876444302648449,0.111205555459009,-0.188128013984748,-0.0392929825485895,-0.000703245193647561,-0.0267871419904319,0.0368331152455121,-0.00428131302403277,-0.167682987617987,-0.182530610722229,-0.0338091531567275,-0.186918337731704,-0.337500703190488,-0.00627103286903744,-0.11841750995692,0.0502379989485781,0.0580650745160614,0.0272636764001604,0.0517576318646018,-0.0215351241668181,0.00927875728607228,0.0516711817250177,0.0278633741538913,0.266569546882047,0.0839213525270783,0.11086677564179,-0.0935637560670128,-0.0600796839921446,-0.58032205090646,0.0720751517499313,0.103303549998635,0.00301061515130428,3.18495230189342e-15,-1.28022592527088e-15,3.42087469462626e-15,1.87350135405495e-16,-2.19095575015871e-15,1.30104260698261e-15,-8.15320033709099e-17,-7.99707522425308e-16,-3.01494940124769e-15,2.54136989230602e-16,5.759281940243e-16,7.40726924242097e-16,1.45716771982052e-16,5.72458747072346e-17,-1.49186218934005e-16,1.58727198051878e-15
"Price_rat_target_reg_pr",0.0913478324071365,-0.122960343047135,0.0401567601618425,0.146977788561937,-0.114362919378863,-0.146732124873336,0.253147158498626,-0.337463775786774,-0.0966144725329077,-0.0656823854375364,-0.0796101024074464,0.120068195541146,-0.0338300418797801,0.226015520930375,0.103973416012766,0.0213118774953381,-0.09799074787399,0.160841297372909,0.00833417680052537,-0.021395943859156,0.065516756729832,-0.0424442424418383,-0.128691597172583,0.239984382357017,0.103804619635187,-0.108766261097342,-0.115115150753583,-0.0206384622605498,-0.0375898132447203,0.0978734119626055,-0.193367651902478,-0.0839686881574941,0.115029122812323,0.0781703208651569,0.0869863818825842,-0.0512287898336728,0.0609164175691241,-0.0296312817899407,0.362198571245701,0.25571643574485,0.133719882914183,0.00467439330172228,-0.0250796710968695,0.420532411273097,-0.0628115789809847,-0.0696831053716343,-0.00254663601500285,-3.13291059761411e-15,1.65145674912992e-15,-2.88831458750138e-16,2.42861286636753e-17,-3.06178693509906e-16,-2.4459601011273e-16,6.66133814775094e-16,-1.82145964977565e-17,2.2360585605341e-15,9.0205620750794e-16,-6.93889390390723e-17,-9.90527104782757e-16,3.81639164714898e-16,-3.2612801348364e-16,-1.17093834628434e-16,-6.48786580015326e-16
"TCIN_var",0.0352386132464261,-0.113101600154936,0.0413367195307319,-0.0607020197197169,0.127460160627584,0.268833562614696,0.077151957698403,-0.149783042672312,-0.137812939323136,0.189244508860264,0.0957064136205768,0.0959207592596475,0.267853845284798,0.450028738053665,-0.104221452733012,0.120813947210761,-0.153901169179708,-0.412765309043356,-0.0757300475014883,-0.26911850661524,-0.295111168576329,0.157806561705489,0.0819222717613702,-0.225203125164666,0.164146427446679,0.00377194474590031,-0.073745807752141,-0.0188117756313677,0.0689666430506357,0.0936343693326033,0.0156237433212343,0.0177004611885599,-0.0290008925359939,-0.00366963774687873,0.00225039739775258,-0.00706987169271948,-0.010727160003413,-0.0286289875962108,-0.0131120909847793,0.0131220901284949,-0.00488811908346525,0.00226117081123578,-0.00622635991220405,-0.00371236103809283,-0.00271223493063879,-0.00396493365351824,-0.00227347196682647,-7.28583859910259e-16,4.14598910758457e-16,-6.85215773010839e-16,0,7.50267903359969e-17,4.04190569902596e-16,-1.42247325030098e-16,-2.31585584042904e-16,5.20417042793042e-18,6.0281640790194e-17,-1.82145964977565e-17,-1.38777878078145e-16,-1.73472347597681e-17,-5.35595873207839e-17,-1.95156391047391e-16,-1.73472347597681e-17
"max_tcin_price",0.17522765901559,-0.158629067672155,0.084848071677023,-0.0421208668774684,-0.08681351959382,0.0488226839759331,-0.0660429986324336,0.0333245248580315,0.0212689094237451,-0.014011172262638,0.0341103560220367,-0.0877137745982013,0.0470219975778453,-0.0240803972940841,-0.00459173917036459,0.0071463190669947,0.0491830723215973,-0.00125075796808255,0.0189760277395516,-0.00079222027807313,0.00119032498089371,-0.0666130496442399,0.0675106232124604,0.0255596444173652,-0.028715050812045,0.0497601848554551,0.0270594958305338,0.00836813738276201,-0.0568810092830374,0.165015579085678,0.00121878449051152,-0.0371874298021747,-0.0164808445905757,-0.0276382821245894,-0.00305595678696479,0.016445409182523,0.015479305818419,-0.000811737283965275,0.041134872901863,0.0214720519838582,0.00942322100273233,-0.00332606696138496,-0.00896154489099494,-0.0393406946274595,-0.0400109509647067,-0.0800284222742657,-0.00164738309767881,-0.0788493730070755,0.0553044945659679,0.234991653185907,0.0128410301554603,-0.0313194741734517,0.180145670554376,-0.121262808311777,0.0246539728806055,-0.215173474441793,0.1509908578993,-0.0898666831987777,-0.518010212408076,-0.247758327885944,-0.552325518797376,0.0805952959659322,0.117087309371662
"min_tcin_price",0.17522765901559,-0.158629067672155,0.084848071677023,-0.0421208668774684,-0.08681351959382,0.0488226839759331,-0.0660429986324336,0.0333245248580315,0.0212689094237451,-0.014011172262638,0.0341103560220367,-0.0877137745982013,0.0470219975778453,-0.024080397294084,-0.00459173917036451,0.00714631906699503,0.0491830723215973,-0.00125075796808231,0.0189760277395515,-0.000792220278073186,0.00119032498089369,-0.0666130496442398,0.0675106232124604,0.0255596444173651,-0.028715050812045,0.0497601848554551,0.0270594958305336,0.00836813738276193,-0.0568810092830376,0.165015579085678,0.0012187844905116,-0.0371874298021748,-0.0164808445905757,-0.0276382821245894,-0.00305595678696494,0.0164454091825232,0.0154793058184188,-0.000811737283965348,0.0411348729018631,0.0214720519838579,0.00942322100273207,-0.00332606696138499,-0.00896154489099459,-0.0393406946274608,-0.0400109509647056,-0.0800284222742659,-0.00164738309767916,-0.0821927838268612,0.100639470339789,0.250589279488788,0.0138719851518321,-0.0282424789482975,0.224930150216341,-0.0970653958394715,0.0667563206581819,0.254527349283308,0.138488533249382,-0.209639225253998,0.438930965660413,0.578687149210226,-0.194235675312532,-0.0767888875350917,0.036783655002315
"gross_sales",-0.0439946463823131,0.0486368637042351,-0.00409638723664165,0.0276270369600106,0.01886273384659,0.537712861340903,-0.0319586849775305,-0.157265953849593,-0.25176931887009,-0.151177165115719,0.127101552092807,0.0131240244501449,-0.145008948994578,-0.0863693009687935,0.0969541749096755,-0.0579239684261592,0.0469116585679485,0.13007539497458,-0.00390132497243581,0.0855249304794994,-0.00111174571289752,-0.0513431083465869,-0.0126082401000764,-0.0126308726825353,0.00302884751456468,0.0138422659921789,-0.0420682577573843,0.0113240902917104,0.0501260853446188,0.00349243230975202,0.000219078736291012,0.00692730738176456,0.000580170177669537,0.0161364723286745,0.00807862496578998,-0.00311403666718019,-0.00336477809080965,-0.00474590773523929,0.00923637267612706,0.00253201611231198,0.00612797712972882,0.00565157829683764,0.00938276558126997,0.00203686511618148,0.0379345914965071,-0.0347255416208694,0.706057200836897,-9.28077059647592e-16,3.72119869640475e-15,1.2038980923279e-15,1.06858966120171e-15,-1.20753016960573e-15,-2.91260071616506e-15,-1.17592567627778e-15,-1.07097490598118e-15,-3.28556626350007e-15,1.84216791127012e-15,-1.27784068049142e-15,2.00013616780126e-15,-3.10515502199848e-16,-6.86950496486816e-16,2.87638836360404e-16,-1.10008573431242e-15
"net_Sales",-0.0442486894775622,0.0480421806104317,-0.00399325146936294,0.0275044909933747,0.0185167200546831,0.537433576878405,-0.0316879416562078,-0.158425516545613,-0.251627624733937,-0.150462243480372,0.126681498023003,0.011272539604964,-0.145631893105409,-0.0847491171204396,0.0973152379663389,-0.06019677657645,0.0476736501488045,0.132656830412908,-0.00541717728918374,0.08870828897091,0.00336396914938897,-0.0531846272346585,-0.0140816058718684,-0.0117520684103633,0.00346472990635005,0.0121127193670367,-0.0423890652852234,0.0130231598703856,0.0560375769527754,0.00835875171043979,0.00445393952881643,0.0100770395301842,0.00214875583396454,0.0240472097789146,0.0148144917248306,-0.00843723952750303,0.0182628313083076,0.0173883692798332,0.000552082012723717,0.00598133168003211,-0.00785913807706808,-0.000260318335247825,0.00371873121725187,-0.00486029443768921,-0.0385737780647788,0.0361092163926696,-0.703723534664252,6.6266436782314e-16,-3.59911753178288e-15,-1.28109328700887e-15,-1.20042864537595e-15,1.24683249835833e-15,2.86619686318268e-15,1.19348975147204e-15,1.05818132034585e-15,3.36362881991903e-15,-2.04870842512861e-15,1.01828268039839e-15,-1.93942084614207e-15,2.28983498828939e-16,8.14452671971111e-16,-3.05311331771918e-16,9.26342336171615e-16
"Amz_rating1",-0.184455924701083,-0.127003367367596,0.0627092041893063,-0.0785329384904575,0.0291914027223574,0.0286675548459426,-0.00371947975019104,-0.0371149229031045,0.115547841065787,0.00944698481588422,0.071651315440248,-0.0904607971747902,0.0378689838706186,0.0299832402860475,0.0690694665773089,0.0750339697313911,0.16995015387589,-0.0212825788647979,0.0206716471010726,-0.0339421787528437,0.0346791323483277,0.0321540236276576,-0.140973206123453,-0.0253229789625214,0.0108124419140129,0.115435241902945,-0.00573266386762036,-0.0300221066008832,-0.179406231987298,-0.11043156304821,-0.0273908079997682,0.0727470853200476,0.0434406665447666,0.129929251777834,0.248856391826516,-0.0678752529379752,0.390566444779495,0.13507604192918,-0.139405854359809,0.345974192366238,-0.206361922026427,0.121919696948627,0.185603471343264,-0.0608395866825268,0.00565373932983468,-0.0162274387314454,0.0110771620770482,0.124216734166338,-0.133780716677504,-0.18117010225661,-0.0383027601525791,0.0917781478295167,0.154222052250152,-0.11624741846332,-0.215460022219999,0.0616111701769618,0.107240778871141,0.105075426563161,0.0685203305139384,-0.0697635693100527,-0.153542988029586,-0.22627434743737,-0.130552011166696
"Amz_rating2",-0.178903281435796,-0.1434500612965,0.0459802425212967,-0.0571708989689485,0.00384863398887878,0.0125332141296365,0.00615774599690774,-0.0337726113148498,0.0382437248809882,-0.0756955093501009,0.0955942122631481,-0.0769283326426586,0.0568385869339626,-0.0104968649585932,0.00771652564211482,0.161751130994366,0.088707655312636,0.00513104437546269,-0.139806394737024,-0.0249223282933349,0.0230223999576832,0.0487906768765962,-0.172787225785649,0.14952084086257,0.0575881889087841,-0.0663814336261522,0.166653393063719,-0.188072253399862,-0.106105684470618,0.149526666853506,0.118610717396568,0.432665015344265,0.0623738412615734,0.342087735402213,-0.112433687302569,0.0311147277559026,-0.238004332889337,-0.0527884864692483,0.140458732420272,-0.397849145271332,0.199510492421436,-0.056292120107665,-0.0749246656618517,0.0405171738608136,-0.021211549473998,0.0219325158955787,-0.00283984993928764,0.0642019993492947,-0.0691451883896404,-0.0936386137121826,-0.0197969605214318,0.0474359644598273,0.0797103881748506,-0.0600830212984445,-0.111361519035299,0.0318440211309526,0.0554278975494817,0.0543087250933626,0.0354150529282025,-0.0360576267079337,-0.0793594106601113,-0.116950953544494,-0.0674764168630418
"Amz_rating3",-0.174424493299819,-0.149124639940164,0.0552693673904409,-0.089089409290311,0.0311615399555279,0.0342245562519867,0.0022161582710669,0.00722009727205808,0.0870270006994003,0.0595991996765022,0.0841944379207389,0.0275635130519644,-0.0183000263614045,0.0770312452479863,0.0154973287560381,-0.0563536034701394,0.124615815796456,0.0547726688813825,0.16517764994982,0.0707400957086547,-0.146595067859433,0.0520528056794735,-0.0687381897188538,0.0709313546352095,0.0128031626476597,0.197985885801593,-0.123114156359921,-0.0607000097809615,-0.160490399301001,-0.137186188063096,-0.219758440633493,-0.110043798591343,-0.0127463798841332,-0.145797906968932,-0.253870530493688,-0.101370164598179,0.0977868319256328,0.187019463237048,-0.0731925763472014,-0.0916945816497679,0.116763196138639,0.0621213162765582,-0.659542618111164,0.0477201557734148,0.186440736551098,-0.0659629495028375,-0.0117833978979797,-0.00601382433998316,-0.0218754764217551,-0.0223822917567122,0.00185438840297956,0.0230324915578166,0.0216590558402548,0.0144990551866618,-0.0294307918238503,0.0400097726347935,-0.0320200392196831,-0.0472530443145085,-0.020118480090376,-0.0019731349530114,-0.000357043762560618,0.00360486162481685,0.0262534894202163
"Amz_rating4",-0.15418338770809,-0.204415093477318,0.0187428862829667,-0.0739900132048588,0.0237447426845396,-0.0263736597456523,-0.00796646651171506,0.0433945605472797,-0.0285028170498455,0.0133471204202251,0.00791610694908798,0.105123801778428,-0.0484407687899109,-0.0416779967978282,0.014656696175509,0.0283804563249608,-0.0272284289667483,-0.041198800304177,0.0145917528019311,0.0247081005404234,-0.0992614238150634,-0.14565367796971,-0.0562820136348454,0.00654273116129828,-0.0655379298477846,-0.0713836725813942,-0.0530992834534772,0.0660840042888557,0.0531314007741412,-0.0456407854595976,-0.065818757977726,-0.160226815350112,-0.0314121103007235,-0.0319792996773126,-0.0133303973910037,0.0234746483292614,-0.154763458696418,0.0334444270065665,0.0866543207479055,-0.0891650654889851,0.15499824304427,0.728556980656731,0.137238665756506,-0.104228701003596,-0.321061507401356,0.141586948087121,0.0163712336702465,0.0205280080266887,0.00925474019531168,0.0141838351316618,-0.00632989889110772,-0.0559801319807818,-0.106661816028769,-0.00651957271799584,-0.121683240544652,0.0820240044671119,-0.0820338210697582,-0.125335916481932,-0.00901810686378947,-0.0338648620150839,-0.0444536081133617,-0.0659377729452509,0.0341424204908623
"Amz_rating5",-0.177203586397514,-0.174476295342991,-0.019154842914321,-0.0362253653255941,-0.00227445950922063,-0.0352588251504836,-0.0154897932569188,0.0174466262074299,-0.017221350364677,0.0491181107412267,0.00745182271247065,0.0207264796955515,-0.0547501487008261,-0.0627588338198176,0.0280429373910446,0.0129898858185616,0.00431394052826327,-0.0043362241053323,-0.0578932636542626,-0.02842949092825,-0.102073633163669,-0.145305244608246,-0.0625464933364457,-0.00885511537698869,-0.0570617926736153,-0.0609766787812387,-0.00591646624633713,0.0211437610773778,0.124194469227634,0.0407925392412568,-0.00522482174415501,-0.0636345446800249,-0.145781150011207,0.0208295163850214,-0.0181832180329135,0.011863160739932,0.0359712018358413,-0.125668931835534,-0.0729472552893957,0.110445571243816,-0.105406396531199,-0.49586535352636,-0.110189687286357,0.0426528058200907,-0.292507768839952,0.143967049931722,0.026123839449409,0.0510547042948353,0.0230172369078806,0.0352762677933566,-0.0157429359771038,-0.13922681055798,-0.265275981469747,-0.0162146690907972,-0.302635397237144,0.203999885800023,-0.204024300431222,-0.31171987779757,-0.0224287119642298,-0.0842244661010234,-0.110559476307463,-0.163992214695299,0.0849147749652305
"Amz_Review_count",-0.177060594202187,-0.177309823556164,0.00716509399135513,-0.0560430384003955,0.0101789422626212,-0.0188182809674517,-0.0102540264560055,0.0153450612818434,0.00540411962231236,0.0340915441778722,0.0257805517438035,0.0263910060858884,-0.0373502734974891,-0.0340222091249543,0.027178012118954,0.0219244686602919,0.0289567726600784,-0.00753420485983405,-0.0161596443534444,-0.00703203779189225,-0.0906838268587404,-0.103179538044243,-0.0756067115999997,0.00873440021437414,-0.0415784290153175,-0.0217589581933165,-0.0210683150457124,0.00875110407702096,0.0431689093079104,-0.00502017533370474,-0.0379884647412369,-0.0565363508238921,-0.0830229965638068,0.0165797515409683,-0.0229435054658844,-0.00353102832301862,0.019806164204922,-0.0331148291932673,-0.0350722869838684,0.0445599191623438,-0.0209577694659892,-0.0983928032026817,-0.0875555153741733,0.00189277306218089,-0.216163356278004,0.104765637030889,0.0178818880594309,0.056620440120413,0.205958643422356,0.21073033373169,-0.0174591543741715,-0.216851995560082,-0.203921033428639,-0.136509289195681,0.27709229467835,-0.376693898529397,0.301470181168644,0.444889643405179,0.189416440000943,0.0185771587496696,0.00336158388332266,-0.0339399424112231,-0.24717784252295
"Amz_Avg_rating",0.0551510282326265,-0.0922493649387084,-0.328309423827259,0.109941969429023,-0.0235786106602643,-0.0448514268593988,0.00372926805902665,0.0814024607634083,-0.121307928384251,0.080325264284914,0.161204437985768,-0.0178948389637656,0.019138816782868,0.0960089896117138,0.0175605712323878,-0.115506713044655,0.118858305656714,0.00103805849434334,-0.0129264940234608,0.0270911738359368,0.0585527765081892,-0.00878634322962938,-0.0617017946478528,-0.0401706319558756,0.00721243098888124,-0.0571897305010148,0.0504369797024256,0.00440906859459299,-0.0600012802504377,0.00840572630149753,0.0179643242321777,0.0100521332876291,-0.0269119589846673,0.00451917788884875,0.000241297755171363,0.0268957367243601,-0.00338929812980851,-0.0245786160444306,-0.0169989294628991,0.0235043973513984,-0.000286024033375144,0.0313215010452249,-0.0251646173361374,-0.00266436085682978,0.00907023257013184,-0.00736332731131516,-0.000718702928470783,0.157781599528913,-0.146097770934852,-0.0186432193302019,-0.0486526296461277,-0.516808597992758,0.401926764571009,0.0751376732457302,0.0828252931223006,-0.254116290117547,-0.401688020405163,-0.00418893325490766,0.127994704787506,-0.0347151845295931,-0.0125394867970462,-0.103482400830211,0.0744408565456691
"Amz_Avg_helpful_votes",0.0436766375558149,-0.0191445930525017,-0.0643166155622047,0.0545838339779342,0.014582613939866,0.151405721265383,-0.0701052627082744,0.139163743589591,-0.144076015581905,0.0876056259023751,-0.601078533937037,0.137440846531154,0.312589651035753,-0.126196247519034,0.339438262106853,-0.333508506086298,0.0516063571832892,-0.0952099669748112,0.156115821759517,-0.138391348587309,-0.183425776488549,-0.0262610825176591,-0.13456325078843,0.176749530392583,-0.0435044980055177,0.0446016811666622,0.0306230436767486,-0.0842223715936901,-0.109045871226371,-0.00569291833978243,0.0348481922498088,0.0817814319573546,0.047336747417732,0.116065158042601,0.00262851731509408,0.0521189543205971,-0.00504843038565507,-0.0502287523495992,-0.0396261077869439,0.0224455398406937,-0.0115270459335316,0.0187036716648282,-0.0152072545568685,-0.0010974832318086,-0.00561021019839091,-0.00333005966407976,-0.000898718096179206,-4.18935719448399e-16,-2.77555756156289e-17,-1.09287578986539e-16,-4.47124975933022e-16,2.28983498828939e-16,1.11022302462516e-16,-9.41629586803661e-17,4.16333634234434e-17,5.55111512312578e-17,-3.60822483003176e-16,1.80411241501588e-16,-7.71951946809679e-17,4.16333634234434e-17,-9.71445146547012e-17,1.16226472890446e-16,-4.68375338513738e-17
"Amz_cal_avg_score",0.0443499340517941,0.112683953932198,-0.0725122915971583,-0.363185383282042,-0.0582845450245716,-0.0875184404060003,0.0234329280132369,0.00555837251069983,-0.154391309753085,0.0489221515151592,0.1254107729031,0.0519024712918622,0.0848862008367529,0.0318022789519097,0.094710081875294,-0.0787622073771914,0.0170054381811562,-0.197510994746969,0.202207848254653,-0.02688867922838,0.233404998570538,-0.0929917007928121,-0.200578038876172,0.116965610585476,-0.186162682101539,0.0432399442322953,-0.153902565041758,0.0196355127067533,0.401721986622321,0.186864392636293,-0.0638193120679994,0.237596756234276,0.164516633077931,-0.19305513957914,-0.0174065313128827,-0.171316548507167,0.161246731579271,0.301552775788568,0.0590704150735253,-0.157278010703255,-0.0210860469870515,-0.0603391042100503,0.0681669444963763,0.00352592010561493,-0.0619365136574493,0.0343917554797548,0.0145709077703039,-3.09496352157712e-15,2.90349341791618e-16,-7.39859562504108e-16,-2.97830336781768e-16,-6.56159154788227e-16,-3.90312782094782e-17,2.40022032197557e-16,-1.45716771982052e-15,-1.23165366794353e-16,3.40873163029443e-16,-1.73472347597681e-16,3.04552390251178e-16,-2.92517746136589e-16,5.20417042793042e-18,1.47668335892526e-16,-3.73399228204008e-16
"amz_rating_4_5",-0.171792004652608,-0.184338849401004,-0.00834459004413006,-0.0473834799543507,0.00522333382576237,-0.0329389640445859,-0.0134253007692044,0.0250613992456125,-0.0205992635886236,0.0391310058858216,0.00763787424163496,0.0452427698883304,-0.0533100637307244,-0.0571090049877085,0.0243729516895498,0.0175248840620543,-0.00476457169348777,-0.015011408762031,-0.0373653269242171,-0.0132830615964661,-0.101973532948362,-0.146419406857598,-0.0611737560009992,-0.00447039087706244,-0.059907498838058,-0.0644072727403198,-0.0195828865257588,0.0342687997770641,0.104539622597906,0.0161174172868292,-0.0227591945425263,-0.0919717094142705,-0.113771255795148,0.00572501680119104,-0.0169086845440293,0.0152990004428112,-0.018857021004551,-0.0805977719132525,-0.0273673629961894,0.053573680064177,-0.030943653540028,-0.145743322450674,-0.0395075178494158,0.000534821437010224,-0.302793656149793,0.144283949011479,0.0234897654478159,-0.115121547061047,-0.19222599154732,-0.213006081166696,0.03549822038928,0.36250425989556,0.527954277388728,0.128742372641502,0.205879982254353,0.0089186750863423,0.049618091130294,0.0880300398333299,-0.116083418305397,0.102823554242301,0.151324954207951,0.254732946534383,0.0740019460175859
"amz_rating_4_5_cnt",0.0626853606957512,-0.109166383117121,-0.316102514752707,0.062254907637729,-0.00923877217014359,-0.0672592537029897,0.00107859678358115,0.0200060151492041,-0.111472156816791,0.0836079269893201,0.112772874857696,-0.0649134491648634,-0.0685924904166996,0.0779895560435526,0.0668194493539748,-0.0125116931952681,0.0125036526469275,-0.0532407623895008,0.178269206688557,0.0420212159338624,0.170636549449891,-0.142635900419885,-0.126718838460817,-0.200765441287905,-0.00416527122557606,-0.147222960617252,-0.131986845878721,0.231096366820169,-0.1290778122013,0.0685324964708904,0.0884129472206926,0.37435740604955,0.0516928644570623,-0.0903384912733435,0.023577832828398,0.249332985902402,-0.100502403069039,-0.300455289773483,-0.129095004538127,0.226560684313562,-0.0288313426384596,0.143266336408475,-0.25742833584878,-0.0112602431618963,0.055060358782955,-0.0344738707128921,-0.00805481067494267,-0.0532493551160949,0.0493062062332196,0.00629185791996795,0.0164196659248826,0.174416564692799,-0.135645354599052,-0.0253580433789797,-0.0279525208213886,0.0857611319295481,0.13556478137057,0.0014137136086478,-0.0431966433890847,0.0117159490996181,0.00423192303426448,0.0349240413744465,-0.0251228762871065
"amz_rating_1_2",-0.184868060746816,-0.13428107732991,0.0577284733841929,-0.0721533154676572,0.0208155202677387,0.023462351378569,-0.000358369994643661,-0.0364301160241096,0.0903330430437722,-0.0198114844869475,0.0808169256249225,-0.0869332452232738,0.0448922321990966,0.0163943412358016,0.0487718809439246,0.105902003628379,0.144063064911906,-0.0124373893649645,-0.0344390510762159,-0.0312583415364754,0.0310947623724229,0.0383001784375463,-0.153729596489418,0.0346858051432109,0.0270884837542521,0.0541578447330284,0.0536753403516338,-0.0849348888284602,-0.15637879202172,-0.0221289292082873,0.0226400872360671,0.197851879715632,0.0505216661062564,0.204772593553006,0.127337124900702,-0.0345762516091621,0.17861275552359,0.0719597717483614,-0.044600385995605,0.0936907769787373,-0.0689235707848047,0.0619679665014706,0.0980529448313994,-0.0266351503601206,-0.0035445460486437,-0.00326547534176506,0.00641501983792157,-0.193705415969181,0.172623817148652,0.242967251239144,0.0597298917727767,-0.108237178352057,-0.203518659993288,0.192540545619825,0.285383101633514,-0.0414944115590678,-0.201293512177312,-0.217389584510239,-0.128182164786618,0.101997195969179,0.229546262094712,0.343524119635328,0.228891398955637
"amz_rating_1_2_cnt",-0.0443133833921602,0.123102110456956,0.314892921824637,-0.0894178662526207,-0.00801588354340775,-0.0252459134047984,-0.00903783438525033,-0.11660200533486,0.0110408237800874,-0.0460741245986335,-0.0852995986234226,-0.0356257801742173,-0.0192627597924024,-0.0515440457115016,-0.00825494187614782,0.0913851725024742,-0.00302820397185358,0.0275842161001136,-0.299542002955969,-0.164690482937661,-0.0237116037229123,-0.0453074045887701,0.0836089301775162,0.227498033808229,-0.104677979592522,0.146249628093047,0.0892663859412493,-0.131107569094887,0.3340655025816,-0.0139411852243622,-0.0171153847203949,0.210898666619275,0.181816259678342,-0.220439359572049,0.0699977820114068,0.214582504689173,-0.0630320136643479,-0.270551812176812,-0.153606730304219,0.243770264971876,-0.08205310818289,0.184246420897666,-0.257678744774023,-0.0232992202414284,0.0326008805199766,-0.0280953163877333,-0.00581522705760742,0.0381160849927818,-0.0352935644640123,-0.00450373512913115,-0.0117532574916908,-0.124848020966359,0.0970954456349917,0.0181513810745038,0.0200085176067895,-0.0613881348718059,-0.0970377710205622,-0.00101194142060802,0.0309203168232063,-0.00838631962168394,-0.00302922613250878,-0.0249987577580517,0.0179830476018854
"rating1_cnt",-0.0504386984305139,0.072180890591394,0.308607886070201,-0.0493582704048957,0.0385206428120129,-0.00616036085873202,0.0116272215818831,-0.0980996744779116,0.0578076353048358,0.0502244294428402,-0.209357665126216,-0.100942895994795,-0.0361384882197088,-0.0430770745962015,0.151894614931357,-0.00433616275310585,0.102515395202778,0.0301426485644035,-0.0919684328128566,-0.312972557709625,0.283118584523177,-0.323566935692176,-0.0704406597573802,-0.42003424507983,0.258561892698373,0.167652758022741,-0.164392639906297,0.285627126341714,-0.112079020544387,-0.0846243824117177,-0.0686862472449295,0.045302759971494,-0.0133958623859599,-0.0399882152049374,-0.087670453668042,-0.0732792607988876,-0.0988152279437777,0.0208880187209484,0.0859736495008456,-0.110106813814448,0.0941675570783615,-0.0651317356663304,0.0302977613383996,0.0140411039054827,-0.00434577973617943,0.0127716204002153,-0.00199892048252588,0.0282591491787355,-0.0261665410659771,-0.00333905549060931,-0.00871382926280832,-0.0925619420207148,0.0719862673014516,0.0134573785760432,0.0148342539377457,-0.0455129759909862,-0.0719435075181926,-0.000750250283326233,0.022924228601293,-0.00621759179345443,-0.00224585901702416,-0.0185340027681676,0.0133325766527768
"rating5_cnt",0.0397044320598923,-0.0354826831025222,-0.25144200149342,0.16289299501494,-0.0431609793556653,-0.0817505787823048,0.00909123155551524,0.0805202878730739,-0.196803615223731,0.139174183731855,0.181139405508905,-0.0631427402449287,0.0867848230466456,0.137915068254118,0.0563129174684058,-0.250602469497958,0.368359592867956,0.0865242218091468,-0.450950426885942,-0.230955891944909,0.127952695230276,-0.0822825854030865,-0.03162049433355,0.0203683257378369,0.0825454124836059,0.161119519384362,0.242575733120021,-0.150662583273542,0.123064553660993,-0.0925926705273962,-0.0788434935431956,-0.159375132151336,-0.00789436436082418,-0.0707582388490172,-0.0181251941055962,-0.0516270826276129,-0.00667281819472581,0.0423422183412963,0.0135338860169916,-0.0384009398745864,0.0180685319206491,0.0440437885385114,0.0136239197154365,-0.00550828312638237,-0.00672496385444481,-0.000636387106822852,0.000659675021971033,-0.0566550107938551,0.0524596709247795,0.00669426470221106,0.0174698143888801,0.185571681267378,-0.144320790593436,-0.0269798614126858,-0.0297402731995259,0.0912461351798232,0.144235064163147,0.00150413013608761,-0.0459593602989404,0.0124652631238811,0.00450258307658913,0.0371576695477428,-0.0267296537979754
"Avg_sentiment_score",0.0610723293574167,-0.150446713825503,-0.279461036952033,0.0159126534069544,0.0121107383765331,-0.00911452479927975,-0.125703678237905,-0.0602776843963228,-0.0451294729167457,0.000710848823994773,-0.15396535391145,-0.109523538087962,-0.0919477074574988,-0.161325022708944,-0.0407902525528291,0.219958818941455,-0.134058453424334,0.118128696018429,-0.0483326454839165,-0.108250635626745,-0.152373734462873,0.0404975830887801,0.0217115783339727,-0.0316184046669165,0.144002771644571,0.0748595515039296,0.00121870408998677,-0.0263884111448867,0.0187718548050566,-0.0320739706663101,-0.0885544911113629,0.120849818235595,0.145931732358614,-0.165378560247751,-0.00822632354112384,-0.0632778222690272,0.0570137945391461,0.115852082928024,0.0222336948681562,-0.0339452079128607,-0.00400082704812,-0.0134977722166582,0.0346944908418735,-0.00318416546256966,-0.027388914240268,0.0171088987157875,0.00322162734095366,-0.101572771001265,0.114645688633728,0.126257036652952,0.0313203974633942,0.329665821387096,0.0393193470087569,-0.278132847960234,-0.24405633013933,-0.38621629994567,-0.260872655779441,-0.0222142689501459,0.188314388210384,-0.00931636982781937,0.0612390675227726,0.0229115606193476,0.107766545845972
"Total_sentiment_score",-0.159631264917046,-0.195496459659474,-0.0231376518642623,-0.0416734211918597,0.000946438757260275,-0.041145336606687,-0.0332955776758492,0.0328665059468493,-0.0592551497162607,0.00639373984205326,-0.0375101337866439,0.0586555028739113,-0.0298248646649051,-0.114099426487863,0.0205866947546421,0.0639801251355076,-0.0526934198552407,-0.0512070929676833,-0.10926750750044,-0.0403496383816817,-0.0607471921593213,-0.176441993554366,-0.0563653116278911,-0.0196287323820082,-0.078198630009561,-0.156420934684519,-0.00646867018880188,0.0603573593906329,0.17884473137911,0.0651060533689405,-0.0173753571947559,-0.0846044169634346,-0.138645675168391,0.078549645437859,-0.0312486492316659,0.0110294851129506,0.0302848885902655,0.0106697762194199,0.0341728453879999,0.010582482574447,-0.0112037480525797,0.0185407239000479,0.0851030328166425,0.0210129924535365,0.470896796125949,-0.234821466352216,-0.0364552639972775,-0.0499465047126561,-0.0725759972243629,-0.00140868575760991,0.0154012179060057,0.192302813877274,-0.0916407525744918,0.432538705903738,0.129598758345022,-0.214360387229438,0.0527446667808076,-0.130186202445353,0.171834280261913,-0.0792178695163944,-0.162495816286072,-0.254465846903545,0.0542431734901733
"Amz_Avg_Positive_sent_score",0.0709666500316241,-0.163086557032418,-0.238413844521727,0.0088719290126709,0.0399475189722733,-0.0158692972297905,-0.13423373881407,-0.0513568848119233,-0.0555234168281915,0.008240566405434,-0.207685267839115,-0.162621280928032,-0.134461587367626,-0.129988668980177,-0.0536470189798929,0.183911014131603,-0.10695379123921,0.202580128889896,-0.039713928180316,-0.11886141667185,-0.211842398787112,0.0839159235972454,-0.00832564788807744,-0.0975853308372979,0.174297871431965,-0.0564510714788144,0.0713883486603893,-0.0327599662534376,0.0501266039141054,0.00760957206324015,-0.0950979278909663,0.161833382911228,0.152391436809959,-0.22823927512775,-0.00599156306380857,-0.0668367743792349,0.0974711776521181,0.169827562755308,0.0233146115883964,-0.0396900158242634,-0.0089598348824658,-0.000760320690851787,0.0244165469113872,-0.00393363239128905,-0.0388680082283139,0.0187613251789934,0.00565315764578471,0.0876399772172062,-0.0989196754294079,-0.108938288349333,-0.0270241610331901,-0.284445376362693,-0.0339258901974815,0.239981209711093,0.210578986890681,0.333238794161974,0.225088607741314,0.0191671252590266,-0.162483198299518,0.00803843817007729,-0.0528388703940338,-0.0197687690401321,-0.0929841485037398
"Amz_Total_Positive_sent_score",-0.16139286637713,-0.197365074481513,-0.0109541808765268,-0.0486494313953918,0.00606157496227162,-0.0362162589396746,-0.025943429381169,0.0349325713191412,-0.0483298397766575,0.0130543973472798,-0.024847989424565,0.0612372827620025,-0.0381217653462812,-0.0856646952111613,0.0115989317208611,0.0406860024205192,-0.0313924697220861,-0.0321047756328514,-0.0790062476294952,-0.0301485729406427,-0.072926632411973,-0.15312981857323,-0.0638650823434373,-0.00903573643472732,-0.0706096488086772,-0.120304872555224,-0.0125695684550363,0.0483436692644045,0.150930330196754,0.0501019642550041,-0.0222997071972333,-0.0709095721231698,-0.104728984440771,0.0308552114023574,-0.0424098907440271,0.0232885511385492,-0.00152649411847414,-0.0150861954079218,0.0398849564383739,0.00982933773301994,-0.0152735128870824,-0.00129694250693889,0.127580778563837,0.0190208516071197,0.440033931654828,-0.219357295970631,-0.0354564208668019,0.0545864683855323,0.079318210570051,0.00153955078569134,-0.01683197050848,-0.210167488807309,0.100154056265057,-0.472720974794302,-0.141638310146108,0.234274181305144,-0.0576445759778392,0.142280327019872,-0.187797455718489,0.0865771039395774,0.177591460894238,0.278105384693302,-0.0592822919619073
"Amz_Avg_negative_sent_score",-0.000701415835355131,-0.0427157286927121,-0.32374507419189,0.0362490444123683,-0.0981419014114507,0.0200960650151157,-0.0433830793861952,-0.070084037449772,0.0121936440608768,-0.0280914435651253,0.110759974320401,0.135163722277354,0.105659542440026,-0.215829772659872,0.0241346295861853,0.268980674253932,-0.183383522447044,-0.248737087756608,-0.0617472663381986,-0.0249929584359622,0.133492258651746,-0.140065539489606,0.12684211671361,0.230816838931285,-0.0280352938096773,0.542426736663758,-0.26503994019494,0.00824326576922169,-0.107455583367362,-0.16961802875392,-0.0285385142714974,-0.0824601674338013,0.0634048949698712,0.138509202376717,-0.0134177676821138,-0.0246223758962734,-0.118905548081246,-0.13467754765023,0.00929376945505694,0.0013191415524654,0.0163736181325117,-0.0563718043707865,0.059819631438855,0.000921353465198227,0.0269860790083598,0.00404327131301606,-0.00726976081780586,0.0231387242775909,-0.0261167924509748,-0.028761908633781,-0.0071349243899335,-0.0750993250418125,-0.00895712030145591,0.0633598868875285,0.0555971061498787,0.0879817729482139,0.059427939142944,0.00506050823659505,-0.0428988464462493,0.00212231005011449,-0.0139505291079298,-0.00521935434776898,-0.0245496934473442
"Amz_Total_negative_sent_score",0.142540114517191,0.171880392043622,-0.0949925987243111,0.0977969473196849,-0.0483072898235596,-0.0133110240098869,-0.0420440351541236,-0.0451851166815015,-0.0547498276541832,-0.0669823293736874,-0.0880842021266164,-0.0703618896289541,0.100714011185298,-0.17420316094387,0.0672957782332301,0.16601775617066,-0.156405929670994,-0.137138263585788,-0.195004583811318,-0.0629575469941469,0.16125172302203,-0.0773037576525668,0.114278168055215,-0.0829779485365774,-0.00875787819493497,-0.212174403360864,0.0618370437446791,0.0639982139065274,0.118195184605808,0.0880491870159891,0.059517652142669,-0.0604660355849362,-0.205773481135166,0.381371204785518,0.128471213263979,-0.122698732502603,0.271839480676181,0.231040128096561,-0.0801176000109247,-0.00136108234700303,0.0466943272116698,0.169792529903807,-0.462207117243347,0.00191526961894962,-0.0852078544126505,0.0418040537543463,0.0195246415538091,0.00587092886458163,0.00853089759597082,0.000165583035751749,-0.00181032597324436,-0.0226041070787149,0.0107718516552225,-0.050842476128178,-0.0152336003401848,0.0251968499507312,-0.0061998369743322,0.0153026510684552,-0.0201981468316584,0.00931161208196936,0.0191004632595636,0.0299110196845818,-0.00637597795445471
"reviews_1_M",-0.153884025384579,-0.176960912586131,0.0105816744183648,-0.0414911477801709,0.00425453803837473,-0.021102277748435,-0.00125942502671814,-0.00649906467415411,-0.0473151436086117,0.00338222902852068,-0.0227250753804922,0.0145891087433886,-0.0736661042449042,-0.0105152897375865,-0.0396524200764656,-0.313349702053384,-0.230569327132039,0.00965165627273495,0.0503635209370506,-0.0321873647005603,0.1996811509554,0.134841434032952,0.298375374073852,0.020167780658505,0.0578879909841708,0.124836158181677,0.0350865760693877,-0.0892474837097091,-0.0191724896123621,0.0227736623967488,-0.348754404094822,0.278220651459899,-0.438972533214778,-0.0495693942543729,0.402560697050553,0.0749406265632323,-0.14822536872797,0.119363792134378,0.0161476051511129,-0.0464978965487135,0.0156942026790322,-0.0115821356680967,-0.00727746786941355,0.000266085004911813,0.0106817736688382,-0.00110728299030276,-0.000592564438610826,2.09901540593194e-16,-4.85722573273506e-17,-5.93275428784068e-16,2.09034178855205e-16,1.76941794549634e-16,-2.28983498828939e-16,-4.25007251614318e-17,3.46944695195361e-17,5.27355936696949e-16,2.08166817117217e-17,-1.38777878078145e-17,-2.39391839684799e-16,1.04083408558608e-17,-1.38777878078145e-17,-3.29597460435593e-17,-2.42861286636753e-17
"reviews_2_M",-0.162969078778548,-0.172652025377965,0.00658435959109845,-0.0391310545797379,-0.0269935692897645,-0.0131568820876472,-0.0237024069975802,-0.0290248976278323,-0.0473516384563002,-0.0497494502853768,-0.0219566975131884,-0.0469122202390055,-0.0224892581154758,-0.0134401898895177,-0.0602639255445366,-0.269724118036229,-0.212735092728317,-0.00910373170718116,0.0171730585113217,-0.0534026114866275,0.228689157135754,0.104398986171636,0.246262128718905,-0.0205999943268797,0.0747390303433444,-0.0296706698022683,0.0235306655959591,-0.0329541698992482,0.0170257911476724,-0.00289001413079607,0.0344949305145319,-0.00300629246701487,0.139148619768088,0.0355540884742912,-0.3178576191422,-0.0912913171087189,0.537839423638731,-0.45137923146572,0.00518491241455236,-0.190964072058366,0.0236179045389076,0.086760248869411,0.0595984743057651,0.0122468901663167,-0.0402106913526308,0.00388089265464445,0.00213323096853736,-9.28077059647592e-16,-2.61943244872498e-16,-1.38777878078145e-16,-3.20056481317721e-16,-2.46330733588707e-16,1.11022302462516e-16,-1.55040910665427e-16,-2.22044604925031e-16,-5.48172618408671e-16,1.04083408558608e-16,2.35922392732846e-16,5.8113236445223e-16,1.38777878078145e-16,2.84494650060196e-16,6.93889390390723e-18,3.12250225675825e-17
"reviews_3_M",-0.173164746502585,-0.160451519311923,-0.002841114239811,-0.0360980508717762,-0.0175319990237506,-0.0110916722923178,-0.0270594751858431,-0.0495300366469816,-0.0248193932278254,-0.0518419677380666,-0.0069305465205996,-0.0895537509836142,-0.00687860950769373,-0.0156414675229473,-0.044514264283989,-0.219963018140579,-0.172185724300629,-0.0150881152616585,0.00712492278182767,-0.0822085504089886,0.204821310889878,0.107545752538689,0.170417012857822,0.0124843147320606,0.0670672371335604,-0.049885674077447,0.0330779714087825,-0.000920511149583046,0.0291207847813191,0.0788959712101317,0.163730352544231,-0.0693197889198038,0.267986154609918,0.178698221406347,-0.374783664764023,-0.0304366195021109,-0.3669343138663,0.387094937191761,-0.113583467617434,0.390104067189452,-0.121912019373406,-0.00663895591348608,-0.00531040783203313,-0.0309456298555686,-0.0177535856519729,0.0139908113205938,0.00619746682527706,2.48390717716429e-16,5.79614481410751e-16,6.67001176513082e-16,2.02528965820292e-16,7.45931094670027e-17,5.20417042793042e-17,-2.23050880066369e-16,-8.5868812060852e-17,1.36175792864179e-16,-3.00974523081976e-16,-5.63785129692462e-17,-7.61109925084824e-17,-1.94072188874905e-16,-2.68014777038417e-16,1.47885176327023e-16,2.14455189717633e-16
"reviews_6_M",-0.188783661337332,-0.131130246633106,-0.0220504405188425,-0.028492408795337,-0.0130692125370902,-0.0152875321309574,-0.0263206778147661,-0.0408726385681835,0.0354877481380237,0.0676733263976902,0.0188873448239029,-0.0783279779053511,-0.0762266255602861,-0.00430583248043806,-0.0185037069279468,-0.167925581866835,-0.0477568714690285,0.0190089570003176,0.0683795760390622,-0.105207975938058,-0.0211525626814234,0.00502692853689468,0.0490575804923846,-0.0203415351800854,-0.0112116722840197,0.0504247103772704,-0.0381846040815915,0.0867332506157004,0.030725006535047,0.0248733504099102,0.458182849930005,-0.265672791838953,0.370569802902776,-0.040051293227654,0.581197186427594,0.0391018921463901,-0.0284553190505862,0.0244428051807578,0.0803339909311393,-0.21135354447476,0.102341891154785,-0.0597662701482564,-0.17814939022463,0.03144747757731,0.0565127105537671,-0.0158087132563037,-0.00115155353534334,4.25440932483312e-16,-7.04297731246584e-16,5.20417042793042e-18,1.99493199737333e-17,-1.94289029309402e-16,1.90819582357449e-16,4.79325780455842e-16,4.19803081186387e-16,4.19803081186387e-16,-9.0205620750794e-17,6.24500451351651e-17,5.18248638448071e-17,-3.59955121265187e-17,-1.70002900645727e-16,-2.59341159658533e-16,3.13117587413814e-16
"Avg_wt_score",0.0533631685151712,0.0488092891423101,-0.159932726680566,-0.375064786523823,-0.0699668180265396,0.030153447320363,0.187981767788649,-0.0211923329704292,0.0514336330175791,-0.0432439920247983,-0.0793816392351353,-0.0565841400635738,-0.0291584789697081,0.00985575101376462,0.0254110423830302,0.0434142006051254,-0.0169337055949129,0.0677986717126684,0.154003186660652,0.0266240973360263,0.0418615224962695,-0.0461168157512954,-0.0695650294405413,-0.15857055753618,0.181492556340427,0.0816099657684159,0.157669320175416,-0.24931464594057,0.095325810077308,0.0140694065621716,-0.0179068670802868,-0.173032085512777,-0.0485607087444641,0.115340838392696,0.0213143101470816,0.0786701029382592,-0.0677176011464977,-0.120802108116109,-0.0156544360584653,0.0302122322913241,-0.0418167196734189,0.0371598696210789,-0.0359697925472236,0.000452552677126426,0.0212426612697579,-0.0207512753013229,-0.00425989948133311,-0.420857115232912,-0.424677954988357,0.220155523136281,0.129773087752305,-0.111706289230362,-0.0412445530129149,0.0241775339513733,-0.154659127191483,0.0168333658309683,0.008987343229411,0.110792916697569,0.0216843332455156,-0.0175027697913612,0.0342249131751212,0.0053599405222441,-0.126686422547649
"Tot_wt_score",0.0534546163510443,0.0420983903944252,-0.1542272133757,-0.364884483998205,-0.0783748612179063,0.0284611957985868,0.176449105005409,-0.0478474236203199,0.120466688758699,-0.0826260074796431,0.000202532117512297,0.0140112840384467,-0.0187668089112147,0.00878566791482301,0.09883805624372,-0.123848659841607,0.0433163073122957,0.0349990180828716,-0.273720430014196,-0.0462604155747503,-0.155974918083148,0.0371688109167834,0.167234037941802,0.0804557395962074,-0.103230237913229,-0.130185047604318,-0.0737679960242736,0.221200751338591,-0.178473477624174,-0.0705766525510411,0.0261561400091886,0.0702251922705935,-0.0136338485831869,-0.0273093582974288,-0.0129064101174091,-0.024564214064866,0.00990050240737236,0.0194162760590204,-0.0169261026325991,0.0201848835672174,0.0891425530543029,-0.0260042775259019,0.0254984718583736,0.00199840051878196,0.00506829238782826,0.0096365114923431,-0.000666764540738236,0.388207769255828,-0.352429497015478,0.336153011976941,-0.119705522568824,0.172048433467985,-0.0806182284720348,-0.0858225800338013,0.138454283442886,0.0415967314336773,-0.0452450930957765,-0.014566255826273,-0.0314650923749924,0.00985100872435538,0.0478639902203954,0.0153377374423433,0.0388658026259222
"pos_avg_wt_score",0.0532205331237701,0.0620603411046422,-0.137499389992301,-0.394357302973586,-0.0629669806369286,-0.00487001702244169,0.142912698171192,-0.041431195860516,-0.0108656258234458,-0.0134375919825664,-0.0684738746557876,-0.0658232168750888,-0.0340243979771594,0.00446727357321212,0.0364460841074543,0.0507206614364682,-0.0171249539226892,0.0703047900170542,0.156478689409093,0.038524566560105,0.0339670464646186,-0.036108461231,-0.063260148890897,-0.151186648805194,0.183451081072325,0.0810169059569065,0.15409798207421,-0.254189146319603,0.0770130822849064,0.0133063692300153,-0.0146193337802867,-0.17958221255991,-0.0515014432372879,0.122047948910573,0.0237211356026824,0.0794270704045498,-0.0617352124430152,-0.121551198985857,-0.0638945021486989,0.0527747013032803,0.0496033904941068,0.023776665812388,-0.0153188170174292,-0.000960622390044144,0.0237723843721002,-0.0212863812533433,-0.0049592745012364,0.422728600953083,0.426566431384885,-0.221134520289592,-0.130350168361847,0.112203029614642,0.0414279610846906,-0.024285047660661,0.155346872123328,-0.0169082211741116,-0.00902730853808107,-0.111285595457152,-0.0217807600814922,0.0175806018691427,-0.0343771060072313,-0.00538377533882487,0.127249777240145
"Pos_tot_wt_score",0.0528775598874499,0.067360480374474,-0.1100218176529,-0.400194084629952,-0.0647184233131796,-0.0393773409470614,0.0880500507547965,-0.0864327554663437,-0.00280619624155738,-0.0224456246472076,0.0193680528700964,-0.00581735232268889,-0.0280673210910892,-0.00158594297369006,0.120504669710774,-0.106353757270721,0.0425401923358863,0.0412919698116726,-0.261037170174019,-0.0240679293371101,-0.166654009785093,0.0543220220165898,0.174173032399165,0.0870424471954223,-0.083991723231055,-0.128112566793121,-0.0836153489748465,0.204827010490033,-0.222325592693624,-0.0871789930888546,0.0384349282205172,0.0492541520016423,-0.0292227930589205,-0.00169262753774819,-0.0175681223528124,-0.0211129082101576,-0.0111530996116386,0.00269041396867764,0.0706417787531811,-0.0156983483362413,-0.0810092718173403,-0.00368905035660123,-0.0030809433380146,0.00386941724263599,0.00581658592435656,0.00862680716169899,-0.000428102565877319,-0.392284261999813,0.356130289222966,-0.339682888045157,0.120962526505404,-0.173855079924314,0.081464784490295,0.0867237859149926,-0.13990816439666,-0.0420335304554682,0.0457202028393534,0.0147192131879885,0.0317955010656818,-0.00995445221200793,-0.0483666004829502,-0.0154987959794065,-0.0392739247062638
"Neg_avg_wt_score",-0.000619076840749792,-0.0890614346981704,-0.143674580391303,0.138567157897905,-0.0442431350244776,0.230735790804555,0.29254892733641,0.134464948931395,0.410494161878415,-0.195850822910451,-0.0698115545439771,0.0627569060988443,0.0330331940023562,0.035346746029776,-0.0737213739168462,-0.0495904628074265,0.00176055390204869,-0.0185585646038975,-0.0208799798104658,-0.0794801704017502,0.0509824589535551,-0.0648374615111295,-0.0396589812923851,-0.0441889640494686,-0.0182659092384888,0.00153268288760721,0.0190019009946057,0.0395356449529168,0.11831555159014,0.00463422791793009,-0.0212169761724119,0.0483835786302444,0.0208695400238089,-0.0477326722430849,-0.0165409546564396,-0.00730930031563722,-0.037580353650242,0.00849074520869904,0.31948152319866,-0.150095600083428,-0.603358939651421,0.0874183941997723,-0.135516764833487,0.00933241787390976,-0.0173516087177997,0.00414633757745293,0.00474985644781925,0.0639215454380154,0.0645018706201242,-0.0334381450763826,-0.0197104813608767,0.0169664201561598,0.00626439585802549,-0.00367218535487157,0.0234902775035728,-0.00255672226960738,-0.00136503541893974,-0.0168276933015013,-0.0032935075651015,0.00265839415329923,-0.00519822349070882,-0.000814090267781341,0.0192416656916387
"Neg_tot_wt_score",7.32195195265711e-05,-0.0872245505362114,-0.144594004779002,0.132710383739665,-0.0435858355276125,0.229240799634476,0.293803929609491,0.132646519870203,0.414140497792251,-0.201338592044833,-0.0650550949111875,0.0668044017195653,0.0322279180966824,0.0348914759196751,-0.0770226478379391,-0.0550097832622463,0.00110639859056151,-0.0225927318023224,-0.0333931279235115,-0.0736899202940272,0.0417460852229536,-0.0595290782816817,-0.0294492642237926,-0.0251929758441268,-0.0616548191967941,-0.00244246260403218,0.0360237627234369,0.0477709946446864,0.155129140195041,0.0588376950642698,-0.0425968317353859,0.0686990968755831,0.0533898777612298,-0.0859802308651286,0.0162770958117034,-0.0108473969298205,0.071106931342976,0.056082926488886,-0.296609211237015,0.121076105468825,0.574352831302197,-0.0748209271495718,0.0960994777678772,-0.00642073027848688,-0.00271847099480331,0.00308707113898781,-0.000786504488730453,-0.115581382138359,0.1049290910624,-0.100083081306555,0.0356400124980022,-0.0512241055172311,0.024002523932496,0.0255520193168771,-0.0412220947406109,-0.012384625173162,0.0134708545504207,0.0043368219657451,0.00936812489040158,-0.00293294800874454,-0.0142505807004718,-0.00456651574969657,-0.0115715437484208
"Amz_No_of_images",-0.166799628563163,-0.0834197089472015,-0.0769205938008805,0.0461039039131968,-0.0388103827434383,-0.0345708080218995,-0.00744911031064201,-0.183523647334076,0.00398611141988101,-0.0524988902833171,-0.203091045181026,-0.11086308270155,0.230787214330416,0.127761837120679,0.15402049402401,0.1454929058259,0.22374446561169,0.0241211710035418,-0.0123314555501936,0.323752570496823,0.0743204153471102,0.103093804901898,0.218188745979582,-0.115824453786215,-0.0786448880781013,0.0439514996303568,-0.0280304419136561,0.0567575043463855,0.150237689653228,0.0190317404078578,0.0384825669071502,-0.00682289709914174,-0.0338585681895472,-0.0805174927362933,-0.0103967653308956,-0.00152527174156833,-0.0383368895005466,-0.00367807429215013,0.021614181308332,-0.0328308676788124,0.010058472037669,-0.00581887439294197,0.0193589561479556,0.00142227442178629,-0.00398162152816223,0.00346886161602065,0.000591666401778575,0.164346252224889,0.144898906863714,0.239295939148146,-0.0506768683236812,-0.0201849948235485,0.131724269046803,0.35568818925486,-0.3940513348887,-0.00226349684315741,0.104515249415463,0.153587329464185,-0.0175360306999322,0.035103005130288,0.0693985396513345,0.144243440988719,0.0145286891399929
"Amz_Not_User_Gen_images",-0.165178246386918,-0.00355613431614641,-0.117809035928732,0.0798598854235172,-0.0561653810252565,-0.0364460327992873,-0.0313601926644553,-0.228524134097846,0.0770563077909673,0.0359955690695558,-0.177166598955496,-0.202908001621683,0.140689652956372,0.158556569230826,0.108616477406001,0.0903402711145682,0.250554803707375,0.0974265550513261,0.080146396809522,0.181913739263179,-0.0234327052807817,0.0730431727739882,0.236520067131429,-0.0400675945702589,-0.0909379760045538,0.0928389704185284,-0.111510786860628,0.070783217277132,0.21605552627853,0.0716751157191881,0.0740762074824777,0.0231426551686733,-0.118614536968138,0.0285834995672894,-0.0479786417660641,-0.0166477275176991,-0.0289081996970422,-0.0198048708650141,0.0254684947054164,-0.0243941941636485,0.0136476090254764,0.0315694465705524,0.0421414865472848,-0.00780812146620352,-0.000833961685472284,-0.000457883579985765,0.000673247011291823,-0.162664706761241,-0.143416341266838,-0.236847529187491,0.0501583566029215,0.0199784675312024,-0.130376502705501,-0.352048885936303,0.390019510459144,0.00224033736859031,-0.103445878248446,-0.152015866326828,0.0173566068769083,-0.0347438408765365,-0.068688472960098,-0.142767581937649,-0.0143800356052432
"Amz_User_Generated_images",-0.0085132795450311,-0.205412333711209,0.102019931469099,-0.0846815397399256,0.0431400299322396,0.00386226550038916,0.0606473496568447,0.109679163059066,-0.185826984150305,-0.226560823355557,-0.071308621235902,0.231298054877571,0.235329791359216,-0.0749984845468793,0.119584874394905,0.144166549816277,-0.0623351689364665,-0.185895793286905,-0.235640243116009,0.369434196031736,0.250694087874681,0.0791775982918325,-0.0409059023974148,-0.195814919042774,0.029211848289882,-0.123241209764191,0.211683807695309,-0.0341963595552455,-0.163525822889948,-0.133453851395513,-0.0895580568464739,-0.0764287565026077,0.214776409473302,-0.279732491198883,0.0953560322503569,0.0384399445531807,-0.0250003402131952,0.0409389263847704,-0.00923900096018315,-0.0223312579411423,-0.0088682087043383,-0.0952900608756634,-0.0574623946698189,0.0235247509174723,-0.00811415812644614,0.0100831032998274,-0.000192023689964776,-0.0639263414429883,-0.0563618389192754,-0.0930797855431026,0.0197119602294805,0.00785142863707911,-0.0512372535754056,-0.138353289629208,0.153275537708587,0.000880440351343333,-0.0406536652322895,-0.0597414053057278,0.00682105171795854,-0.0136541397278909,-0.0269941947646327,-0.0561068800457874,-0.00565127546329054
"kohls_Number_of_images",0.0325305979762386,-0.0530395509921556,-0.0749827248066438,-0.146964986488271,0.070244626359517,0.234789365081267,-0.0782939393494784,-0.119005405762657,-0.0343164421605322,0.309766694109643,-0.378438968624661,0.038631073303758,-0.170603206198619,0.228485291114773,-0.489085559869007,0.115398739808123,0.0775089414279152,-0.035417240103916,-0.0402458063162388,0.0529099094684005,0.326916810653872,-0.136181896794189,-0.0545987387399843,0.218603915022422,-0.210558094057264,-0.0505073247646795,0.168562752241259,0.0700319604794854,-0.13192968840897,-0.131471854273978,0.0521319493776927,-0.0325640127729485,-0.0542033784751073,-0.00712062839328297,-0.0113930575693759,-0.011491993291491,0.0154047172793095,0.0387267549530578,0.00299371319705955,-0.0174017938457554,0.00634949909667214,-0.0236824380376665,-0.0185524605889522,0.000970487866474565,-0.0082417571843702,0.00440904631103636,0.00240078467945529,6.6266436782314e-16,-2.25514051876985e-17,2.74086309204336e-16,4.11129463806503e-16,-1.45716771982052e-16,-1.80411241501588e-16,3.80012861456169e-17,4.16333634234434e-17,6.24500451351651e-17,1.2490009027033e-16,-8.32667268468867e-17,8.32667268468867e-17,1.21430643318376e-17,-2.08166817117217e-17,2.22044604925031e-16,1.66533453693773e-16
