LON,LAT,SURVIV,DIREC$,DIVISION$
24,54.9,340000,Advance,I
24.5,55,340000,Advance,I
25.5,54.5,340000,Advance,I
26,54.7,320000,Advance,I
27,54.8,300000,Advance,I
28,54.9,280000,Advance,I
28.5,55,240000,Advance,I
29,55.1,210000,Advance,I
30,55.2,180000,Advance,I
30.3,55.3,175000,Advance,I
32,54.8,145000,Advance,I
33.2,54.9,140000,Advance,I
34.4,55.5,127100,Advance,I
35.5,55.4,100000,Advance,I
36,55.5,100000,Advance,I
37.6,55.8,100000,Advance,I
37.7,55.7,100000,Retreat,I
37.5,55.7,98000,Retreat,I
37,55,97000,Retreat,I
36.8,55,96000,Retreat,I
35.4,55.3,87000,Retreat,I
34.3,55.2,55000,Retreat,I
33.3,54.8,37000,Retreat,I
32,54.6,24000,Retreat,I
30.4,54.4,20000,Retreat,I
29.2,54.3,20000,Retreat,I
28.5,54.2,20000,Retreat,I
28.3,54.3,20000,Retreat,I
27.5,54.5,20000,Retreat,I
26.8,54.3,12000,Retreat,I
26.4,54.4,14000,Retreat,I
25,54.5,8000,Retreat,I
24.4,54.4,4000,Retreat,I
24.2,54.4,4000,Retreat,I
24.1,54.4,4000,Retreat,I
24,55.1,60000,Advance,II
24.5,55.2,60000,Advance,II
25.5,54.7,60000,Advance,II
26.6,55.7,40000,Advance,II
27.4,55.6,33000,Advance,II
28.7,55.5,33000,Advance,II
28.7,55.5,33000,Retreat,II
29.2,54.25,30000,Retreat,II
28.5,54.15,30000,Retreat,II
28.3,54.25,28000,Retreat,II
24,55.2,22000,Advance,III
24.5,55.3,22000,Advance,III
24.6,55.8,6000,Advance,III
24.6,55.8,6000,Retreat,III
24.2,54.4,6000,Retreat,III
24.1,54.4,6000,Retreat,III
