Pair_page,Dt,Control,Test
SD:gp:discount-mens-shirts/SD:gp:mens-shirts-sale,Dt_24_03_2015,0,0.444444444
SD:gp:discount-mens-shirts/SD:gp:mens-shirts-sale,Dt_25_03_2015,0.5,0.6
SD:gp:discount-mens-shirts/SD:gp:mens-shirts-sale,Dt_26_03_2015,0.25,0.555555556
SD:gp:discount-mens-shirts/SD:gp:mens-shirts-sale,Dt_27_03_2015,0,0.428571429
SD:gp:discount-mens-shirts/SD:gp:mens-shirts-sale,Dt_28_03_2015,0,1
SD:gp:discount-mens-shirts/SD:gp:mens-shirts-sale,Dt_29_03_2015,0.4,1
SD:gp:discount-mens-shirts/SD:gp:mens-shirts-sale,Dt_30_03_2015,1,1
SD:gp:discount-mens-shirts/SD:gp:mens-shirts-sale,Dt_31_03_2015,0.5,0.8
SD:gp:discount-mens-shirts/SD:gp:mens-shirts-sale,Dt_01_04_2015,0.5,0.5
SD:gp:discount-mens-shirts/SD:gp:mens-shirts-sale,Dt_02_04_2015,0.5,0.6
SD:gp:discount-mens-shirts/SD:gp:mens-shirts-sale,Dt_03_04_2015,0.333333333,0.6
SD:gp:discount-mens-shirts/SD:gp:mens-shirts-sale,Dt_04_04_2015,1,0.5
SD:gp:discount-mens-shirts/SD:gp:mens-shirts-sale,Dt_05_04_2015,1,0.333333333
SD:gp:discount-mens-shirts/SD:gp:mens-shirts-sale,Dt_06_04_2015,1,0
SD:gp:discount-mens-shirts/SD:gp:mens-shirts-sale,Dt_07_04_2015,0.2,0.636363636
SD:gp:discount-mens-shirts/SD:gp:mens-shirts-sale,Dt_08_04_2015,0,0.555555556
SD:gp:discount-mens-shirts/SD:gp:mens-shirts-sale,Dt_09_04_2015,0.5,0.428571429
SD:gp:discount-mens-shirts/SD:gp:mens-shirts-sale,Dt_10_04_2015,0.5,0.666666667
SD:gp:discount-mens-shirts/SD:gp:mens-shirts-sale,Dt_11_04_2015,0.5,0.5
SD:gp:discount-mens-shirts/SD:gp:mens-shirts-sale,Dt_12_04_2015,0.8,0.4
SD:gp:discount-mens-shirts/SD:gp:mens-shirts-sale,Dt_13_04_2015,0.2,0.5
SD:gp:discount-mens-shirts/SD:gp:mens-shirts-sale,Dt_14_04_2015,1,0.133333333
SD:gp:discount-mens-shirts/SD:gp:mens-shirts-sale,Dt_15_04_2015,0.5,0.4
SD:gp:discount-mens-shirts/SD:gp:mens-shirts-sale,Dt_16_04_2015,0,0.2
SD:gp:discount-mens-shirts/SD:gp:mens-shirts-sale,Dt_17_04_2015,0,0.363636364
SD:gp:discount-mens-shirts/SD:gp:mens-shirts-sale,Dt_18_04_2015,0,0.75
SD:gp:discount-mens-shirts/SD:gp:mens-shirts-sale,Dt_19_04_2015,0,0.5
SD:gp:discount-mens-shirts/SD:gp:mens-shirts-sale,Dt_20_04_2015,0,0.375
SD:gp:discount-mens-shirts/SD:gp:mens-shirts-sale,Dt_21_04_2015,0,0.333333333
SD:gp:discount-mens-shirts/SD:gp:mens-shirts-sale,Dt_22_04_2015,0,0.333333333
SD:gp:discount-mens-shirts/SD:gp:mens-shirts-sale,Dt_23_04_2015,0,0.571428571
SD:gp:discount-mens-shirts/SD:gp:mens-shirts-sale,Dt_24_04_2015,0,0.333333333
SD:gp:discount-mens-shirts/SD:gp:mens-shirts-sale,Dt_25_04_2015,0,0.307692308
SD:gp:discount-mens-shirts/SD:gp:mens-shirts-sale,Dt_26_04_2015,0,0.428571429
SD:gp:discount-mens-shirts/SD:gp:mens-shirts-sale,Dt_27_04_2015,0,0.461538462
SD:gp:discount-mens-shirts/SD:gp:mens-shirts-sale,Dt_28_04_2015,0,0.307692308
SD:gp:discount-mens-shirts/SD:gp:mens-shirts-sale,Dt_29_04_2015,0,0.4
SD:gp:discount-mens-shirts/SD:gp:mens-shirts-sale,Dt_30_04_2015,0,0.363636364
SD:gp:discount-mens-shirts/SD:gp:mens-shirts-sale,Dt_01_05_2015,0,0.333333333
SD:gp:discount-mens-shirts/SD:gp:mens-shirts-sale,Dt_02_05_2015,0,0.75
SD:gp:discount-mens-shirts/SD:gp:mens-shirts-sale,Dt_03_05_2015,0,0.357142857
SD:gp:discount-mens-shirts/SD:gp:mens-shirts-sale,Dt_04_05_2015,0,0.545454545
SD:gp:discount-mens-shirts/SD:gp:mens-shirts-sale,Dt_05_05_2015,0,0.1
SD:gp:discount-mens-shirts/SD:gp:mens-shirts-sale,Dt_06_05_2015,0,0.375
SD:gp:discount-mens-shirts/SD:gp:mens-shirts-sale,Dt_07_05_2015,0,0.3
SD:gp:discount-mens-shirts/SD:gp:mens-shirts-sale,Dt_08_05_2015,0,0.133333333
SD:gp:discount-mens-shirts/SD:gp:mens-shirts-sale,Dt_09_05_2015,0,0.454545455
SD:gp:discount-mens-shirts/SD:gp:mens-shirts-sale,Dt_10_05_2015,0,0.545454545
SD:gp:discount-mens-shirts/SD:gp:mens-shirts-sale,Dt_11_05_2015,0,0
SD:gp:discount-mens-shirts/SD:gp:mens-shirts-sale,Dt_12_05_2015,0,0.466666667
SD:gp:discount-mens-shirts/SD:gp:mens-shirts-sale,Dt_13_05_2015,0,0.25
SD:gp:discount-mens-shirts/SD:gp:mens-shirts-sale,Dt_14_05_2015,0,0.363636364
SD:gp:discount-mens-shirts/SD:gp:mens-shirts-sale,Dt_15_05_2015,0,0.3
SD:gp:discount-mens-shirts/SD:gp:mens-shirts-sale,Dt_16_05_2015,0,0.357142857
SD:gp:discount-mens-shirts/SD:gp:mens-shirts-sale,Dt_17_05_2015,0,0.25
SD:gp:mens-boot-cut-jeans/SD:gp:mens-straight-leg-jean,Dt_24_03_2015,0.375,0.111111111
SD:gp:mens-boot-cut-jeans/SD:gp:mens-straight-leg-jean,Dt_25_03_2015,0.333333333,0.125
SD:gp:mens-boot-cut-jeans/SD:gp:mens-straight-leg-jean,Dt_26_03_2015,0.833333333,0
SD:gp:mens-boot-cut-jeans/SD:gp:mens-straight-leg-jean,Dt_27_03_2015,0.333333333,0
SD:gp:mens-boot-cut-jeans/SD:gp:mens-straight-leg-jean,Dt_28_03_2015,0.25,0.2
SD:gp:mens-boot-cut-jeans/SD:gp:mens-straight-leg-jean,Dt_29_03_2015,0.307692308,0.166666667
SD:gp:mens-boot-cut-jeans/SD:gp:mens-straight-leg-jean,Dt_30_03_2015,0.333333333,0.166666667
SD:gp:mens-boot-cut-jeans/SD:gp:mens-straight-leg-jean,Dt_31_03_2015,0.357142857,0
SD:gp:mens-boot-cut-jeans/SD:gp:mens-straight-leg-jean,Dt_01_04_2015,0.111111111,0.4
SD:gp:mens-boot-cut-jeans/SD:gp:mens-straight-leg-jean,Dt_02_04_2015,0.294117647,0.333333333
SD:gp:mens-boot-cut-jeans/SD:gp:mens-straight-leg-jean,Dt_03_04_2015,0.444444444,0.142857143
SD:gp:mens-boot-cut-jeans/SD:gp:mens-straight-leg-jean,Dt_04_04_2015,0.625,0.6
SD:gp:mens-boot-cut-jeans/SD:gp:mens-straight-leg-jean,Dt_05_04_2015,0.272727273,0.125
SD:gp:mens-boot-cut-jeans/SD:gp:mens-straight-leg-jean,Dt_06_04_2015,0.363636364,0.333333333
SD:gp:mens-boot-cut-jeans/SD:gp:mens-straight-leg-jean,Dt_07_04_2015,0.5,0.272727273
SD:gp:mens-boot-cut-jeans/SD:gp:mens-straight-leg-jean,Dt_08_04_2015,0.363636364,0.333333333
SD:gp:mens-boot-cut-jeans/SD:gp:mens-straight-leg-jean,Dt_09_04_2015,0.6,0.111111111
SD:gp:mens-boot-cut-jeans/SD:gp:mens-straight-leg-jean,Dt_10_04_2015,0.5,0.285714286
SD:gp:mens-boot-cut-jeans/SD:gp:mens-straight-leg-jean,Dt_11_04_2015,0.25,0.375
SD:gp:mens-boot-cut-jeans/SD:gp:mens-straight-leg-jean,Dt_12_04_2015,0.545454545,0.285714286
SD:gp:mens-boot-cut-jeans/SD:gp:mens-straight-leg-jean,Dt_13_04_2015,0.222222222,0.8
SD:gp:mens-boot-cut-jeans/SD:gp:mens-straight-leg-jean,Dt_14_04_2015,0.75,0.166666667
SD:gp:mens-boot-cut-jeans/SD:gp:mens-straight-leg-jean,Dt_15_04_2015,0.222222222,0.571428571
SD:gp:mens-boot-cut-jeans/SD:gp:mens-straight-leg-jean,Dt_16_04_2015,0.5,0.333333333
SD:gp:mens-boot-cut-jeans/SD:gp:mens-straight-leg-jean,Dt_17_04_2015,0.25,0.666666667
SD:gp:mens-boot-cut-jeans/SD:gp:mens-straight-leg-jean,Dt_18_04_2015,0.555555556,1
SD:gp:mens-boot-cut-jeans/SD:gp:mens-straight-leg-jean,Dt_19_04_2015,0.352941176,0.2
SD:gp:mens-boot-cut-jeans/SD:gp:mens-straight-leg-jean,Dt_20_04_2015,0,0.4
SD:gp:mens-boot-cut-jeans/SD:gp:mens-straight-leg-jean,Dt_21_04_2015,0.5,0.375
SD:gp:mens-boot-cut-jeans/SD:gp:mens-straight-leg-jean,Dt_22_04_2015,0.631578947,0.416666667
SD:gp:mens-boot-cut-jeans/SD:gp:mens-straight-leg-jean,Dt_23_04_2015,0.545454545,0.444444444
SD:gp:mens-boot-cut-jeans/SD:gp:mens-straight-leg-jean,Dt_24_04_2015,0,1
SD:gp:mens-boot-cut-jeans/SD:gp:mens-straight-leg-jean,Dt_25_04_2015,0.4,0.333333333
SD:gp:mens-boot-cut-jeans/SD:gp:mens-straight-leg-jean,Dt_26_04_2015,0.416666667,0.25
SD:gp:mens-boot-cut-jeans/SD:gp:mens-straight-leg-jean,Dt_27_04_2015,0.142857143,0.142857143
SD:gp:mens-boot-cut-jeans/SD:gp:mens-straight-leg-jean,Dt_28_04_2015,0.090909091,0
SD:gp:mens-boot-cut-jeans/SD:gp:mens-straight-leg-jean,Dt_29_04_2015,0.571428571,0
SD:gp:mens-boot-cut-jeans/SD:gp:mens-straight-leg-jean,Dt_30_04_2015,0,0.5
SD:gp:mens-boot-cut-jeans/SD:gp:mens-straight-leg-jean,Dt_01_05_2015,0.333333333,0.125
SD:gp:mens-boot-cut-jeans/SD:gp:mens-straight-leg-jean,Dt_02_05_2015,0.461538462,1
SD:gp:mens-boot-cut-jeans/SD:gp:mens-straight-leg-jean,Dt_03_05_2015,0.111111111,0.333333333
SD:gp:mens-boot-cut-jeans/SD:gp:mens-straight-leg-jean,Dt_04_05_2015,0.375,0
SD:gp:mens-boot-cut-jeans/SD:gp:mens-straight-leg-jean,Dt_05_05_2015,0.2,0.4
SD:gp:mens-boot-cut-jeans/SD:gp:mens-straight-leg-jean,Dt_06_05_2015,0.307692308,0.8
SD:gp:mens-boot-cut-jeans/SD:gp:mens-straight-leg-jean,Dt_07_05_2015,0.357142857,0.5
SD:gp:mens-boot-cut-jeans/SD:gp:mens-straight-leg-jean,Dt_08_05_2015,0,0.5
SD:gp:mens-boot-cut-jeans/SD:gp:mens-straight-leg-jean,Dt_09_05_2015,0.285714286,0.222222222
SD:gp:mens-boot-cut-jeans/SD:gp:mens-straight-leg-jean,Dt_10_05_2015,0.571428571,0.444444444
SD:gp:mens-boot-cut-jeans/SD:gp:mens-straight-leg-jean,Dt_11_05_2015,0.7,0.111111111
SD:gp:mens-boot-cut-jeans/SD:gp:mens-straight-leg-jean,Dt_12_05_2015,0.285714286,0.181818182
SD:gp:mens-boot-cut-jeans/SD:gp:mens-straight-leg-jean,Dt_13_05_2015,0.285714286,0
SD:gp:mens-boot-cut-jeans/SD:gp:mens-straight-leg-jean,Dt_14_05_2015,0.333333333,0.111111111
SD:gp:mens-boot-cut-jeans/SD:gp:mens-straight-leg-jean,Dt_15_05_2015,0.571428571,0.142857143
SD:gp:mens-boot-cut-jeans/SD:gp:mens-straight-leg-jean,Dt_16_05_2015,0.166666667,0.333333333
SD:gp:mens-boot-cut-jeans/SD:gp:mens-straight-leg-jean,Dt_17_05_2015,0.5,0.333333333
SD:gp:mens-crewneck-sweaters/SD:gp:mens-sweater-sale,Dt_24_03_2015,0.333333333,0.222222222
SD:gp:mens-crewneck-sweaters/SD:gp:mens-sweater-sale,Dt_25_03_2015,0.5,0.25
SD:gp:mens-crewneck-sweaters/SD:gp:mens-sweater-sale,Dt_26_03_2015,1,0.5
SD:gp:mens-crewneck-sweaters/SD:gp:mens-sweater-sale,Dt_27_03_2015,0.333333333,0.444444444
SD:gp:mens-crewneck-sweaters/SD:gp:mens-sweater-sale,Dt_28_03_2015,0.666666667,0.6
SD:gp:mens-crewneck-sweaters/SD:gp:mens-sweater-sale,Dt_29_03_2015,0,0.6
SD:gp:mens-crewneck-sweaters/SD:gp:mens-sweater-sale,Dt_30_03_2015,0,0.363636364
SD:gp:mens-crewneck-sweaters/SD:gp:mens-sweater-sale,Dt_31_03_2015,0.75,0.9
SD:gp:mens-crewneck-sweaters/SD:gp:mens-sweater-sale,Dt_01_04_2015,0.333333333,0.571428571
SD:gp:mens-crewneck-sweaters/SD:gp:mens-sweater-sale,Dt_02_04_2015,0.5,0.7
SD:gp:mens-crewneck-sweaters/SD:gp:mens-sweater-sale,Dt_03_04_2015,0.333333333,0.5
SD:gp:mens-crewneck-sweaters/SD:gp:mens-sweater-sale,Dt_04_04_2015,1,0.5
SD:gp:mens-crewneck-sweaters/SD:gp:mens-sweater-sale,Dt_05_04_2015,0.5,0.285714286
SD:gp:mens-crewneck-sweaters/SD:gp:mens-sweater-sale,Dt_06_04_2015,0,0.5
SD:gp:mens-crewneck-sweaters/SD:gp:mens-sweater-sale,Dt_07_04_2015,0,0.571428571
SD:gp:mens-crewneck-sweaters/SD:gp:mens-sweater-sale,Dt_08_04_2015,0.5,0.375
SD:gp:mens-crewneck-sweaters/SD:gp:mens-sweater-sale,Dt_09_04_2015,0,0.666666667
SD:gp:mens-crewneck-sweaters/SD:gp:mens-sweater-sale,Dt_10_04_2015,1,0.444444444
SD:gp:mens-crewneck-sweaters/SD:gp:mens-sweater-sale,Dt_11_04_2015,0.4,0.833333333
SD:gp:mens-crewneck-sweaters/SD:gp:mens-sweater-sale,Dt_12_04_2015,0.5,0.5
SD:gp:mens-crewneck-sweaters/SD:gp:mens-sweater-sale,Dt_13_04_2015,0.5,0
SD:gp:mens-crewneck-sweaters/SD:gp:mens-sweater-sale,Dt_14_04_2015,0.666666667,0.375
SD:gp:mens-crewneck-sweaters/SD:gp:mens-sweater-sale,Dt_15_04_2015,1,0.6
SD:gp:mens-crewneck-sweaters/SD:gp:mens-sweater-sale,Dt_16_04_2015,0.333333333,0.285714286
SD:gp:mens-crewneck-sweaters/SD:gp:mens-sweater-sale,Dt_17_04_2015,0,0.75
SD:gp:mens-crewneck-sweaters/SD:gp:mens-sweater-sale,Dt_18_04_2015,0.5,1
SD:gp:mens-crewneck-sweaters/SD:gp:mens-sweater-sale,Dt_19_04_2015,0.5,0.4
SD:gp:mens-crewneck-sweaters/SD:gp:mens-sweater-sale,Dt_20_04_2015,0,0.75
SD:gp:mens-crewneck-sweaters/SD:gp:mens-sweater-sale,Dt_21_04_2015,0.5,0.375
SD:gp:mens-crewneck-sweaters/SD:gp:mens-sweater-sale,Dt_22_04_2015,0.166666667,0.166666667
SD:gp:mens-crewneck-sweaters/SD:gp:mens-sweater-sale,Dt_23_04_2015,0,0.333333333
SD:gp:mens-crewneck-sweaters/SD:gp:mens-sweater-sale,Dt_24_04_2015,0.5,0.5
SD:gp:mens-crewneck-sweaters/SD:gp:mens-sweater-sale,Dt_25_04_2015,0.5,0.5
SD:gp:mens-crewneck-sweaters/SD:gp:mens-sweater-sale,Dt_26_04_2015,0.75,0.428571429
SD:gp:mens-crewneck-sweaters/SD:gp:mens-sweater-sale,Dt_27_04_2015,0.5,0.2
SD:gp:mens-crewneck-sweaters/SD:gp:mens-sweater-sale,Dt_28_04_2015,1,0.833333333
SD:gp:mens-crewneck-sweaters/SD:gp:mens-sweater-sale,Dt_29_04_2015,0.333333333,0.625
SD:gp:mens-crewneck-sweaters/SD:gp:mens-sweater-sale,Dt_30_04_2015,0,0.75
SD:gp:mens-crewneck-sweaters/SD:gp:mens-sweater-sale,Dt_01_05_2015,0.5,0.4
SD:gp:mens-crewneck-sweaters/SD:gp:mens-sweater-sale,Dt_02_05_2015,0.5,0.5
SD:gp:mens-crewneck-sweaters/SD:gp:mens-sweater-sale,Dt_03_05_2015,1,0.6
SD:gp:mens-crewneck-sweaters/SD:gp:mens-sweater-sale,Dt_04_05_2015,0,0.2
SD:gp:mens-crewneck-sweaters/SD:gp:mens-sweater-sale,Dt_05_05_2015,0.5,0
SD:gp:mens-crewneck-sweaters/SD:gp:mens-sweater-sale,Dt_06_05_2015,0,0
SD:gp:mens-crewneck-sweaters/SD:gp:mens-sweater-sale,Dt_07_05_2015,0,0.5
SD:gp:mens-crewneck-sweaters/SD:gp:mens-sweater-sale,Dt_08_05_2015,0,0.5
SD:gp:mens-crewneck-sweaters/SD:gp:mens-sweater-sale,Dt_09_05_2015,0,0.5
SD:gp:mens-crewneck-sweaters/SD:gp:mens-sweater-sale,Dt_10_05_2015,0,0.4
SD:gp:mens-crewneck-sweaters/SD:gp:mens-sweater-sale,Dt_11_05_2015,0,0
SD:gp:mens-crewneck-sweaters/SD:gp:mens-sweater-sale,Dt_12_05_2015,0,0.25
SD:gp:mens-crewneck-sweaters/SD:gp:mens-sweater-sale,Dt_13_05_2015,0,0.4
SD:gp:mens-crewneck-sweaters/SD:gp:mens-sweater-sale,Dt_14_05_2015,0,0.5
SD:gp:mens-crewneck-sweaters/SD:gp:mens-sweater-sale,Dt_15_05_2015,0,0.5
SD:gp:mens-crewneck-sweaters/SD:gp:mens-sweater-sale,Dt_16_05_2015,0,0.5
SD:gp:mens-crewneck-sweaters/SD:gp:mens-sweater-sale,Dt_17_05_2015,0,0.2
SD:gp:mens-pants/SD:gp:mens-t-shirts,Dt_24_03_2015,0.171428571,0.342857143
SD:gp:mens-pants/SD:gp:mens-t-shirts,Dt_25_03_2015,0.34375,0.344827586
SD:gp:mens-pants/SD:gp:mens-t-shirts,Dt_26_03_2015,0.291666667,0.38
SD:gp:mens-pants/SD:gp:mens-t-shirts,Dt_27_03_2015,0.306122449,0.317460317
SD:gp:mens-pants/SD:gp:mens-t-shirts,Dt_28_03_2015,0.289473684,0.322580645
SD:gp:mens-pants/SD:gp:mens-t-shirts,Dt_29_03_2015,0.317460317,0.458333333
SD:gp:mens-pants/SD:gp:mens-t-shirts,Dt_30_03_2015,0.259259259,0.273972603
SD:gp:mens-pants/SD:gp:mens-t-shirts,Dt_31_03_2015,0.298507463,0.283783784
SD:gp:mens-pants/SD:gp:mens-t-shirts,Dt_01_04_2015,0.227272727,0.303030303
SD:gp:mens-pants/SD:gp:mens-t-shirts,Dt_02_04_2015,0.239130435,0.34375
SD:gp:mens-pants/SD:gp:mens-t-shirts,Dt_03_04_2015,0.210526316,0.353846154
SD:gp:mens-pants/SD:gp:mens-t-shirts,Dt_04_04_2015,0.122807018,0.343283582
SD:gp:mens-pants/SD:gp:mens-t-shirts,Dt_05_04_2015,0.127659574,0.391304348
SD:gp:mens-pants/SD:gp:mens-t-shirts,Dt_06_04_2015,0.142857143,0.416666667
SD:gp:mens-pants/SD:gp:mens-t-shirts,Dt_07_04_2015,0.16,0.267857143
SD:gp:mens-pants/SD:gp:mens-t-shirts,Dt_08_04_2015,0.230769231,0.380434783
SD:gp:mens-pants/SD:gp:mens-t-shirts,Dt_09_04_2015,0.173913043,0.438356164
SD:gp:mens-pants/SD:gp:mens-t-shirts,Dt_10_04_2015,0.268292683,0.235294118
SD:gp:mens-pants/SD:gp:mens-t-shirts,Dt_11_04_2015,0.170212766,0.396551724
SD:gp:mens-pants/SD:gp:mens-t-shirts,Dt_12_04_2015,0.12195122,0.268292683
SD:gp:mens-pants/SD:gp:mens-t-shirts,Dt_13_04_2015,0.102040816,0.343283582
SD:gp:mens-pants/SD:gp:mens-t-shirts,Dt_14_04_2015,0.208333333,0.240506329
SD:gp:mens-pants/SD:gp:mens-t-shirts,Dt_15_04_2015,0.181818182,0.320987654
SD:gp:mens-pants/SD:gp:mens-t-shirts,Dt_16_04_2015,0.181818182,0.378378378
SD:gp:mens-pants/SD:gp:mens-t-shirts,Dt_17_04_2015,0.035714286,0.291666667
SD:gp:mens-pants/SD:gp:mens-t-shirts,Dt_18_04_2015,0.139534884,0.224137931
SD:gp:mens-pants/SD:gp:mens-t-shirts,Dt_19_04_2015,0.22,0.298701299
SD:gp:mens-pants/SD:gp:mens-t-shirts,Dt_20_04_2015,0.097560976,0.25
SD:gp:mens-pants/SD:gp:mens-t-shirts,Dt_21_04_2015,0.134615385,0.290909091
SD:gp:mens-pants/SD:gp:mens-t-shirts,Dt_22_04_2015,0.214285714,0.271186441
SD:gp:mens-pants/SD:gp:mens-t-shirts,Dt_23_04_2015,0.268292683,0.37704918
SD:gp:mens-pants/SD:gp:mens-t-shirts,Dt_24_04_2015,0.171428571,0.238095238
SD:gp:mens-pants/SD:gp:mens-t-shirts,Dt_25_04_2015,0.095238095,0.303571429
SD:gp:mens-pants/SD:gp:mens-t-shirts,Dt_26_04_2015,0.270833333,0.253968254
SD:gp:mens-pants/SD:gp:mens-t-shirts,Dt_27_04_2015,0.16,0.287671233
SD:gp:mens-pants/SD:gp:mens-t-shirts,Dt_28_04_2015,0.365853659,0.156862745
SD:gp:mens-pants/SD:gp:mens-t-shirts,Dt_29_04_2015,0.212765957,0.355263158
SD:gp:mens-pants/SD:gp:mens-t-shirts,Dt_30_04_2015,0.170212766,0.230769231
SD:gp:mens-pants/SD:gp:mens-t-shirts,Dt_01_05_2015,0.269230769,0.339622642
SD:gp:mens-pants/SD:gp:mens-t-shirts,Dt_02_05_2015,0.195121951,0.333333333
SD:gp:mens-pants/SD:gp:mens-t-shirts,Dt_03_05_2015,0.191489362,0.258064516
SD:gp:mens-pants/SD:gp:mens-t-shirts,Dt_04_05_2015,0.222222222,0.317460317
SD:gp:mens-pants/SD:gp:mens-t-shirts,Dt_05_05_2015,0.238095238,0.257575758
SD:gp:mens-pants/SD:gp:mens-t-shirts,Dt_06_05_2015,0.229166667,0.301369863
SD:gp:mens-pants/SD:gp:mens-t-shirts,Dt_07_05_2015,0.320754717,0.214285714
SD:gp:mens-pants/SD:gp:mens-t-shirts,Dt_08_05_2015,0.265306122,0.223880597
SD:gp:mens-pants/SD:gp:mens-t-shirts,Dt_09_05_2015,0.282051282,0.424242424
SD:gp:mens-pants/SD:gp:mens-t-shirts,Dt_10_05_2015,0.290909091,0.347222222
SD:gp:mens-pants/SD:gp:mens-t-shirts,Dt_11_05_2015,0.2,0.350649351
SD:gp:mens-pants/SD:gp:mens-t-shirts,Dt_12_05_2015,0.192307692,0.34375
SD:gp:mens-pants/SD:gp:mens-t-shirts,Dt_13_05_2015,0.260869565,0.298507463
SD:gp:mens-pants/SD:gp:mens-t-shirts,Dt_14_05_2015,0.203703704,0.32967033
SD:gp:mens-pants/SD:gp:mens-t-shirts,Dt_15_05_2015,0.195121951,0.338709677
SD:gp:mens-pants/SD:gp:mens-t-shirts,Dt_16_05_2015,0.166666667,0.303571429
SD:gp:mens-pants/SD:gp:mens-t-shirts,Dt_17_05_2015,0.245614035,0.292682927
SD:gp:mens-pique-polo-shirts/SD:gp:mens-briefs,Dt_24_03_2015,0.5,0
SD:gp:mens-pique-polo-shirts/SD:gp:mens-briefs,Dt_25_03_2015,0,0
SD:gp:mens-pique-polo-shirts/SD:gp:mens-briefs,Dt_26_03_2015,0,0
SD:gp:mens-pique-polo-shirts/SD:gp:mens-briefs,Dt_27_03_2015,0.444444444,0
SD:gp:mens-pique-polo-shirts/SD:gp:mens-briefs,Dt_28_03_2015,0.5,1
SD:gp:mens-pique-polo-shirts/SD:gp:mens-briefs,Dt_29_03_2015,0.5,0
SD:gp:mens-pique-polo-shirts/SD:gp:mens-briefs,Dt_30_03_2015,0.555555556,0
SD:gp:mens-pique-polo-shirts/SD:gp:mens-briefs,Dt_31_03_2015,0.666666667,0
SD:gp:mens-pique-polo-shirts/SD:gp:mens-briefs,Dt_01_04_2015,0.5,0
SD:gp:mens-pique-polo-shirts/SD:gp:mens-briefs,Dt_02_04_2015,0.333333333,0.4
SD:gp:mens-pique-polo-shirts/SD:gp:mens-briefs,Dt_03_04_2015,0.4,1
SD:gp:mens-pique-polo-shirts/SD:gp:mens-briefs,Dt_04_04_2015,1,0
SD:gp:mens-pique-polo-shirts/SD:gp:mens-briefs,Dt_05_04_2015,0,1
SD:gp:mens-pique-polo-shirts/SD:gp:mens-briefs,Dt_06_04_2015,0.6,1
SD:gp:mens-pique-polo-shirts/SD:gp:mens-briefs,Dt_07_04_2015,0.333333333,0
SD:gp:mens-pique-polo-shirts/SD:gp:mens-briefs,Dt_08_04_2015,0.333333333,0
SD:gp:mens-pique-polo-shirts/SD:gp:mens-briefs,Dt_09_04_2015,0.555555556,0
SD:gp:mens-pique-polo-shirts/SD:gp:mens-briefs,Dt_10_04_2015,0.166666667,1
SD:gp:mens-pique-polo-shirts/SD:gp:mens-briefs,Dt_11_04_2015,0,0
SD:gp:mens-pique-polo-shirts/SD:gp:mens-briefs,Dt_12_04_2015,0,0
SD:gp:mens-pique-polo-shirts/SD:gp:mens-briefs,Dt_13_04_2015,0.5,0
SD:gp:mens-pique-polo-shirts/SD:gp:mens-briefs,Dt_14_04_2015,0.333333333,0
SD:gp:mens-pique-polo-shirts/SD:gp:mens-briefs,Dt_15_04_2015,0.6,0.666666667
SD:gp:mens-pique-polo-shirts/SD:gp:mens-briefs,Dt_16_04_2015,0.5,0
SD:gp:mens-pique-polo-shirts/SD:gp:mens-briefs,Dt_17_04_2015,0.666666667,0
SD:gp:mens-pique-polo-shirts/SD:gp:mens-briefs,Dt_18_04_2015,0,0
SD:gp:mens-pique-polo-shirts/SD:gp:mens-briefs,Dt_19_04_2015,0.25,0
SD:gp:mens-pique-polo-shirts/SD:gp:mens-briefs,Dt_20_04_2015,0.416666667,0
SD:gp:mens-pique-polo-shirts/SD:gp:mens-briefs,Dt_21_04_2015,0,1
SD:gp:mens-pique-polo-shirts/SD:gp:mens-briefs,Dt_22_04_2015,0.2,0.5
SD:gp:mens-pique-polo-shirts/SD:gp:mens-briefs,Dt_23_04_2015,0.6,0
SD:gp:mens-pique-polo-shirts/SD:gp:mens-briefs,Dt_24_04_2015,0.166666667,0
SD:gp:mens-pique-polo-shirts/SD:gp:mens-briefs,Dt_25_04_2015,0.222222222,1
SD:gp:mens-pique-polo-shirts/SD:gp:mens-briefs,Dt_26_04_2015,0.5,0
SD:gp:mens-pique-polo-shirts/SD:gp:mens-briefs,Dt_27_04_2015,0.5,0
SD:gp:mens-pique-polo-shirts/SD:gp:mens-briefs,Dt_28_04_2015,0.285714286,0
SD:gp:mens-pique-polo-shirts/SD:gp:mens-briefs,Dt_29_04_2015,0.571428571,0
SD:gp:mens-pique-polo-shirts/SD:gp:mens-briefs,Dt_30_04_2015,0.666666667,0.5
SD:gp:mens-pique-polo-shirts/SD:gp:mens-briefs,Dt_01_05_2015,0.333333333,0
SD:gp:mens-pique-polo-shirts/SD:gp:mens-briefs,Dt_02_05_2015,0.833333333,0.666666667
SD:gp:mens-pique-polo-shirts/SD:gp:mens-briefs,Dt_03_05_2015,0.25,0.5
SD:gp:mens-pique-polo-shirts/SD:gp:mens-briefs,Dt_04_05_2015,0.444444444,0
SD:gp:mens-pique-polo-shirts/SD:gp:mens-briefs,Dt_05_05_2015,0.25,0
SD:gp:mens-pique-polo-shirts/SD:gp:mens-briefs,Dt_06_05_2015,0,0
SD:gp:mens-pique-polo-shirts/SD:gp:mens-briefs,Dt_07_05_2015,0,0
SD:gp:mens-pique-polo-shirts/SD:gp:mens-briefs,Dt_08_05_2015,0,0
SD:gp:mens-pique-polo-shirts/SD:gp:mens-briefs,Dt_09_05_2015,0,0
SD:gp:mens-pique-polo-shirts/SD:gp:mens-briefs,Dt_10_05_2015,0,0.5
SD:gp:mens-pique-polo-shirts/SD:gp:mens-briefs,Dt_11_05_2015,0,0
SD:gp:mens-pique-polo-shirts/SD:gp:mens-briefs,Dt_12_05_2015,0,0
SD:gp:mens-pique-polo-shirts/SD:gp:mens-briefs,Dt_13_05_2015,0,0
SD:gp:mens-pique-polo-shirts/SD:gp:mens-briefs,Dt_14_05_2015,0,0
SD:gp:mens-pique-polo-shirts/SD:gp:mens-briefs,Dt_15_05_2015,0,0
SD:gp:mens-pique-polo-shirts/SD:gp:mens-briefs,Dt_16_05_2015,0,0
SD:gp:mens-pique-polo-shirts/SD:gp:mens-briefs,Dt_17_05_2015,0,0
SD:gp:mens-polo-shirts/SD:gp:slim-khakis-men-C80811,Dt_24_03_2015,0.5625,0.333333333
SD:gp:mens-polo-shirts/SD:gp:slim-khakis-men-C80811,Dt_25_03_2015,0.441176471,0.378378378
SD:gp:mens-polo-shirts/SD:gp:slim-khakis-men-C80811,Dt_26_03_2015,0.407407407,0.305555556
SD:gp:mens-polo-shirts/SD:gp:slim-khakis-men-C80811,Dt_27_03_2015,0.458333333,0.47826087
SD:gp:mens-polo-shirts/SD:gp:slim-khakis-men-C80811,Dt_28_03_2015,0.322580645,0.405405405
SD:gp:mens-polo-shirts/SD:gp:slim-khakis-men-C80811,Dt_29_03_2015,0.482758621,0.368421053
SD:gp:mens-polo-shirts/SD:gp:slim-khakis-men-C80811,Dt_30_03_2015,0.357142857,0.15
SD:gp:mens-polo-shirts/SD:gp:slim-khakis-men-C80811,Dt_31_03_2015,0.391304348,0.275862069
SD:gp:mens-polo-shirts/SD:gp:slim-khakis-men-C80811,Dt_01_04_2015,0.466666667,0.289473684
SD:gp:mens-polo-shirts/SD:gp:slim-khakis-men-C80811,Dt_02_04_2015,0.368421053,0.583333333
SD:gp:mens-polo-shirts/SD:gp:slim-khakis-men-C80811,Dt_03_04_2015,0.466666667,0.444444444
SD:gp:mens-polo-shirts/SD:gp:slim-khakis-men-C80811,Dt_04_04_2015,0.423076923,0.368421053
SD:gp:mens-polo-shirts/SD:gp:slim-khakis-men-C80811,Dt_05_04_2015,0.461538462,0.258064516
SD:gp:mens-polo-shirts/SD:gp:slim-khakis-men-C80811,Dt_06_04_2015,0.34375,0.324324324
SD:gp:mens-polo-shirts/SD:gp:slim-khakis-men-C80811,Dt_07_04_2015,0.324324324,0.340909091
SD:gp:mens-polo-shirts/SD:gp:slim-khakis-men-C80811,Dt_08_04_2015,0.2,0.433333333
SD:gp:mens-polo-shirts/SD:gp:slim-khakis-men-C80811,Dt_09_04_2015,0.30952381,0.433333333
SD:gp:mens-polo-shirts/SD:gp:slim-khakis-men-C80811,Dt_10_04_2015,0.325581395,0.421052632
SD:gp:mens-polo-shirts/SD:gp:slim-khakis-men-C80811,Dt_11_04_2015,0.358974359,0.428571429
SD:gp:mens-polo-shirts/SD:gp:slim-khakis-men-C80811,Dt_12_04_2015,0.5,0.172413793
SD:gp:mens-polo-shirts/SD:gp:slim-khakis-men-C80811,Dt_13_04_2015,0.454545455,0.297297297
SD:gp:mens-polo-shirts/SD:gp:slim-khakis-men-C80811,Dt_14_04_2015,0.413793103,0.34375
SD:gp:mens-polo-shirts/SD:gp:slim-khakis-men-C80811,Dt_15_04_2015,0.357142857,0.384615385
SD:gp:mens-polo-shirts/SD:gp:slim-khakis-men-C80811,Dt_16_04_2015,0.235294118,0.166666667
SD:gp:mens-polo-shirts/SD:gp:slim-khakis-men-C80811,Dt_17_04_2015,0.5,0.444444444
SD:gp:mens-polo-shirts/SD:gp:slim-khakis-men-C80811,Dt_18_04_2015,0.52173913,0.333333333
SD:gp:mens-polo-shirts/SD:gp:slim-khakis-men-C80811,Dt_19_04_2015,0.468085106,0.409090909
SD:gp:mens-polo-shirts/SD:gp:slim-khakis-men-C80811,Dt_20_04_2015,0.428571429,0.266666667
SD:gp:mens-polo-shirts/SD:gp:slim-khakis-men-C80811,Dt_21_04_2015,0.405405405,0.37037037
SD:gp:mens-polo-shirts/SD:gp:slim-khakis-men-C80811,Dt_22_04_2015,0.448275862,0.310344828
SD:gp:mens-polo-shirts/SD:gp:slim-khakis-men-C80811,Dt_23_04_2015,0.379310345,0.368421053
SD:gp:mens-polo-shirts/SD:gp:slim-khakis-men-C80811,Dt_24_04_2015,0.363636364,0.5
SD:gp:mens-polo-shirts/SD:gp:slim-khakis-men-C80811,Dt_25_04_2015,0.379310345,0.448275862
SD:gp:mens-polo-shirts/SD:gp:slim-khakis-men-C80811,Dt_26_04_2015,0.357142857,0.236842105
SD:gp:mens-polo-shirts/SD:gp:slim-khakis-men-C80811,Dt_27_04_2015,0.340425532,0.3125
SD:gp:mens-polo-shirts/SD:gp:slim-khakis-men-C80811,Dt_28_04_2015,0.447368421,0.346153846
SD:gp:mens-polo-shirts/SD:gp:slim-khakis-men-C80811,Dt_29_04_2015,0.513513514,0.1875
SD:gp:mens-polo-shirts/SD:gp:slim-khakis-men-C80811,Dt_30_04_2015,0.558139535,0.346153846
SD:gp:mens-polo-shirts/SD:gp:slim-khakis-men-C80811,Dt_01_05_2015,0.457142857,0.45
SD:gp:mens-polo-shirts/SD:gp:slim-khakis-men-C80811,Dt_02_05_2015,0.470588235,0.368421053
SD:gp:mens-polo-shirts/SD:gp:slim-khakis-men-C80811,Dt_03_05_2015,0.617647059,0.611111111
SD:gp:mens-polo-shirts/SD:gp:slim-khakis-men-C80811,Dt_04_05_2015,0.448275862,0.416666667
SD:gp:mens-polo-shirts/SD:gp:slim-khakis-men-C80811,Dt_05_05_2015,0.340425532,0.259259259
SD:gp:mens-polo-shirts/SD:gp:slim-khakis-men-C80811,Dt_06_05_2015,0.5,0.333333333
SD:gp:mens-polo-shirts/SD:gp:slim-khakis-men-C80811,Dt_07_05_2015,0.31372549,0.333333333
SD:gp:mens-polo-shirts/SD:gp:slim-khakis-men-C80811,Dt_08_05_2015,0.461538462,0.375
SD:gp:mens-polo-shirts/SD:gp:slim-khakis-men-C80811,Dt_09_05_2015,0.416666667,0.545454545
SD:gp:mens-polo-shirts/SD:gp:slim-khakis-men-C80811,Dt_10_05_2015,0.4,0.206896552
SD:gp:mens-polo-shirts/SD:gp:slim-khakis-men-C80811,Dt_11_05_2015,0.4,0.076923077
SD:gp:mens-polo-shirts/SD:gp:slim-khakis-men-C80811,Dt_12_05_2015,0.425925926,0.391304348
SD:gp:mens-polo-shirts/SD:gp:slim-khakis-men-C80811,Dt_13_05_2015,0.3,0.307692308
SD:gp:mens-polo-shirts/SD:gp:slim-khakis-men-C80811,Dt_14_05_2015,0.346938776,0.307692308
SD:gp:mens-polo-shirts/SD:gp:slim-khakis-men-C80811,Dt_15_05_2015,0.509090909,0.526315789
SD:gp:mens-polo-shirts/SD:gp:slim-khakis-men-C80811,Dt_16_05_2015,0.42,0.409090909
SD:gp:mens-polo-shirts/SD:gp:slim-khakis-men-C80811,Dt_17_05_2015,0.388059701,0.454545455
SD:gp:mens-skinny-jeans/SD:gp:shorts-for-men,Dt_24_03_2015,0.333333333,0.266666667
SD:gp:mens-skinny-jeans/SD:gp:shorts-for-men,Dt_25_03_2015,0.5,0.307692308
SD:gp:mens-skinny-jeans/SD:gp:shorts-for-men,Dt_26_03_2015,0.666666667,0.314285714
SD:gp:mens-skinny-jeans/SD:gp:shorts-for-men,Dt_27_03_2015,0.222222222,0.392857143
SD:gp:mens-skinny-jeans/SD:gp:shorts-for-men,Dt_28_03_2015,0.545454545,0.294117647
SD:gp:mens-skinny-jeans/SD:gp:shorts-for-men,Dt_29_03_2015,0.5,0.339622642
SD:gp:mens-skinny-jeans/SD:gp:shorts-for-men,Dt_30_03_2015,0,0.441176471
SD:gp:mens-skinny-jeans/SD:gp:shorts-for-men,Dt_31_03_2015,0.875,0.52
SD:gp:mens-skinny-jeans/SD:gp:shorts-for-men,Dt_01_04_2015,0,0.512820513
SD:gp:mens-skinny-jeans/SD:gp:shorts-for-men,Dt_02_04_2015,0.363636364,0.352941176
SD:gp:mens-skinny-jeans/SD:gp:shorts-for-men,Dt_03_04_2015,0.75,0.366666667
SD:gp:mens-skinny-jeans/SD:gp:shorts-for-men,Dt_04_04_2015,0.375,0.358974359
SD:gp:mens-skinny-jeans/SD:gp:shorts-for-men,Dt_05_04_2015,0.25,0.333333333
SD:gp:mens-skinny-jeans/SD:gp:shorts-for-men,Dt_06_04_2015,0.4,0.371428571
SD:gp:mens-skinny-jeans/SD:gp:shorts-for-men,Dt_07_04_2015,0.5,0.372093023
SD:gp:mens-skinny-jeans/SD:gp:shorts-for-men,Dt_08_04_2015,0.545454545,0.53125
SD:gp:mens-skinny-jeans/SD:gp:shorts-for-men,Dt_09_04_2015,0.375,0.382352941
SD:gp:mens-skinny-jeans/SD:gp:shorts-for-men,Dt_10_04_2015,0.3125,0.375
SD:gp:mens-skinny-jeans/SD:gp:shorts-for-men,Dt_11_04_2015,0.384615385,0.351351351
SD:gp:mens-skinny-jeans/SD:gp:shorts-for-men,Dt_12_04_2015,0.4,0.261904762
SD:gp:mens-skinny-jeans/SD:gp:shorts-for-men,Dt_13_04_2015,0.181818182,0.385964912
SD:gp:mens-skinny-jeans/SD:gp:shorts-for-men,Dt_14_04_2015,0.263157895,0.408163265
SD:gp:mens-skinny-jeans/SD:gp:shorts-for-men,Dt_15_04_2015,0,0.326530612
SD:gp:mens-skinny-jeans/SD:gp:shorts-for-men,Dt_16_04_2015,0.285714286,0.341463415
SD:gp:mens-skinny-jeans/SD:gp:shorts-for-men,Dt_17_04_2015,0,0.366666667
SD:gp:mens-skinny-jeans/SD:gp:shorts-for-men,Dt_18_04_2015,0.428571429,0.474576271
SD:gp:mens-skinny-jeans/SD:gp:shorts-for-men,Dt_19_04_2015,0.555555556,0.341463415
SD:gp:mens-skinny-jeans/SD:gp:shorts-for-men,Dt_20_04_2015,0.285714286,0.5
SD:gp:mens-skinny-jeans/SD:gp:shorts-for-men,Dt_21_04_2015,0.333333333,0.511111111
SD:gp:mens-skinny-jeans/SD:gp:shorts-for-men,Dt_22_04_2015,0,0.446808511
SD:gp:mens-skinny-jeans/SD:gp:shorts-for-men,Dt_23_04_2015,0.5,0.47826087
SD:gp:mens-skinny-jeans/SD:gp:shorts-for-men,Dt_24_04_2015,0.4,0.548387097
SD:gp:mens-skinny-jeans/SD:gp:shorts-for-men,Dt_25_04_2015,0.555555556,0.5
SD:gp:mens-skinny-jeans/SD:gp:shorts-for-men,Dt_26_04_2015,0.25,0.396551724
SD:gp:mens-skinny-jeans/SD:gp:shorts-for-men,Dt_27_04_2015,0.222222222,0.358490566
SD:gp:mens-skinny-jeans/SD:gp:shorts-for-men,Dt_28_04_2015,0.47826087,0.395348837
SD:gp:mens-skinny-jeans/SD:gp:shorts-for-men,Dt_29_04_2015,0.25,0.288461538
SD:gp:mens-skinny-jeans/SD:gp:shorts-for-men,Dt_30_04_2015,0.444444444,0.448979592
SD:gp:mens-skinny-jeans/SD:gp:shorts-for-men,Dt_01_05_2015,0.357142857,0.325581395
SD:gp:mens-skinny-jeans/SD:gp:shorts-for-men,Dt_02_05_2015,0.428571429,0.333333333
SD:gp:mens-skinny-jeans/SD:gp:shorts-for-men,Dt_03_05_2015,0.363636364,0.323529412
SD:gp:mens-skinny-jeans/SD:gp:shorts-for-men,Dt_04_05_2015,0.266666667,0.46969697
SD:gp:mens-skinny-jeans/SD:gp:shorts-for-men,Dt_05_05_2015,0.470588235,0.288135593
SD:gp:mens-skinny-jeans/SD:gp:shorts-for-men,Dt_06_05_2015,0.285714286,0.367346939
SD:gp:mens-skinny-jeans/SD:gp:shorts-for-men,Dt_07_05_2015,0.714285714,0.415384615
SD:gp:mens-skinny-jeans/SD:gp:shorts-for-men,Dt_08_05_2015,0.444444444,0.349206349
SD:gp:mens-skinny-jeans/SD:gp:shorts-for-men,Dt_09_05_2015,0.75,0.37037037
SD:gp:mens-skinny-jeans/SD:gp:shorts-for-men,Dt_10_05_2015,0.307692308,0.306818182
SD:gp:mens-skinny-jeans/SD:gp:shorts-for-men,Dt_11_05_2015,0.333333333,0.35106383
SD:gp:mens-skinny-jeans/SD:gp:shorts-for-men,Dt_12_05_2015,0.333333333,0.325581395
SD:gp:mens-skinny-jeans/SD:gp:shorts-for-men,Dt_13_05_2015,0.5,0.321428571
SD:gp:mens-skinny-jeans/SD:gp:shorts-for-men,Dt_14_05_2015,0.333333333,0.303571429
SD:gp:mens-skinny-jeans/SD:gp:shorts-for-men,Dt_15_05_2015,0.266666667,0.354166667
SD:gp:mens-skinny-jeans/SD:gp:shorts-for-men,Dt_16_05_2015,0.5,0.485714286
SD:gp:mens-skinny-jeans/SD:gp:shorts-for-men,Dt_17_05_2015,0.444444444,0.376237624
SD:gp:mens-socks/SD:gp:boxer-briefs,Dt_24_03_2015,0.583333333,0.5
SD:gp:mens-socks/SD:gp:boxer-briefs,Dt_25_03_2015,0.363636364,0
SD:gp:mens-socks/SD:gp:boxer-briefs,Dt_26_03_2015,0.285714286,0.333333333
SD:gp:mens-socks/SD:gp:boxer-briefs,Dt_27_03_2015,0.571428571,0.333333333
SD:gp:mens-socks/SD:gp:boxer-briefs,Dt_28_03_2015,0.375,0.5
SD:gp:mens-socks/SD:gp:boxer-briefs,Dt_29_03_2015,0.428571429,0.2
SD:gp:mens-socks/SD:gp:boxer-briefs,Dt_30_03_2015,0.5,0.6
SD:gp:mens-socks/SD:gp:boxer-briefs,Dt_31_03_2015,0.461538462,0.4
SD:gp:mens-socks/SD:gp:boxer-briefs,Dt_01_04_2015,0.666666667,0.166666667
SD:gp:mens-socks/SD:gp:boxer-briefs,Dt_02_04_2015,0.4,0.428571429
SD:gp:mens-socks/SD:gp:boxer-briefs,Dt_03_04_2015,0.545454545,0.625
SD:gp:mens-socks/SD:gp:boxer-briefs,Dt_04_04_2015,0.166666667,0.4
SD:gp:mens-socks/SD:gp:boxer-briefs,Dt_05_04_2015,0.428571429,0.375
SD:gp:mens-socks/SD:gp:boxer-briefs,Dt_06_04_2015,0.285714286,0.111111111
SD:gp:mens-socks/SD:gp:boxer-briefs,Dt_07_04_2015,0.833333333,0.4
SD:gp:mens-socks/SD:gp:boxer-briefs,Dt_08_04_2015,0.5,0.833333333
SD:gp:mens-socks/SD:gp:boxer-briefs,Dt_09_04_2015,0.545454545,0.125
SD:gp:mens-socks/SD:gp:boxer-briefs,Dt_10_04_2015,0.285714286,0.333333333
SD:gp:mens-socks/SD:gp:boxer-briefs,Dt_11_04_2015,0.571428571,0.4
SD:gp:mens-socks/SD:gp:boxer-briefs,Dt_12_04_2015,0.307692308,0.333333333
SD:gp:mens-socks/SD:gp:boxer-briefs,Dt_13_04_2015,0.7,0.5
SD:gp:mens-socks/SD:gp:boxer-briefs,Dt_14_04_2015,0.285714286,0.285714286
SD:gp:mens-socks/SD:gp:boxer-briefs,Dt_15_04_2015,0.6,0.75
SD:gp:mens-socks/SD:gp:boxer-briefs,Dt_16_04_2015,0.25,0
SD:gp:mens-socks/SD:gp:boxer-briefs,Dt_17_04_2015,0.166666667,0.25
SD:gp:mens-socks/SD:gp:boxer-briefs,Dt_18_04_2015,0.571428571,0.5
SD:gp:mens-socks/SD:gp:boxer-briefs,Dt_19_04_2015,0.4,0.25
SD:gp:mens-socks/SD:gp:boxer-briefs,Dt_20_04_2015,0.375,0.2
SD:gp:mens-socks/SD:gp:boxer-briefs,Dt_21_04_2015,0.545454545,0.5
SD:gp:mens-socks/SD:gp:boxer-briefs,Dt_22_04_2015,0,0.333333333
SD:gp:mens-socks/SD:gp:boxer-briefs,Dt_23_04_2015,0.454545455,0.75
SD:gp:mens-socks/SD:gp:boxer-briefs,Dt_24_04_2015,0.857142857,0.5
SD:gp:mens-socks/SD:gp:boxer-briefs,Dt_25_04_2015,0.166666667,0
SD:gp:mens-socks/SD:gp:boxer-briefs,Dt_26_04_2015,0.333333333,0.285714286
SD:gp:mens-socks/SD:gp:boxer-briefs,Dt_27_04_2015,0.428571429,0
SD:gp:mens-socks/SD:gp:boxer-briefs,Dt_28_04_2015,0.25,0.666666667
SD:gp:mens-socks/SD:gp:boxer-briefs,Dt_29_04_2015,0.636363636,0.166666667
SD:gp:mens-socks/SD:gp:boxer-briefs,Dt_30_04_2015,0.444444444,0.25
SD:gp:mens-socks/SD:gp:boxer-briefs,Dt_01_05_2015,0.5,0.285714286
SD:gp:mens-socks/SD:gp:boxer-briefs,Dt_02_05_2015,0.615384615,0.25
SD:gp:mens-socks/SD:gp:boxer-briefs,Dt_03_05_2015,0.75,0.166666667
SD:gp:mens-socks/SD:gp:boxer-briefs,Dt_04_05_2015,0.363636364,0.625
SD:gp:mens-socks/SD:gp:boxer-briefs,Dt_05_05_2015,0.5,0.333333333
SD:gp:mens-socks/SD:gp:boxer-briefs,Dt_06_05_2015,0.4,0.777777778
SD:gp:mens-socks/SD:gp:boxer-briefs,Dt_07_05_2015,0.454545455,0.444444444
SD:gp:mens-socks/SD:gp:boxer-briefs,Dt_08_05_2015,0.5,0
SD:gp:mens-socks/SD:gp:boxer-briefs,Dt_09_05_2015,0.9,0.428571429
SD:gp:mens-socks/SD:gp:boxer-briefs,Dt_10_05_2015,0.166666667,0.166666667
SD:gp:mens-socks/SD:gp:boxer-briefs,Dt_11_05_2015,0.583333333,0.714285714
SD:gp:mens-socks/SD:gp:boxer-briefs,Dt_12_05_2015,0.222222222,0.8
SD:gp:mens-socks/SD:gp:boxer-briefs,Dt_13_05_2015,0.444444444,0.333333333
SD:gp:mens-socks/SD:gp:boxer-briefs,Dt_14_05_2015,0.692307692,0.428571429
SD:gp:mens-socks/SD:gp:boxer-briefs,Dt_15_05_2015,0.625,0.5
SD:gp:mens-socks/SD:gp:boxer-briefs,Dt_16_05_2015,0.4,0
SD:gp:mens-socks/SD:gp:boxer-briefs,Dt_17_05_2015,0.375,0.5
SD:gp:mens-sweatshirts/SD:gp:mens-short-sleeve-shirts,Dt_24_03_2015,0.222222222,0.75
SD:gp:mens-sweatshirts/SD:gp:mens-short-sleeve-shirts,Dt_25_03_2015,0.333333333,0
SD:gp:mens-sweatshirts/SD:gp:mens-short-sleeve-shirts,Dt_26_03_2015,0.5,0
SD:gp:mens-sweatshirts/SD:gp:mens-short-sleeve-shirts,Dt_27_03_2015,0.5,1
SD:gp:mens-sweatshirts/SD:gp:mens-short-sleeve-shirts,Dt_28_03_2015,0.333333333,0.444444444
SD:gp:mens-sweatshirts/SD:gp:mens-short-sleeve-shirts,Dt_29_03_2015,0.222222222,0.578947368
SD:gp:mens-sweatshirts/SD:gp:mens-short-sleeve-shirts,Dt_30_03_2015,0.2,0.7
SD:gp:mens-sweatshirts/SD:gp:mens-short-sleeve-shirts,Dt_31_03_2015,0.285714286,0.6
SD:gp:mens-sweatshirts/SD:gp:mens-short-sleeve-shirts,Dt_01_04_2015,0.166666667,0.5
SD:gp:mens-sweatshirts/SD:gp:mens-short-sleeve-shirts,Dt_02_04_2015,0,0.6
SD:gp:mens-sweatshirts/SD:gp:mens-short-sleeve-shirts,Dt_03_04_2015,0.8,0.625
SD:gp:mens-sweatshirts/SD:gp:mens-short-sleeve-shirts,Dt_04_04_2015,0.25,0.666666667
SD:gp:mens-sweatshirts/SD:gp:mens-short-sleeve-shirts,Dt_05_04_2015,0,0.523809524
SD:gp:mens-sweatshirts/SD:gp:mens-short-sleeve-shirts,Dt_06_04_2015,0.6,0.25
SD:gp:mens-sweatshirts/SD:gp:mens-short-sleeve-shirts,Dt_07_04_2015,0.285714286,0.533333333
SD:gp:mens-sweatshirts/SD:gp:mens-short-sleeve-shirts,Dt_08_04_2015,0,0.695652174
SD:gp:mens-sweatshirts/SD:gp:mens-short-sleeve-shirts,Dt_09_04_2015,0.222222222,0.526315789
SD:gp:mens-sweatshirts/SD:gp:mens-short-sleeve-shirts,Dt_10_04_2015,0.375,0.571428571
SD:gp:mens-sweatshirts/SD:gp:mens-short-sleeve-shirts,Dt_11_04_2015,0.166666667,0.315789474
SD:gp:mens-sweatshirts/SD:gp:mens-short-sleeve-shirts,Dt_12_04_2015,0.333333333,0.272727273
SD:gp:mens-sweatshirts/SD:gp:mens-short-sleeve-shirts,Dt_13_04_2015,0.2,0.5
SD:gp:mens-sweatshirts/SD:gp:mens-short-sleeve-shirts,Dt_14_04_2015,0.625,0.444444444
SD:gp:mens-sweatshirts/SD:gp:mens-short-sleeve-shirts,Dt_15_04_2015,0.25,0.615384615
SD:gp:mens-sweatshirts/SD:gp:mens-short-sleeve-shirts,Dt_16_04_2015,0.333333333,0.533333333
SD:gp:mens-sweatshirts/SD:gp:mens-short-sleeve-shirts,Dt_17_04_2015,0,0.266666667
SD:gp:mens-sweatshirts/SD:gp:mens-short-sleeve-shirts,Dt_18_04_2015,0.555555556,0.5
SD:gp:mens-sweatshirts/SD:gp:mens-short-sleeve-shirts,Dt_19_04_2015,0.555555556,0.294117647
SD:gp:mens-sweatshirts/SD:gp:mens-short-sleeve-shirts,Dt_20_04_2015,0.571428571,0.384615385
SD:gp:mens-sweatshirts/SD:gp:mens-short-sleeve-shirts,Dt_21_04_2015,0.555555556,0.75
SD:gp:mens-sweatshirts/SD:gp:mens-short-sleeve-shirts,Dt_22_04_2015,0.545454545,0.5
SD:gp:mens-sweatshirts/SD:gp:mens-short-sleeve-shirts,Dt_23_04_2015,0.571428571,0.615384615
SD:gp:mens-sweatshirts/SD:gp:mens-short-sleeve-shirts,Dt_24_04_2015,0,0.357142857
SD:gp:mens-sweatshirts/SD:gp:mens-short-sleeve-shirts,Dt_25_04_2015,0.545454545,0.375
SD:gp:mens-sweatshirts/SD:gp:mens-short-sleeve-shirts,Dt_26_04_2015,0.222222222,0.473684211
SD:gp:mens-sweatshirts/SD:gp:mens-short-sleeve-shirts,Dt_27_04_2015,0.461538462,0.277777778
SD:gp:mens-sweatshirts/SD:gp:mens-short-sleeve-shirts,Dt_28_04_2015,0.222222222,0.6
SD:gp:mens-sweatshirts/SD:gp:mens-short-sleeve-shirts,Dt_29_04_2015,0.6,0.473684211
SD:gp:mens-sweatshirts/SD:gp:mens-short-sleeve-shirts,Dt_30_04_2015,0.285714286,0.1
SD:gp:mens-sweatshirts/SD:gp:mens-short-sleeve-shirts,Dt_01_05_2015,0.8,0.611111111
SD:gp:mens-sweatshirts/SD:gp:mens-short-sleeve-shirts,Dt_02_05_2015,0.333333333,0.65
SD:gp:mens-sweatshirts/SD:gp:mens-short-sleeve-shirts,Dt_03_05_2015,0.333333333,0.421052632
SD:gp:mens-sweatshirts/SD:gp:mens-short-sleeve-shirts,Dt_04_05_2015,0.3,0.48
SD:gp:mens-sweatshirts/SD:gp:mens-short-sleeve-shirts,Dt_05_05_2015,0.6,0.625
SD:gp:mens-sweatshirts/SD:gp:mens-short-sleeve-shirts,Dt_06_05_2015,0.555555556,0.47826087
SD:gp:mens-sweatshirts/SD:gp:mens-short-sleeve-shirts,Dt_07_05_2015,0.357142857,0.55
SD:gp:mens-sweatshirts/SD:gp:mens-short-sleeve-shirts,Dt_08_05_2015,0.166666667,0.52
SD:gp:mens-sweatshirts/SD:gp:mens-short-sleeve-shirts,Dt_09_05_2015,0.272727273,0.666666667
SD:gp:mens-sweatshirts/SD:gp:mens-short-sleeve-shirts,Dt_10_05_2015,0.222222222,0.448275862
SD:gp:mens-sweatshirts/SD:gp:mens-short-sleeve-shirts,Dt_11_05_2015,0,0.666666667
SD:gp:mens-sweatshirts/SD:gp:mens-short-sleeve-shirts,Dt_12_05_2015,0.071428571,0.47826087
SD:gp:mens-sweatshirts/SD:gp:mens-short-sleeve-shirts,Dt_13_05_2015,0.444444444,0.636363636
SD:gp:mens-sweatshirts/SD:gp:mens-short-sleeve-shirts,Dt_14_05_2015,0.181818182,0.4
SD:gp:mens-sweatshirts/SD:gp:mens-short-sleeve-shirts,Dt_15_05_2015,0.615384615,0.727272727
SD:gp:mens-sweatshirts/SD:gp:mens-short-sleeve-shirts,Dt_16_05_2015,0.461538462,0.476190476
SD:gp:mens-sweatshirts/SD:gp:mens-short-sleeve-shirts,Dt_17_05_2015,0.2,0.583333333
SD:gp:relaxed-fit-pants-for-men/SD:gp:straight-leg-pan,Dt_24_03_2015,0.571428571,0.375
SD:gp:relaxed-fit-pants-for-men/SD:gp:straight-leg-pan,Dt_25_03_2015,0.461538462,0.2
SD:gp:relaxed-fit-pants-for-men/SD:gp:straight-leg-pan,Dt_26_03_2015,0.571428571,0.333333333
SD:gp:relaxed-fit-pants-for-men/SD:gp:straight-leg-pan,Dt_27_03_2015,0.25,0.75
SD:gp:relaxed-fit-pants-for-men/SD:gp:straight-leg-pan,Dt_28_03_2015,0.428571429,0.5
SD:gp:relaxed-fit-pants-for-men/SD:gp:straight-leg-pan,Dt_29_03_2015,0.4,0.25
SD:gp:relaxed-fit-pants-for-men/SD:gp:straight-leg-pan,Dt_30_03_2015,0.444444444,0.333333333
SD:gp:relaxed-fit-pants-for-men/SD:gp:straight-leg-pan,Dt_31_03_2015,0.416666667,0.285714286
SD:gp:relaxed-fit-pants-for-men/SD:gp:straight-leg-pan,Dt_01_04_2015,0.375,0.4
SD:gp:relaxed-fit-pants-for-men/SD:gp:straight-leg-pan,Dt_02_04_2015,0.333333333,0.333333333
SD:gp:relaxed-fit-pants-for-men/SD:gp:straight-leg-pan,Dt_03_04_2015,0.230769231,0.375
SD:gp:relaxed-fit-pants-for-men/SD:gp:straight-leg-pan,Dt_04_04_2015,0.285714286,0
SD:gp:relaxed-fit-pants-for-men/SD:gp:straight-leg-pan,Dt_05_04_2015,0.307692308,0.666666667
SD:gp:relaxed-fit-pants-for-men/SD:gp:straight-leg-pan,Dt_06_04_2015,0.5,0.333333333
SD:gp:relaxed-fit-pants-for-men/SD:gp:straight-leg-pan,Dt_07_04_2015,0.444444444,0
SD:gp:relaxed-fit-pants-for-men/SD:gp:straight-leg-pan,Dt_08_04_2015,0.5,0.625
SD:gp:relaxed-fit-pants-for-men/SD:gp:straight-leg-pan,Dt_09_04_2015,0.555555556,0.666666667
SD:gp:relaxed-fit-pants-for-men/SD:gp:straight-leg-pan,Dt_10_04_2015,0.428571429,0.777777778
SD:gp:relaxed-fit-pants-for-men/SD:gp:straight-leg-pan,Dt_11_04_2015,0.571428571,0.2
SD:gp:relaxed-fit-pants-for-men/SD:gp:straight-leg-pan,Dt_12_04_2015,0.6,0.4
SD:gp:relaxed-fit-pants-for-men/SD:gp:straight-leg-pan,Dt_13_04_2015,0.142857143,0.25
SD:gp:relaxed-fit-pants-for-men/SD:gp:straight-leg-pan,Dt_14_04_2015,0.5,0.375
SD:gp:relaxed-fit-pants-for-men/SD:gp:straight-leg-pan,Dt_15_04_2015,0.222222222,0.333333333
SD:gp:relaxed-fit-pants-for-men/SD:gp:straight-leg-pan,Dt_16_04_2015,0.666666667,0.428571429
SD:gp:relaxed-fit-pants-for-men/SD:gp:straight-leg-pan,Dt_17_04_2015,0.4,0.375
SD:gp:relaxed-fit-pants-for-men/SD:gp:straight-leg-pan,Dt_18_04_2015,0.666666667,0
SD:gp:relaxed-fit-pants-for-men/SD:gp:straight-leg-pan,Dt_19_04_2015,0.555555556,0.5
SD:gp:relaxed-fit-pants-for-men/SD:gp:straight-leg-pan,Dt_20_04_2015,0.461538462,0.571428571
SD:gp:relaxed-fit-pants-for-men/SD:gp:straight-leg-pan,Dt_21_04_2015,0.727272727,0.285714286
SD:gp:relaxed-fit-pants-for-men/SD:gp:straight-leg-pan,Dt_22_04_2015,0.6,0.428571429
SD:gp:relaxed-fit-pants-for-men/SD:gp:straight-leg-pan,Dt_23_04_2015,0.3,0.5
SD:gp:relaxed-fit-pants-for-men/SD:gp:straight-leg-pan,Dt_24_04_2015,0.5,0.25
SD:gp:relaxed-fit-pants-for-men/SD:gp:straight-leg-pan,Dt_25_04_2015,0.533333333,0.333333333
SD:gp:relaxed-fit-pants-for-men/SD:gp:straight-leg-pan,Dt_26_04_2015,0.285714286,0.166666667
SD:gp:relaxed-fit-pants-for-men/SD:gp:straight-leg-pan,Dt_27_04_2015,0.545454545,0.25
SD:gp:relaxed-fit-pants-for-men/SD:gp:straight-leg-pan,Dt_28_04_2015,0.444444444,0.5
SD:gp:relaxed-fit-pants-for-men/SD:gp:straight-leg-pan,Dt_29_04_2015,0.307692308,0
SD:gp:relaxed-fit-pants-for-men/SD:gp:straight-leg-pan,Dt_30_04_2015,0.7,0.833333333
SD:gp:relaxed-fit-pants-for-men/SD:gp:straight-leg-pan,Dt_01_05_2015,0.444444444,0
SD:gp:relaxed-fit-pants-for-men/SD:gp:straight-leg-pan,Dt_02_05_2015,0.4,0.375
SD:gp:relaxed-fit-pants-for-men/SD:gp:straight-leg-pan,Dt_03_05_2015,0.375,0.5
SD:gp:relaxed-fit-pants-for-men/SD:gp:straight-leg-pan,Dt_04_05_2015,0.4,0.4
SD:gp:relaxed-fit-pants-for-men/SD:gp:straight-leg-pan,Dt_05_05_2015,0.416666667,0.333333333
SD:gp:relaxed-fit-pants-for-men/SD:gp:straight-leg-pan,Dt_06_05_2015,0.166666667,0.4
SD:gp:relaxed-fit-pants-for-men/SD:gp:straight-leg-pan,Dt_07_05_2015,0.5,0.5
SD:gp:relaxed-fit-pants-for-men/SD:gp:straight-leg-pan,Dt_08_05_2015,0.888888889,1
SD:gp:relaxed-fit-pants-for-men/SD:gp:straight-leg-pan,Dt_09_05_2015,0.5,0.375
SD:gp:relaxed-fit-pants-for-men/SD:gp:straight-leg-pan,Dt_10_05_2015,0.333333333,0.222222222
SD:gp:relaxed-fit-pants-for-men/SD:gp:straight-leg-pan,Dt_11_05_2015,0.230769231,0.545454545
SD:gp:relaxed-fit-pants-for-men/SD:gp:straight-leg-pan,Dt_12_05_2015,0.25,0.4
SD:gp:relaxed-fit-pants-for-men/SD:gp:straight-leg-pan,Dt_13_05_2015,0.3,1
SD:gp:relaxed-fit-pants-for-men/SD:gp:straight-leg-pan,Dt_14_05_2015,0,0.2
SD:gp:relaxed-fit-pants-for-men/SD:gp:straight-leg-pan,Dt_15_05_2015,0.25,0.666666667
SD:gp:relaxed-fit-pants-for-men/SD:gp:straight-leg-pan,Dt_16_05_2015,0.5,0.4
SD:gp:relaxed-fit-pants-for-men/SD:gp:straight-leg-pan,Dt_17_05_2015,0.272727273,0.4
SD:gp:slim-jeans-for-men/SD:gp:mens-cargo-shorts,Dt_24_03_2015,0.428571429,0.357142857
SD:gp:slim-jeans-for-men/SD:gp:mens-cargo-shorts,Dt_25_03_2015,0.285714286,0.533333333
SD:gp:slim-jeans-for-men/SD:gp:mens-cargo-shorts,Dt_26_03_2015,0.5,0.222222222
SD:gp:slim-jeans-for-men/SD:gp:mens-cargo-shorts,Dt_27_03_2015,0.375,0
SD:gp:slim-jeans-for-men/SD:gp:mens-cargo-shorts,Dt_28_03_2015,0,0.75
SD:gp:slim-jeans-for-men/SD:gp:mens-cargo-shorts,Dt_29_03_2015,0.307692308,0.111111111
SD:gp:slim-jeans-for-men/SD:gp:mens-cargo-shorts,Dt_30_03_2015,0.222222222,0.6
SD:gp:slim-jeans-for-men/SD:gp:mens-cargo-shorts,Dt_31_03_2015,0.333333333,0.181818182
SD:gp:slim-jeans-for-men/SD:gp:mens-cargo-shorts,Dt_01_04_2015,0.285714286,0.4
SD:gp:slim-jeans-for-men/SD:gp:mens-cargo-shorts,Dt_02_04_2015,0.153846154,0.5
SD:gp:slim-jeans-for-men/SD:gp:mens-cargo-shorts,Dt_03_04_2015,0.357142857,0.6
SD:gp:slim-jeans-for-men/SD:gp:mens-cargo-shorts,Dt_04_04_2015,0.363636364,0.3
SD:gp:slim-jeans-for-men/SD:gp:mens-cargo-shorts,Dt_05_04_2015,0.166666667,0.6
SD:gp:slim-jeans-for-men/SD:gp:mens-cargo-shorts,Dt_06_04_2015,0.4,0.7
SD:gp:slim-jeans-for-men/SD:gp:mens-cargo-shorts,Dt_07_04_2015,0.263157895,0.7
SD:gp:slim-jeans-for-men/SD:gp:mens-cargo-shorts,Dt_08_04_2015,0.277777778,0.5
SD:gp:slim-jeans-for-men/SD:gp:mens-cargo-shorts,Dt_09_04_2015,0.2,0.285714286
SD:gp:slim-jeans-for-men/SD:gp:mens-cargo-shorts,Dt_10_04_2015,0.428571429,0.545454545
SD:gp:slim-jeans-for-men/SD:gp:mens-cargo-shorts,Dt_11_04_2015,0.307692308,0.333333333
SD:gp:slim-jeans-for-men/SD:gp:mens-cargo-shorts,Dt_12_04_2015,0.333333333,0.421052632
SD:gp:slim-jeans-for-men/SD:gp:mens-cargo-shorts,Dt_13_04_2015,0.090909091,0.375
SD:gp:slim-jeans-for-men/SD:gp:mens-cargo-shorts,Dt_14_04_2015,0.416666667,0.416666667
SD:gp:slim-jeans-for-men/SD:gp:mens-cargo-shorts,Dt_15_04_2015,0.555555556,0.25
SD:gp:slim-jeans-for-men/SD:gp:mens-cargo-shorts,Dt_16_04_2015,0.363636364,0
SD:gp:slim-jeans-for-men/SD:gp:mens-cargo-shorts,Dt_17_04_2015,0.666666667,0.75
SD:gp:slim-jeans-for-men/SD:gp:mens-cargo-shorts,Dt_18_04_2015,0.176470588,0.4
SD:gp:slim-jeans-for-men/SD:gp:mens-cargo-shorts,Dt_19_04_2015,0.25,0.357142857
SD:gp:slim-jeans-for-men/SD:gp:mens-cargo-shorts,Dt_20_04_2015,0.5,0.625
SD:gp:slim-jeans-for-men/SD:gp:mens-cargo-shorts,Dt_21_04_2015,0.4,0.222222222
SD:gp:slim-jeans-for-men/SD:gp:mens-cargo-shorts,Dt_22_04_2015,0.2,0.583333333
SD:gp:slim-jeans-for-men/SD:gp:mens-cargo-shorts,Dt_23_04_2015,0.307692308,0.333333333
SD:gp:slim-jeans-for-men/SD:gp:mens-cargo-shorts,Dt_24_04_2015,0.428571429,0.714285714
SD:gp:slim-jeans-for-men/SD:gp:mens-cargo-shorts,Dt_25_04_2015,0.411764706,0.428571429
SD:gp:slim-jeans-for-men/SD:gp:mens-cargo-shorts,Dt_26_04_2015,0.5,0.4
SD:gp:slim-jeans-for-men/SD:gp:mens-cargo-shorts,Dt_27_04_2015,0.25,0.384615385
SD:gp:slim-jeans-for-men/SD:gp:mens-cargo-shorts,Dt_28_04_2015,0.5625,0.428571429
SD:gp:slim-jeans-for-men/SD:gp:mens-cargo-shorts,Dt_29_04_2015,0.333333333,0.5
SD:gp:slim-jeans-for-men/SD:gp:mens-cargo-shorts,Dt_30_04_2015,0.363636364,0.615384615
SD:gp:slim-jeans-for-men/SD:gp:mens-cargo-shorts,Dt_01_05_2015,0.181818182,0.333333333
SD:gp:slim-jeans-for-men/SD:gp:mens-cargo-shorts,Dt_02_05_2015,0.363636364,0.444444444
SD:gp:slim-jeans-for-men/SD:gp:mens-cargo-shorts,Dt_03_05_2015,0.636363636,0.5
SD:gp:slim-jeans-for-men/SD:gp:mens-cargo-shorts,Dt_04_05_2015,0.5,0.555555556
SD:gp:slim-jeans-for-men/SD:gp:mens-cargo-shorts,Dt_05_05_2015,0.384615385,0.333333333
SD:gp:slim-jeans-for-men/SD:gp:mens-cargo-shorts,Dt_06_05_2015,0.285714286,0.333333333
SD:gp:slim-jeans-for-men/SD:gp:mens-cargo-shorts,Dt_07_05_2015,0.333333333,0.428571429
SD:gp:slim-jeans-for-men/SD:gp:mens-cargo-shorts,Dt_08_05_2015,0.333333333,0.538461538
SD:gp:slim-jeans-for-men/SD:gp:mens-cargo-shorts,Dt_09_05_2015,0.5,0.5625
SD:gp:slim-jeans-for-men/SD:gp:mens-cargo-shorts,Dt_10_05_2015,0.3,0.272727273
SD:gp:slim-jeans-for-men/SD:gp:mens-cargo-shorts,Dt_11_05_2015,0.5,0.384615385
SD:gp:slim-jeans-for-men/SD:gp:mens-cargo-shorts,Dt_12_05_2015,0.25,0.333333333
SD:gp:slim-jeans-for-men/SD:gp:mens-cargo-shorts,Dt_13_05_2015,0.470588235,0.5
SD:gp:slim-jeans-for-men/SD:gp:mens-cargo-shorts,Dt_14_05_2015,0.454545455,0.272727273
SD:gp:slim-jeans-for-men/SD:gp:mens-cargo-shorts,Dt_15_05_2015,0.5,0.307692308
SD:gp:slim-jeans-for-men/SD:gp:mens-cargo-shorts,Dt_16_05_2015,0.444444444,0.5
SD:gp:slim-jeans-for-men/SD:gp:mens-cargo-shorts,Dt_17_05_2015,0.294117647,0.421052632
