Pair_page,Dt,Control,Test
SD:gp:discount-mens-shirts/SD:gp:mens-shirts-sale,Dt_24_03_2015,0,0
SD:gp:discount-mens-shirts/SD:gp:mens-shirts-sale,Dt_25_03_2015,0,0
SD:gp:discount-mens-shirts/SD:gp:mens-shirts-sale,Dt_26_03_2015,0,0
SD:gp:discount-mens-shirts/SD:gp:mens-shirts-sale,Dt_27_03_2015,0,0
SD:gp:discount-mens-shirts/SD:gp:mens-shirts-sale,Dt_28_03_2015,0,0
SD:gp:discount-mens-shirts/SD:gp:mens-shirts-sale,Dt_29_03_2015,0,0
SD:gp:discount-mens-shirts/SD:gp:mens-shirts-sale,Dt_30_03_2015,0,0
SD:gp:discount-mens-shirts/SD:gp:mens-shirts-sale,Dt_31_03_2015,0,0
SD:gp:discount-mens-shirts/SD:gp:mens-shirts-sale,Dt_01_04_2015,0,0
SD:gp:discount-mens-shirts/SD:gp:mens-shirts-sale,Dt_02_04_2015,0,0
SD:gp:discount-mens-shirts/SD:gp:mens-shirts-sale,Dt_03_04_2015,0,4.59
SD:gp:discount-mens-shirts/SD:gp:mens-shirts-sale,Dt_04_04_2015,0,0
SD:gp:discount-mens-shirts/SD:gp:mens-shirts-sale,Dt_05_04_2015,0,0
SD:gp:discount-mens-shirts/SD:gp:mens-shirts-sale,Dt_06_04_2015,0,0
SD:gp:discount-mens-shirts/SD:gp:mens-shirts-sale,Dt_07_04_2015,0,0
SD:gp:discount-mens-shirts/SD:gp:mens-shirts-sale,Dt_08_04_2015,0,0
SD:gp:discount-mens-shirts/SD:gp:mens-shirts-sale,Dt_09_04_2015,0,0
SD:gp:discount-mens-shirts/SD:gp:mens-shirts-sale,Dt_10_04_2015,0,0
SD:gp:discount-mens-shirts/SD:gp:mens-shirts-sale,Dt_11_04_2015,0,0
SD:gp:discount-mens-shirts/SD:gp:mens-shirts-sale,Dt_12_04_2015,0,0
SD:gp:discount-mens-shirts/SD:gp:mens-shirts-sale,Dt_13_04_2015,0,1.16
SD:gp:discount-mens-shirts/SD:gp:mens-shirts-sale,Dt_14_04_2015,0,0
SD:gp:discount-mens-shirts/SD:gp:mens-shirts-sale,Dt_15_04_2015,0,0
SD:gp:discount-mens-shirts/SD:gp:mens-shirts-sale,Dt_16_04_2015,0,10.27
SD:gp:discount-mens-shirts/SD:gp:mens-shirts-sale,Dt_17_04_2015,0,0
SD:gp:discount-mens-shirts/SD:gp:mens-shirts-sale,Dt_18_04_2015,0,0
SD:gp:discount-mens-shirts/SD:gp:mens-shirts-sale,Dt_19_04_2015,0,2.77
SD:gp:discount-mens-shirts/SD:gp:mens-shirts-sale,Dt_20_04_2015,0,0.62
SD:gp:discount-mens-shirts/SD:gp:mens-shirts-sale,Dt_21_04_2015,0,8.45
SD:gp:discount-mens-shirts/SD:gp:mens-shirts-sale,Dt_22_04_2015,0,2.37
SD:gp:discount-mens-shirts/SD:gp:mens-shirts-sale,Dt_23_04_2015,0,0
SD:gp:discount-mens-shirts/SD:gp:mens-shirts-sale,Dt_24_04_2015,0,0
SD:gp:discount-mens-shirts/SD:gp:mens-shirts-sale,Dt_25_04_2015,0,1.09
SD:gp:discount-mens-shirts/SD:gp:mens-shirts-sale,Dt_26_04_2015,0,0
SD:gp:discount-mens-shirts/SD:gp:mens-shirts-sale,Dt_27_04_2015,0,5.51
SD:gp:discount-mens-shirts/SD:gp:mens-shirts-sale,Dt_28_04_2015,0,11.65
SD:gp:discount-mens-shirts/SD:gp:mens-shirts-sale,Dt_29_04_2015,0,0
SD:gp:discount-mens-shirts/SD:gp:mens-shirts-sale,Dt_30_04_2015,0,1.12
SD:gp:discount-mens-shirts/SD:gp:mens-shirts-sale,Dt_01_05_2015,0,0
SD:gp:discount-mens-shirts/SD:gp:mens-shirts-sale,Dt_02_05_2015,0,0
SD:gp:discount-mens-shirts/SD:gp:mens-shirts-sale,Dt_03_05_2015,0,9.33
SD:gp:discount-mens-shirts/SD:gp:mens-shirts-sale,Dt_04_05_2015,0,0
SD:gp:discount-mens-shirts/SD:gp:mens-shirts-sale,Dt_05_05_2015,0,0
SD:gp:discount-mens-shirts/SD:gp:mens-shirts-sale,Dt_06_05_2015,0,1.44
SD:gp:discount-mens-shirts/SD:gp:mens-shirts-sale,Dt_07_05_2015,0,0
SD:gp:discount-mens-shirts/SD:gp:mens-shirts-sale,Dt_08_05_2015,0,0
SD:gp:discount-mens-shirts/SD:gp:mens-shirts-sale,Dt_09_05_2015,0,0
SD:gp:discount-mens-shirts/SD:gp:mens-shirts-sale,Dt_10_05_2015,0,0
SD:gp:discount-mens-shirts/SD:gp:mens-shirts-sale,Dt_11_05_2015,0,0
SD:gp:discount-mens-shirts/SD:gp:mens-shirts-sale,Dt_12_05_2015,0,0
SD:gp:discount-mens-shirts/SD:gp:mens-shirts-sale,Dt_13_05_2015,0,0.63
SD:gp:discount-mens-shirts/SD:gp:mens-shirts-sale,Dt_14_05_2015,0,0
SD:gp:discount-mens-shirts/SD:gp:mens-shirts-sale,Dt_15_05_2015,0,0
SD:gp:discount-mens-shirts/SD:gp:mens-shirts-sale,Dt_16_05_2015,0,0
SD:gp:discount-mens-shirts/SD:gp:mens-shirts-sale,Dt_17_05_2015,0,0
SD:gp:mens-boot-cut-jeans/SD:gp:mens-straight-leg-jean,Dt_24_03_2015,0,0
SD:gp:mens-boot-cut-jeans/SD:gp:mens-straight-leg-jean,Dt_25_03_2015,21.15,0
SD:gp:mens-boot-cut-jeans/SD:gp:mens-straight-leg-jean,Dt_26_03_2015,0,9.99
SD:gp:mens-boot-cut-jeans/SD:gp:mens-straight-leg-jean,Dt_27_03_2015,0,2.21
SD:gp:mens-boot-cut-jeans/SD:gp:mens-straight-leg-jean,Dt_28_03_2015,0,37.86
SD:gp:mens-boot-cut-jeans/SD:gp:mens-straight-leg-jean,Dt_29_03_2015,3.99,3.53
SD:gp:mens-boot-cut-jeans/SD:gp:mens-straight-leg-jean,Dt_30_03_2015,0,3.74
SD:gp:mens-boot-cut-jeans/SD:gp:mens-straight-leg-jean,Dt_31_03_2015,0,0
SD:gp:mens-boot-cut-jeans/SD:gp:mens-straight-leg-jean,Dt_01_04_2015,2.72,2.99
SD:gp:mens-boot-cut-jeans/SD:gp:mens-straight-leg-jean,Dt_02_04_2015,0,0
SD:gp:mens-boot-cut-jeans/SD:gp:mens-straight-leg-jean,Dt_03_04_2015,0,0
SD:gp:mens-boot-cut-jeans/SD:gp:mens-straight-leg-jean,Dt_04_04_2015,0,0
SD:gp:mens-boot-cut-jeans/SD:gp:mens-straight-leg-jean,Dt_05_04_2015,2.6,11.89
SD:gp:mens-boot-cut-jeans/SD:gp:mens-straight-leg-jean,Dt_06_04_2015,0,5.08
SD:gp:mens-boot-cut-jeans/SD:gp:mens-straight-leg-jean,Dt_07_04_2015,0,0
SD:gp:mens-boot-cut-jeans/SD:gp:mens-straight-leg-jean,Dt_08_04_2015,3.99,0
SD:gp:mens-boot-cut-jeans/SD:gp:mens-straight-leg-jean,Dt_09_04_2015,0,0
SD:gp:mens-boot-cut-jeans/SD:gp:mens-straight-leg-jean,Dt_10_04_2015,0,0
SD:gp:mens-boot-cut-jeans/SD:gp:mens-straight-leg-jean,Dt_11_04_2015,0,0
SD:gp:mens-boot-cut-jeans/SD:gp:mens-straight-leg-jean,Dt_12_04_2015,0,1.59
SD:gp:mens-boot-cut-jeans/SD:gp:mens-straight-leg-jean,Dt_13_04_2015,0,0
SD:gp:mens-boot-cut-jeans/SD:gp:mens-straight-leg-jean,Dt_14_04_2015,0,0
SD:gp:mens-boot-cut-jeans/SD:gp:mens-straight-leg-jean,Dt_15_04_2015,11.46,5.43
SD:gp:mens-boot-cut-jeans/SD:gp:mens-straight-leg-jean,Dt_16_04_2015,1.3,0
SD:gp:mens-boot-cut-jeans/SD:gp:mens-straight-leg-jean,Dt_17_04_2015,3.99,0
SD:gp:mens-boot-cut-jeans/SD:gp:mens-straight-leg-jean,Dt_18_04_2015,0,0
SD:gp:mens-boot-cut-jeans/SD:gp:mens-straight-leg-jean,Dt_19_04_2015,3.09,41.79
SD:gp:mens-boot-cut-jeans/SD:gp:mens-straight-leg-jean,Dt_20_04_2015,1.12,12.42
SD:gp:mens-boot-cut-jeans/SD:gp:mens-straight-leg-jean,Dt_21_04_2015,0,4.99
SD:gp:mens-boot-cut-jeans/SD:gp:mens-straight-leg-jean,Dt_22_04_2015,7.05,0
SD:gp:mens-boot-cut-jeans/SD:gp:mens-straight-leg-jean,Dt_23_04_2015,0,21.8
SD:gp:mens-boot-cut-jeans/SD:gp:mens-straight-leg-jean,Dt_24_04_2015,0,0
SD:gp:mens-boot-cut-jeans/SD:gp:mens-straight-leg-jean,Dt_25_04_2015,6.31,0
SD:gp:mens-boot-cut-jeans/SD:gp:mens-straight-leg-jean,Dt_26_04_2015,7.05,4.61
SD:gp:mens-boot-cut-jeans/SD:gp:mens-straight-leg-jean,Dt_27_04_2015,0,0
SD:gp:mens-boot-cut-jeans/SD:gp:mens-straight-leg-jean,Dt_28_04_2015,8.88,0
SD:gp:mens-boot-cut-jeans/SD:gp:mens-straight-leg-jean,Dt_29_04_2015,0,2.26
SD:gp:mens-boot-cut-jeans/SD:gp:mens-straight-leg-jean,Dt_30_04_2015,0,0
SD:gp:mens-boot-cut-jeans/SD:gp:mens-straight-leg-jean,Dt_01_05_2015,16.58,0
SD:gp:mens-boot-cut-jeans/SD:gp:mens-straight-leg-jean,Dt_02_05_2015,0,0
SD:gp:mens-boot-cut-jeans/SD:gp:mens-straight-leg-jean,Dt_03_05_2015,0,5.21
SD:gp:mens-boot-cut-jeans/SD:gp:mens-straight-leg-jean,Dt_04_05_2015,1.22,3.95
SD:gp:mens-boot-cut-jeans/SD:gp:mens-straight-leg-jean,Dt_05_05_2015,0,2.85
SD:gp:mens-boot-cut-jeans/SD:gp:mens-straight-leg-jean,Dt_06_05_2015,11.41,0
SD:gp:mens-boot-cut-jeans/SD:gp:mens-straight-leg-jean,Dt_07_05_2015,0,7.77
SD:gp:mens-boot-cut-jeans/SD:gp:mens-straight-leg-jean,Dt_08_05_2015,0,0
SD:gp:mens-boot-cut-jeans/SD:gp:mens-straight-leg-jean,Dt_09_05_2015,0,4.36
SD:gp:mens-boot-cut-jeans/SD:gp:mens-straight-leg-jean,Dt_10_05_2015,0,0
SD:gp:mens-boot-cut-jeans/SD:gp:mens-straight-leg-jean,Dt_11_05_2015,0,16.67
SD:gp:mens-boot-cut-jeans/SD:gp:mens-straight-leg-jean,Dt_12_05_2015,0,0
SD:gp:mens-boot-cut-jeans/SD:gp:mens-straight-leg-jean,Dt_13_05_2015,0,0
SD:gp:mens-boot-cut-jeans/SD:gp:mens-straight-leg-jean,Dt_14_05_2015,0,26.06
SD:gp:mens-boot-cut-jeans/SD:gp:mens-straight-leg-jean,Dt_15_05_2015,0,0
SD:gp:mens-boot-cut-jeans/SD:gp:mens-straight-leg-jean,Dt_16_05_2015,5.21,9.99
SD:gp:mens-boot-cut-jeans/SD:gp:mens-straight-leg-jean,Dt_17_05_2015,0,0
SD:gp:mens-crewneck-sweaters/SD:gp:mens-sweater-sale,Dt_24_03_2015,0,0
SD:gp:mens-crewneck-sweaters/SD:gp:mens-sweater-sale,Dt_25_03_2015,0,0
SD:gp:mens-crewneck-sweaters/SD:gp:mens-sweater-sale,Dt_26_03_2015,0,0
SD:gp:mens-crewneck-sweaters/SD:gp:mens-sweater-sale,Dt_27_03_2015,0,4.15
SD:gp:mens-crewneck-sweaters/SD:gp:mens-sweater-sale,Dt_28_03_2015,0,0
SD:gp:mens-crewneck-sweaters/SD:gp:mens-sweater-sale,Dt_29_03_2015,0,2.11
SD:gp:mens-crewneck-sweaters/SD:gp:mens-sweater-sale,Dt_30_03_2015,0,0
SD:gp:mens-crewneck-sweaters/SD:gp:mens-sweater-sale,Dt_31_03_2015,0,0
SD:gp:mens-crewneck-sweaters/SD:gp:mens-sweater-sale,Dt_01_04_2015,0,0
SD:gp:mens-crewneck-sweaters/SD:gp:mens-sweater-sale,Dt_02_04_2015,0,0
SD:gp:mens-crewneck-sweaters/SD:gp:mens-sweater-sale,Dt_03_04_2015,0,0
SD:gp:mens-crewneck-sweaters/SD:gp:mens-sweater-sale,Dt_04_04_2015,0,0
SD:gp:mens-crewneck-sweaters/SD:gp:mens-sweater-sale,Dt_05_04_2015,0,1.68
SD:gp:mens-crewneck-sweaters/SD:gp:mens-sweater-sale,Dt_06_04_2015,0,0
SD:gp:mens-crewneck-sweaters/SD:gp:mens-sweater-sale,Dt_07_04_2015,0,0
SD:gp:mens-crewneck-sweaters/SD:gp:mens-sweater-sale,Dt_08_04_2015,0,0
SD:gp:mens-crewneck-sweaters/SD:gp:mens-sweater-sale,Dt_09_04_2015,0,0
SD:gp:mens-crewneck-sweaters/SD:gp:mens-sweater-sale,Dt_10_04_2015,0,0
SD:gp:mens-crewneck-sweaters/SD:gp:mens-sweater-sale,Dt_11_04_2015,0,0
SD:gp:mens-crewneck-sweaters/SD:gp:mens-sweater-sale,Dt_12_04_2015,0,1.51
SD:gp:mens-crewneck-sweaters/SD:gp:mens-sweater-sale,Dt_13_04_2015,0,0
SD:gp:mens-crewneck-sweaters/SD:gp:mens-sweater-sale,Dt_14_04_2015,0,0
SD:gp:mens-crewneck-sweaters/SD:gp:mens-sweater-sale,Dt_15_04_2015,0,0
SD:gp:mens-crewneck-sweaters/SD:gp:mens-sweater-sale,Dt_16_04_2015,0,1.27
SD:gp:mens-crewneck-sweaters/SD:gp:mens-sweater-sale,Dt_17_04_2015,0,0
SD:gp:mens-crewneck-sweaters/SD:gp:mens-sweater-sale,Dt_18_04_2015,0,0
SD:gp:mens-crewneck-sweaters/SD:gp:mens-sweater-sale,Dt_19_04_2015,0,0
SD:gp:mens-crewneck-sweaters/SD:gp:mens-sweater-sale,Dt_20_04_2015,2.49,0
SD:gp:mens-crewneck-sweaters/SD:gp:mens-sweater-sale,Dt_21_04_2015,0,0
SD:gp:mens-crewneck-sweaters/SD:gp:mens-sweater-sale,Dt_22_04_2015,0,3.18
SD:gp:mens-crewneck-sweaters/SD:gp:mens-sweater-sale,Dt_23_04_2015,0,0
SD:gp:mens-crewneck-sweaters/SD:gp:mens-sweater-sale,Dt_24_04_2015,0,0
SD:gp:mens-crewneck-sweaters/SD:gp:mens-sweater-sale,Dt_25_04_2015,0,2.67
SD:gp:mens-crewneck-sweaters/SD:gp:mens-sweater-sale,Dt_26_04_2015,0,0
SD:gp:mens-crewneck-sweaters/SD:gp:mens-sweater-sale,Dt_27_04_2015,0,0
SD:gp:mens-crewneck-sweaters/SD:gp:mens-sweater-sale,Dt_28_04_2015,0,0
SD:gp:mens-crewneck-sweaters/SD:gp:mens-sweater-sale,Dt_29_04_2015,0,0
SD:gp:mens-crewneck-sweaters/SD:gp:mens-sweater-sale,Dt_30_04_2015,0,0
SD:gp:mens-crewneck-sweaters/SD:gp:mens-sweater-sale,Dt_01_05_2015,0,0
SD:gp:mens-crewneck-sweaters/SD:gp:mens-sweater-sale,Dt_02_05_2015,0,0
SD:gp:mens-crewneck-sweaters/SD:gp:mens-sweater-sale,Dt_03_05_2015,0,0
SD:gp:mens-crewneck-sweaters/SD:gp:mens-sweater-sale,Dt_04_05_2015,0,0
SD:gp:mens-crewneck-sweaters/SD:gp:mens-sweater-sale,Dt_05_05_2015,0,0
SD:gp:mens-crewneck-sweaters/SD:gp:mens-sweater-sale,Dt_06_05_2015,0,0
SD:gp:mens-crewneck-sweaters/SD:gp:mens-sweater-sale,Dt_07_05_2015,0,0
SD:gp:mens-crewneck-sweaters/SD:gp:mens-sweater-sale,Dt_08_05_2015,0,0
SD:gp:mens-crewneck-sweaters/SD:gp:mens-sweater-sale,Dt_09_05_2015,0,0
SD:gp:mens-crewneck-sweaters/SD:gp:mens-sweater-sale,Dt_10_05_2015,0,0
SD:gp:mens-crewneck-sweaters/SD:gp:mens-sweater-sale,Dt_11_05_2015,0,0
SD:gp:mens-crewneck-sweaters/SD:gp:mens-sweater-sale,Dt_12_05_2015,0,0
SD:gp:mens-crewneck-sweaters/SD:gp:mens-sweater-sale,Dt_13_05_2015,0,0.63
SD:gp:mens-crewneck-sweaters/SD:gp:mens-sweater-sale,Dt_14_05_2015,0,0
SD:gp:mens-crewneck-sweaters/SD:gp:mens-sweater-sale,Dt_15_05_2015,0,0
SD:gp:mens-crewneck-sweaters/SD:gp:mens-sweater-sale,Dt_16_05_2015,0,0
SD:gp:mens-crewneck-sweaters/SD:gp:mens-sweater-sale,Dt_17_05_2015,0,0
SD:gp:mens-pants/SD:gp:mens-t-shirts,Dt_24_03_2015,1.43,0
SD:gp:mens-pants/SD:gp:mens-t-shirts,Dt_25_03_2015,2.6,0
SD:gp:mens-pants/SD:gp:mens-t-shirts,Dt_26_03_2015,5.45,0
SD:gp:mens-pants/SD:gp:mens-t-shirts,Dt_27_03_2015,0,0
SD:gp:mens-pants/SD:gp:mens-t-shirts,Dt_28_03_2015,0,0
SD:gp:mens-pants/SD:gp:mens-t-shirts,Dt_29_03_2015,14.05,1.65
SD:gp:mens-pants/SD:gp:mens-t-shirts,Dt_30_03_2015,4.06,1.51
SD:gp:mens-pants/SD:gp:mens-t-shirts,Dt_31_03_2015,4.37,0
SD:gp:mens-pants/SD:gp:mens-t-shirts,Dt_01_04_2015,0,0
SD:gp:mens-pants/SD:gp:mens-t-shirts,Dt_02_04_2015,2.6,0
SD:gp:mens-pants/SD:gp:mens-t-shirts,Dt_03_04_2015,0,0
SD:gp:mens-pants/SD:gp:mens-t-shirts,Dt_04_04_2015,3.02,0
SD:gp:mens-pants/SD:gp:mens-t-shirts,Dt_05_04_2015,8.54,0
SD:gp:mens-pants/SD:gp:mens-t-shirts,Dt_06_04_2015,9.21,0
SD:gp:mens-pants/SD:gp:mens-t-shirts,Dt_07_04_2015,13.89,7.94
SD:gp:mens-pants/SD:gp:mens-t-shirts,Dt_08_04_2015,0,1.27
SD:gp:mens-pants/SD:gp:mens-t-shirts,Dt_09_04_2015,5.74,2.63
SD:gp:mens-pants/SD:gp:mens-t-shirts,Dt_10_04_2015,0,0
SD:gp:mens-pants/SD:gp:mens-t-shirts,Dt_11_04_2015,13.7,3.4
SD:gp:mens-pants/SD:gp:mens-t-shirts,Dt_12_04_2015,6.62,5.28
SD:gp:mens-pants/SD:gp:mens-t-shirts,Dt_13_04_2015,6.66,2.59
SD:gp:mens-pants/SD:gp:mens-t-shirts,Dt_14_04_2015,1.5,8.06
SD:gp:mens-pants/SD:gp:mens-t-shirts,Dt_15_04_2015,4.13,2.53
SD:gp:mens-pants/SD:gp:mens-t-shirts,Dt_16_04_2015,0,32.96
SD:gp:mens-pants/SD:gp:mens-t-shirts,Dt_17_04_2015,1.74,3.74
SD:gp:mens-pants/SD:gp:mens-t-shirts,Dt_18_04_2015,4.03,5
SD:gp:mens-pants/SD:gp:mens-t-shirts,Dt_19_04_2015,0,0
SD:gp:mens-pants/SD:gp:mens-t-shirts,Dt_20_04_2015,6.38,7.19
SD:gp:mens-pants/SD:gp:mens-t-shirts,Dt_21_04_2015,10.66,5.37
SD:gp:mens-pants/SD:gp:mens-t-shirts,Dt_22_04_2015,8.85,6.87
SD:gp:mens-pants/SD:gp:mens-t-shirts,Dt_23_04_2015,5.21,10.92
SD:gp:mens-pants/SD:gp:mens-t-shirts,Dt_24_04_2015,5.7,4.67
SD:gp:mens-pants/SD:gp:mens-t-shirts,Dt_25_04_2015,0,4.29
SD:gp:mens-pants/SD:gp:mens-t-shirts,Dt_26_04_2015,3.52,7.97
SD:gp:mens-pants/SD:gp:mens-t-shirts,Dt_27_04_2015,21.24,1.07
SD:gp:mens-pants/SD:gp:mens-t-shirts,Dt_28_04_2015,11.61,0
SD:gp:mens-pants/SD:gp:mens-t-shirts,Dt_29_04_2015,0,0.96
SD:gp:mens-pants/SD:gp:mens-t-shirts,Dt_30_04_2015,5.45,4.15
SD:gp:mens-pants/SD:gp:mens-t-shirts,Dt_01_05_2015,4.99,4.1
SD:gp:mens-pants/SD:gp:mens-t-shirts,Dt_02_05_2015,0,37.49
SD:gp:mens-pants/SD:gp:mens-t-shirts,Dt_03_05_2015,5.14,4.21
SD:gp:mens-pants/SD:gp:mens-t-shirts,Dt_04_05_2015,6.14,9.19
SD:gp:mens-pants/SD:gp:mens-t-shirts,Dt_05_05_2015,13.2,0
SD:gp:mens-pants/SD:gp:mens-t-shirts,Dt_06_05_2015,0,2.75
SD:gp:mens-pants/SD:gp:mens-t-shirts,Dt_07_05_2015,0,14.3
SD:gp:mens-pants/SD:gp:mens-t-shirts,Dt_08_05_2015,0,5.59
SD:gp:mens-pants/SD:gp:mens-t-shirts,Dt_09_05_2015,16.81,21.81
SD:gp:mens-pants/SD:gp:mens-t-shirts,Dt_10_05_2015,9.81,37.31
SD:gp:mens-pants/SD:gp:mens-t-shirts,Dt_11_05_2015,5.49,0
SD:gp:mens-pants/SD:gp:mens-t-shirts,Dt_12_05_2015,3.99,14.42
SD:gp:mens-pants/SD:gp:mens-t-shirts,Dt_13_05_2015,9.5,0
SD:gp:mens-pants/SD:gp:mens-t-shirts,Dt_14_05_2015,50.09,14.26
SD:gp:mens-pants/SD:gp:mens-t-shirts,Dt_15_05_2015,10.39,16.32
SD:gp:mens-pants/SD:gp:mens-t-shirts,Dt_16_05_2015,10.44,1.09
SD:gp:mens-pants/SD:gp:mens-t-shirts,Dt_17_05_2015,34.47,5.55
SD:gp:mens-pique-polo-shirts/SD:gp:mens-briefs,Dt_24_03_2015,0,0
SD:gp:mens-pique-polo-shirts/SD:gp:mens-briefs,Dt_25_03_2015,0,0
SD:gp:mens-pique-polo-shirts/SD:gp:mens-briefs,Dt_26_03_2015,0,0
SD:gp:mens-pique-polo-shirts/SD:gp:mens-briefs,Dt_27_03_2015,0,1.2
SD:gp:mens-pique-polo-shirts/SD:gp:mens-briefs,Dt_28_03_2015,0,0
SD:gp:mens-pique-polo-shirts/SD:gp:mens-briefs,Dt_29_03_2015,0,5.98
SD:gp:mens-pique-polo-shirts/SD:gp:mens-briefs,Dt_30_03_2015,0,0
SD:gp:mens-pique-polo-shirts/SD:gp:mens-briefs,Dt_31_03_2015,0,0
SD:gp:mens-pique-polo-shirts/SD:gp:mens-briefs,Dt_01_04_2015,0,0
SD:gp:mens-pique-polo-shirts/SD:gp:mens-briefs,Dt_02_04_2015,0,0
SD:gp:mens-pique-polo-shirts/SD:gp:mens-briefs,Dt_03_04_2015,0,0
SD:gp:mens-pique-polo-shirts/SD:gp:mens-briefs,Dt_04_04_2015,0,0
SD:gp:mens-pique-polo-shirts/SD:gp:mens-briefs,Dt_05_04_2015,3.15,0
SD:gp:mens-pique-polo-shirts/SD:gp:mens-briefs,Dt_06_04_2015,5.84,0
SD:gp:mens-pique-polo-shirts/SD:gp:mens-briefs,Dt_07_04_2015,0,0
SD:gp:mens-pique-polo-shirts/SD:gp:mens-briefs,Dt_08_04_2015,0,0
SD:gp:mens-pique-polo-shirts/SD:gp:mens-briefs,Dt_09_04_2015,0,0
SD:gp:mens-pique-polo-shirts/SD:gp:mens-briefs,Dt_10_04_2015,0,0
SD:gp:mens-pique-polo-shirts/SD:gp:mens-briefs,Dt_11_04_2015,0,0
SD:gp:mens-pique-polo-shirts/SD:gp:mens-briefs,Dt_12_04_2015,0,0
SD:gp:mens-pique-polo-shirts/SD:gp:mens-briefs,Dt_13_04_2015,0,0
SD:gp:mens-pique-polo-shirts/SD:gp:mens-briefs,Dt_14_04_2015,0,0
SD:gp:mens-pique-polo-shirts/SD:gp:mens-briefs,Dt_15_04_2015,0,0
SD:gp:mens-pique-polo-shirts/SD:gp:mens-briefs,Dt_16_04_2015,0,0
SD:gp:mens-pique-polo-shirts/SD:gp:mens-briefs,Dt_17_04_2015,0,0
SD:gp:mens-pique-polo-shirts/SD:gp:mens-briefs,Dt_18_04_2015,0,0
SD:gp:mens-pique-polo-shirts/SD:gp:mens-briefs,Dt_19_04_2015,0,2.83
SD:gp:mens-pique-polo-shirts/SD:gp:mens-briefs,Dt_20_04_2015,0,0
SD:gp:mens-pique-polo-shirts/SD:gp:mens-briefs,Dt_21_04_2015,0,0
SD:gp:mens-pique-polo-shirts/SD:gp:mens-briefs,Dt_22_04_2015,0,0
SD:gp:mens-pique-polo-shirts/SD:gp:mens-briefs,Dt_23_04_2015,0,0
SD:gp:mens-pique-polo-shirts/SD:gp:mens-briefs,Dt_24_04_2015,0,0
SD:gp:mens-pique-polo-shirts/SD:gp:mens-briefs,Dt_25_04_2015,0,0
SD:gp:mens-pique-polo-shirts/SD:gp:mens-briefs,Dt_26_04_2015,1.51,3.48
SD:gp:mens-pique-polo-shirts/SD:gp:mens-briefs,Dt_27_04_2015,0,0
SD:gp:mens-pique-polo-shirts/SD:gp:mens-briefs,Dt_28_04_2015,0,0
SD:gp:mens-pique-polo-shirts/SD:gp:mens-briefs,Dt_29_04_2015,0,0
SD:gp:mens-pique-polo-shirts/SD:gp:mens-briefs,Dt_30_04_2015,0,0
SD:gp:mens-pique-polo-shirts/SD:gp:mens-briefs,Dt_01_05_2015,0,0
SD:gp:mens-pique-polo-shirts/SD:gp:mens-briefs,Dt_02_05_2015,0,0
SD:gp:mens-pique-polo-shirts/SD:gp:mens-briefs,Dt_03_05_2015,0,0
SD:gp:mens-pique-polo-shirts/SD:gp:mens-briefs,Dt_04_05_2015,0,0
SD:gp:mens-pique-polo-shirts/SD:gp:mens-briefs,Dt_05_05_2015,0,0
SD:gp:mens-pique-polo-shirts/SD:gp:mens-briefs,Dt_06_05_2015,0,0
SD:gp:mens-pique-polo-shirts/SD:gp:mens-briefs,Dt_07_05_2015,0,0
SD:gp:mens-pique-polo-shirts/SD:gp:mens-briefs,Dt_08_05_2015,0,0
SD:gp:mens-pique-polo-shirts/SD:gp:mens-briefs,Dt_09_05_2015,0,0
SD:gp:mens-pique-polo-shirts/SD:gp:mens-briefs,Dt_10_05_2015,0,0
SD:gp:mens-pique-polo-shirts/SD:gp:mens-briefs,Dt_11_05_2015,0,0
SD:gp:mens-pique-polo-shirts/SD:gp:mens-briefs,Dt_12_05_2015,0,0
SD:gp:mens-pique-polo-shirts/SD:gp:mens-briefs,Dt_13_05_2015,0,2.28
SD:gp:mens-pique-polo-shirts/SD:gp:mens-briefs,Dt_14_05_2015,0,0
SD:gp:mens-pique-polo-shirts/SD:gp:mens-briefs,Dt_15_05_2015,0,0
SD:gp:mens-pique-polo-shirts/SD:gp:mens-briefs,Dt_16_05_2015,0,0
SD:gp:mens-pique-polo-shirts/SD:gp:mens-briefs,Dt_17_05_2015,0,2.2
SD:gp:mens-polo-shirts/SD:gp:slim-khakis-men-C80811,Dt_24_03_2015,0,29.97
SD:gp:mens-polo-shirts/SD:gp:slim-khakis-men-C80811,Dt_25_03_2015,0,16.59
SD:gp:mens-polo-shirts/SD:gp:slim-khakis-men-C80811,Dt_26_03_2015,0,23.31
SD:gp:mens-polo-shirts/SD:gp:slim-khakis-men-C80811,Dt_27_03_2015,0,3.7
SD:gp:mens-polo-shirts/SD:gp:slim-khakis-men-C80811,Dt_28_03_2015,4.97,0
SD:gp:mens-polo-shirts/SD:gp:slim-khakis-men-C80811,Dt_29_03_2015,0,13.48
SD:gp:mens-polo-shirts/SD:gp:slim-khakis-men-C80811,Dt_30_03_2015,9.51,2.85
SD:gp:mens-polo-shirts/SD:gp:slim-khakis-men-C80811,Dt_31_03_2015,0,8.77
SD:gp:mens-polo-shirts/SD:gp:slim-khakis-men-C80811,Dt_01_04_2015,1.3,1.66
SD:gp:mens-polo-shirts/SD:gp:slim-khakis-men-C80811,Dt_02_04_2015,8.23,0
SD:gp:mens-polo-shirts/SD:gp:slim-khakis-men-C80811,Dt_03_04_2015,0,7.31
SD:gp:mens-polo-shirts/SD:gp:slim-khakis-men-C80811,Dt_04_04_2015,2.54,0
SD:gp:mens-polo-shirts/SD:gp:slim-khakis-men-C80811,Dt_05_04_2015,0,16.22
SD:gp:mens-polo-shirts/SD:gp:slim-khakis-men-C80811,Dt_06_04_2015,14.61,15.05
SD:gp:mens-polo-shirts/SD:gp:slim-khakis-men-C80811,Dt_07_04_2015,0,52.89
SD:gp:mens-polo-shirts/SD:gp:slim-khakis-men-C80811,Dt_08_04_2015,0,0
SD:gp:mens-polo-shirts/SD:gp:slim-khakis-men-C80811,Dt_09_04_2015,0,3.63
SD:gp:mens-polo-shirts/SD:gp:slim-khakis-men-C80811,Dt_10_04_2015,0,34.25
SD:gp:mens-polo-shirts/SD:gp:slim-khakis-men-C80811,Dt_11_04_2015,4.88,0
SD:gp:mens-polo-shirts/SD:gp:slim-khakis-men-C80811,Dt_12_04_2015,0,4.14
SD:gp:mens-polo-shirts/SD:gp:slim-khakis-men-C80811,Dt_13_04_2015,0,4.82
SD:gp:mens-polo-shirts/SD:gp:slim-khakis-men-C80811,Dt_14_04_2015,0,3.74
SD:gp:mens-polo-shirts/SD:gp:slim-khakis-men-C80811,Dt_15_04_2015,0,0
SD:gp:mens-polo-shirts/SD:gp:slim-khakis-men-C80811,Dt_16_04_2015,0,0
SD:gp:mens-polo-shirts/SD:gp:slim-khakis-men-C80811,Dt_17_04_2015,8.2,23.09
SD:gp:mens-polo-shirts/SD:gp:slim-khakis-men-C80811,Dt_18_04_2015,0,0
SD:gp:mens-polo-shirts/SD:gp:slim-khakis-men-C80811,Dt_19_04_2015,3.29,2.64
SD:gp:mens-polo-shirts/SD:gp:slim-khakis-men-C80811,Dt_20_04_2015,1.32,8.56
SD:gp:mens-polo-shirts/SD:gp:slim-khakis-men-C80811,Dt_21_04_2015,0,14.99
SD:gp:mens-polo-shirts/SD:gp:slim-khakis-men-C80811,Dt_22_04_2015,4.98,3.99
SD:gp:mens-polo-shirts/SD:gp:slim-khakis-men-C80811,Dt_23_04_2015,2.05,5.59
SD:gp:mens-polo-shirts/SD:gp:slim-khakis-men-C80811,Dt_24_04_2015,0,0
SD:gp:mens-polo-shirts/SD:gp:slim-khakis-men-C80811,Dt_25_04_2015,0,0
SD:gp:mens-polo-shirts/SD:gp:slim-khakis-men-C80811,Dt_26_04_2015,0,3.12
SD:gp:mens-polo-shirts/SD:gp:slim-khakis-men-C80811,Dt_27_04_2015,13.15,5.99
SD:gp:mens-polo-shirts/SD:gp:slim-khakis-men-C80811,Dt_28_04_2015,0,19.98
SD:gp:mens-polo-shirts/SD:gp:slim-khakis-men-C80811,Dt_29_04_2015,0,12.61
SD:gp:mens-polo-shirts/SD:gp:slim-khakis-men-C80811,Dt_30_04_2015,19.39,0
SD:gp:mens-polo-shirts/SD:gp:slim-khakis-men-C80811,Dt_01_05_2015,0,0
SD:gp:mens-polo-shirts/SD:gp:slim-khakis-men-C80811,Dt_02_05_2015,2.94,6.12
SD:gp:mens-polo-shirts/SD:gp:slim-khakis-men-C80811,Dt_03_05_2015,0,1.46
SD:gp:mens-polo-shirts/SD:gp:slim-khakis-men-C80811,Dt_04_05_2015,3.14,0
SD:gp:mens-polo-shirts/SD:gp:slim-khakis-men-C80811,Dt_05_05_2015,0.63,8.52
SD:gp:mens-polo-shirts/SD:gp:slim-khakis-men-C80811,Dt_06_05_2015,0,22.57
SD:gp:mens-polo-shirts/SD:gp:slim-khakis-men-C80811,Dt_07_05_2015,0,0
SD:gp:mens-polo-shirts/SD:gp:slim-khakis-men-C80811,Dt_08_05_2015,0,4.75
SD:gp:mens-polo-shirts/SD:gp:slim-khakis-men-C80811,Dt_09_05_2015,1.06,4.15
SD:gp:mens-polo-shirts/SD:gp:slim-khakis-men-C80811,Dt_10_05_2015,3.38,4.61
SD:gp:mens-polo-shirts/SD:gp:slim-khakis-men-C80811,Dt_11_05_2015,4.35,1.89
SD:gp:mens-polo-shirts/SD:gp:slim-khakis-men-C80811,Dt_12_05_2015,0,2.99
SD:gp:mens-polo-shirts/SD:gp:slim-khakis-men-C80811,Dt_13_05_2015,3.74,0
SD:gp:mens-polo-shirts/SD:gp:slim-khakis-men-C80811,Dt_14_05_2015,2.33,0
SD:gp:mens-polo-shirts/SD:gp:slim-khakis-men-C80811,Dt_15_05_2015,9.62,0
SD:gp:mens-polo-shirts/SD:gp:slim-khakis-men-C80811,Dt_16_05_2015,1.54,5.4
SD:gp:mens-polo-shirts/SD:gp:slim-khakis-men-C80811,Dt_17_05_2015,2.3,5.85
SD:gp:mens-skinny-jeans/SD:gp:shorts-for-men,Dt_24_03_2015,4.06,15.01
SD:gp:mens-skinny-jeans/SD:gp:shorts-for-men,Dt_25_03_2015,0,0
SD:gp:mens-skinny-jeans/SD:gp:shorts-for-men,Dt_26_03_2015,0,13.05
SD:gp:mens-skinny-jeans/SD:gp:shorts-for-men,Dt_27_03_2015,0,0
SD:gp:mens-skinny-jeans/SD:gp:shorts-for-men,Dt_28_03_2015,0,1.98
SD:gp:mens-skinny-jeans/SD:gp:shorts-for-men,Dt_29_03_2015,0,14.02
SD:gp:mens-skinny-jeans/SD:gp:shorts-for-men,Dt_30_03_2015,7.9,0
SD:gp:mens-skinny-jeans/SD:gp:shorts-for-men,Dt_31_03_2015,0,4.75
SD:gp:mens-skinny-jeans/SD:gp:shorts-for-men,Dt_01_04_2015,0,0
SD:gp:mens-skinny-jeans/SD:gp:shorts-for-men,Dt_02_04_2015,6.55,10.46
SD:gp:mens-skinny-jeans/SD:gp:shorts-for-men,Dt_03_04_2015,0,0
SD:gp:mens-skinny-jeans/SD:gp:shorts-for-men,Dt_04_04_2015,0,0.95
SD:gp:mens-skinny-jeans/SD:gp:shorts-for-men,Dt_05_04_2015,0,0
SD:gp:mens-skinny-jeans/SD:gp:shorts-for-men,Dt_06_04_2015,0,20.03
SD:gp:mens-skinny-jeans/SD:gp:shorts-for-men,Dt_07_04_2015,0,16.15
SD:gp:mens-skinny-jeans/SD:gp:shorts-for-men,Dt_08_04_2015,0,0
SD:gp:mens-skinny-jeans/SD:gp:shorts-for-men,Dt_09_04_2015,0,3.71
SD:gp:mens-skinny-jeans/SD:gp:shorts-for-men,Dt_10_04_2015,0,0
SD:gp:mens-skinny-jeans/SD:gp:shorts-for-men,Dt_11_04_2015,2.99,1.66
SD:gp:mens-skinny-jeans/SD:gp:shorts-for-men,Dt_12_04_2015,0,0
SD:gp:mens-skinny-jeans/SD:gp:shorts-for-men,Dt_13_04_2015,0,41.4
SD:gp:mens-skinny-jeans/SD:gp:shorts-for-men,Dt_14_04_2015,0,0
SD:gp:mens-skinny-jeans/SD:gp:shorts-for-men,Dt_15_04_2015,0,6.18
SD:gp:mens-skinny-jeans/SD:gp:shorts-for-men,Dt_16_04_2015,3.15,1.05
SD:gp:mens-skinny-jeans/SD:gp:shorts-for-men,Dt_17_04_2015,0,29.14
SD:gp:mens-skinny-jeans/SD:gp:shorts-for-men,Dt_18_04_2015,0,3.72
SD:gp:mens-skinny-jeans/SD:gp:shorts-for-men,Dt_19_04_2015,0,55.84
SD:gp:mens-skinny-jeans/SD:gp:shorts-for-men,Dt_20_04_2015,0,7.37
SD:gp:mens-skinny-jeans/SD:gp:shorts-for-men,Dt_21_04_2015,0,33.43
SD:gp:mens-skinny-jeans/SD:gp:shorts-for-men,Dt_22_04_2015,0,0
SD:gp:mens-skinny-jeans/SD:gp:shorts-for-men,Dt_23_04_2015,0,0
SD:gp:mens-skinny-jeans/SD:gp:shorts-for-men,Dt_24_04_2015,0,0.34
SD:gp:mens-skinny-jeans/SD:gp:shorts-for-men,Dt_25_04_2015,3.15,5.97
SD:gp:mens-skinny-jeans/SD:gp:shorts-for-men,Dt_26_04_2015,0,18.71
SD:gp:mens-skinny-jeans/SD:gp:shorts-for-men,Dt_27_04_2015,4.99,23.5
SD:gp:mens-skinny-jeans/SD:gp:shorts-for-men,Dt_28_04_2015,0,2.14
SD:gp:mens-skinny-jeans/SD:gp:shorts-for-men,Dt_29_04_2015,0.77,11.98
SD:gp:mens-skinny-jeans/SD:gp:shorts-for-men,Dt_30_04_2015,0,15.13
SD:gp:mens-skinny-jeans/SD:gp:shorts-for-men,Dt_01_05_2015,0,0
SD:gp:mens-skinny-jeans/SD:gp:shorts-for-men,Dt_02_05_2015,0,1.93
SD:gp:mens-skinny-jeans/SD:gp:shorts-for-men,Dt_03_05_2015,0,7.46
SD:gp:mens-skinny-jeans/SD:gp:shorts-for-men,Dt_04_05_2015,6.82,9.21
SD:gp:mens-skinny-jeans/SD:gp:shorts-for-men,Dt_05_05_2015,0,3.45
SD:gp:mens-skinny-jeans/SD:gp:shorts-for-men,Dt_06_05_2015,0,15.1
SD:gp:mens-skinny-jeans/SD:gp:shorts-for-men,Dt_07_05_2015,0,0.94
SD:gp:mens-skinny-jeans/SD:gp:shorts-for-men,Dt_08_05_2015,0,1.61
SD:gp:mens-skinny-jeans/SD:gp:shorts-for-men,Dt_09_05_2015,2.81,5.02
SD:gp:mens-skinny-jeans/SD:gp:shorts-for-men,Dt_10_05_2015,0,51.1
SD:gp:mens-skinny-jeans/SD:gp:shorts-for-men,Dt_11_05_2015,0,16.22
SD:gp:mens-skinny-jeans/SD:gp:shorts-for-men,Dt_12_05_2015,0,28.97
SD:gp:mens-skinny-jeans/SD:gp:shorts-for-men,Dt_13_05_2015,0,1.59
SD:gp:mens-skinny-jeans/SD:gp:shorts-for-men,Dt_14_05_2015,0,2.21
SD:gp:mens-skinny-jeans/SD:gp:shorts-for-men,Dt_15_05_2015,0,6.71
SD:gp:mens-skinny-jeans/SD:gp:shorts-for-men,Dt_16_05_2015,8.74,0
SD:gp:mens-skinny-jeans/SD:gp:shorts-for-men,Dt_17_05_2015,0,44.83
SD:gp:mens-socks/SD:gp:boxer-briefs,Dt_24_03_2015,0,3.83
SD:gp:mens-socks/SD:gp:boxer-briefs,Dt_25_03_2015,2.57,0
SD:gp:mens-socks/SD:gp:boxer-briefs,Dt_26_03_2015,0,0
SD:gp:mens-socks/SD:gp:boxer-briefs,Dt_27_03_2015,0,1.2
SD:gp:mens-socks/SD:gp:boxer-briefs,Dt_28_03_2015,1.6,0
SD:gp:mens-socks/SD:gp:boxer-briefs,Dt_29_03_2015,0,0
SD:gp:mens-socks/SD:gp:boxer-briefs,Dt_30_03_2015,0,0
SD:gp:mens-socks/SD:gp:boxer-briefs,Dt_31_03_2015,0,3.23
SD:gp:mens-socks/SD:gp:boxer-briefs,Dt_01_04_2015,0,0
SD:gp:mens-socks/SD:gp:boxer-briefs,Dt_02_04_2015,0,0
SD:gp:mens-socks/SD:gp:boxer-briefs,Dt_03_04_2015,0,0
SD:gp:mens-socks/SD:gp:boxer-briefs,Dt_04_04_2015,2,11.77
SD:gp:mens-socks/SD:gp:boxer-briefs,Dt_05_04_2015,0,0.26
SD:gp:mens-socks/SD:gp:boxer-briefs,Dt_06_04_2015,0,0
SD:gp:mens-socks/SD:gp:boxer-briefs,Dt_07_04_2015,0,0
SD:gp:mens-socks/SD:gp:boxer-briefs,Dt_08_04_2015,0,1.06
SD:gp:mens-socks/SD:gp:boxer-briefs,Dt_09_04_2015,2.49,1.29
SD:gp:mens-socks/SD:gp:boxer-briefs,Dt_10_04_2015,0,0
SD:gp:mens-socks/SD:gp:boxer-briefs,Dt_11_04_2015,0,0
SD:gp:mens-socks/SD:gp:boxer-briefs,Dt_12_04_2015,0,0
SD:gp:mens-socks/SD:gp:boxer-briefs,Dt_13_04_2015,0,0
SD:gp:mens-socks/SD:gp:boxer-briefs,Dt_14_04_2015,5.68,1.22
SD:gp:mens-socks/SD:gp:boxer-briefs,Dt_15_04_2015,0,0
SD:gp:mens-socks/SD:gp:boxer-briefs,Dt_16_04_2015,2.17,0
SD:gp:mens-socks/SD:gp:boxer-briefs,Dt_17_04_2015,0,0
SD:gp:mens-socks/SD:gp:boxer-briefs,Dt_18_04_2015,2.44,0
SD:gp:mens-socks/SD:gp:boxer-briefs,Dt_19_04_2015,2.46,0
SD:gp:mens-socks/SD:gp:boxer-briefs,Dt_20_04_2015,0,2.08
SD:gp:mens-socks/SD:gp:boxer-briefs,Dt_21_04_2015,0,0
SD:gp:mens-socks/SD:gp:boxer-briefs,Dt_22_04_2015,10.48,0
SD:gp:mens-socks/SD:gp:boxer-briefs,Dt_23_04_2015,0,0
SD:gp:mens-socks/SD:gp:boxer-briefs,Dt_24_04_2015,0,0
SD:gp:mens-socks/SD:gp:boxer-briefs,Dt_25_04_2015,0,0
SD:gp:mens-socks/SD:gp:boxer-briefs,Dt_26_04_2015,0,0
SD:gp:mens-socks/SD:gp:boxer-briefs,Dt_27_04_2015,0,0
SD:gp:mens-socks/SD:gp:boxer-briefs,Dt_28_04_2015,0,0
SD:gp:mens-socks/SD:gp:boxer-briefs,Dt_29_04_2015,0,0
SD:gp:mens-socks/SD:gp:boxer-briefs,Dt_30_04_2015,0,0
SD:gp:mens-socks/SD:gp:boxer-briefs,Dt_01_05_2015,2.77,12.69
SD:gp:mens-socks/SD:gp:boxer-briefs,Dt_02_05_2015,0,0
SD:gp:mens-socks/SD:gp:boxer-briefs,Dt_03_05_2015,0,0
SD:gp:mens-socks/SD:gp:boxer-briefs,Dt_04_05_2015,0,0
SD:gp:mens-socks/SD:gp:boxer-briefs,Dt_05_05_2015,0.63,0
SD:gp:mens-socks/SD:gp:boxer-briefs,Dt_06_05_2015,0,0
SD:gp:mens-socks/SD:gp:boxer-briefs,Dt_07_05_2015,2.38,12.7
SD:gp:mens-socks/SD:gp:boxer-briefs,Dt_08_05_2015,0,0
SD:gp:mens-socks/SD:gp:boxer-briefs,Dt_09_05_2015,0,0
SD:gp:mens-socks/SD:gp:boxer-briefs,Dt_10_05_2015,15.84,0
SD:gp:mens-socks/SD:gp:boxer-briefs,Dt_11_05_2015,10.36,0
SD:gp:mens-socks/SD:gp:boxer-briefs,Dt_12_05_2015,0,0
SD:gp:mens-socks/SD:gp:boxer-briefs,Dt_13_05_2015,0,0
SD:gp:mens-socks/SD:gp:boxer-briefs,Dt_14_05_2015,0,0
SD:gp:mens-socks/SD:gp:boxer-briefs,Dt_15_05_2015,0,0
SD:gp:mens-socks/SD:gp:boxer-briefs,Dt_16_05_2015,0,0.31
SD:gp:mens-socks/SD:gp:boxer-briefs,Dt_17_05_2015,0,1.91
SD:gp:mens-sweatshirts/SD:gp:mens-short-sleeve-shirts,Dt_24_03_2015,0,0
SD:gp:mens-sweatshirts/SD:gp:mens-short-sleeve-shirts,Dt_25_03_2015,0,0
SD:gp:mens-sweatshirts/SD:gp:mens-short-sleeve-shirts,Dt_26_03_2015,0,0
SD:gp:mens-sweatshirts/SD:gp:mens-short-sleeve-shirts,Dt_27_03_2015,0,0
SD:gp:mens-sweatshirts/SD:gp:mens-short-sleeve-shirts,Dt_28_03_2015,0,0
SD:gp:mens-sweatshirts/SD:gp:mens-short-sleeve-shirts,Dt_29_03_2015,0,0
SD:gp:mens-sweatshirts/SD:gp:mens-short-sleeve-shirts,Dt_30_03_2015,0,0
SD:gp:mens-sweatshirts/SD:gp:mens-short-sleeve-shirts,Dt_31_03_2015,0,0
SD:gp:mens-sweatshirts/SD:gp:mens-short-sleeve-shirts,Dt_01_04_2015,0,0
SD:gp:mens-sweatshirts/SD:gp:mens-short-sleeve-shirts,Dt_02_04_2015,0,0
SD:gp:mens-sweatshirts/SD:gp:mens-short-sleeve-shirts,Dt_03_04_2015,0,0
SD:gp:mens-sweatshirts/SD:gp:mens-short-sleeve-shirts,Dt_04_04_2015,0,0
SD:gp:mens-sweatshirts/SD:gp:mens-short-sleeve-shirts,Dt_05_04_2015,0,0
SD:gp:mens-sweatshirts/SD:gp:mens-short-sleeve-shirts,Dt_06_04_2015,0,0
SD:gp:mens-sweatshirts/SD:gp:mens-short-sleeve-shirts,Dt_07_04_2015,0,0
SD:gp:mens-sweatshirts/SD:gp:mens-short-sleeve-shirts,Dt_08_04_2015,0,0
SD:gp:mens-sweatshirts/SD:gp:mens-short-sleeve-shirts,Dt_09_04_2015,0,0
SD:gp:mens-sweatshirts/SD:gp:mens-short-sleeve-shirts,Dt_10_04_2015,0,4.7
SD:gp:mens-sweatshirts/SD:gp:mens-short-sleeve-shirts,Dt_11_04_2015,0,0
SD:gp:mens-sweatshirts/SD:gp:mens-short-sleeve-shirts,Dt_12_04_2015,0,0
SD:gp:mens-sweatshirts/SD:gp:mens-short-sleeve-shirts,Dt_13_04_2015,4.21,0
SD:gp:mens-sweatshirts/SD:gp:mens-short-sleeve-shirts,Dt_14_04_2015,0,0
SD:gp:mens-sweatshirts/SD:gp:mens-short-sleeve-shirts,Dt_15_04_2015,1.48,0
SD:gp:mens-sweatshirts/SD:gp:mens-short-sleeve-shirts,Dt_16_04_2015,0.84,0
SD:gp:mens-sweatshirts/SD:gp:mens-short-sleeve-shirts,Dt_17_04_2015,0,0
SD:gp:mens-sweatshirts/SD:gp:mens-short-sleeve-shirts,Dt_18_04_2015,0,11.18
SD:gp:mens-sweatshirts/SD:gp:mens-short-sleeve-shirts,Dt_19_04_2015,0,0
SD:gp:mens-sweatshirts/SD:gp:mens-short-sleeve-shirts,Dt_20_04_2015,0,0
SD:gp:mens-sweatshirts/SD:gp:mens-short-sleeve-shirts,Dt_21_04_2015,0,0
SD:gp:mens-sweatshirts/SD:gp:mens-short-sleeve-shirts,Dt_22_04_2015,0,0
SD:gp:mens-sweatshirts/SD:gp:mens-short-sleeve-shirts,Dt_23_04_2015,0,0
SD:gp:mens-sweatshirts/SD:gp:mens-short-sleeve-shirts,Dt_24_04_2015,0,0
SD:gp:mens-sweatshirts/SD:gp:mens-short-sleeve-shirts,Dt_25_04_2015,0,0
SD:gp:mens-sweatshirts/SD:gp:mens-short-sleeve-shirts,Dt_26_04_2015,0,0
SD:gp:mens-sweatshirts/SD:gp:mens-short-sleeve-shirts,Dt_27_04_2015,0,0
SD:gp:mens-sweatshirts/SD:gp:mens-short-sleeve-shirts,Dt_28_04_2015,0,0
SD:gp:mens-sweatshirts/SD:gp:mens-short-sleeve-shirts,Dt_29_04_2015,0,1.75
SD:gp:mens-sweatshirts/SD:gp:mens-short-sleeve-shirts,Dt_30_04_2015,0,0
SD:gp:mens-sweatshirts/SD:gp:mens-short-sleeve-shirts,Dt_01_05_2015,0,0
SD:gp:mens-sweatshirts/SD:gp:mens-short-sleeve-shirts,Dt_02_05_2015,0,0
SD:gp:mens-sweatshirts/SD:gp:mens-short-sleeve-shirts,Dt_03_05_2015,0,0
SD:gp:mens-sweatshirts/SD:gp:mens-short-sleeve-shirts,Dt_04_05_2015,0,0
SD:gp:mens-sweatshirts/SD:gp:mens-short-sleeve-shirts,Dt_05_05_2015,2.89,0
SD:gp:mens-sweatshirts/SD:gp:mens-short-sleeve-shirts,Dt_06_05_2015,0,0
SD:gp:mens-sweatshirts/SD:gp:mens-short-sleeve-shirts,Dt_07_05_2015,0,0
SD:gp:mens-sweatshirts/SD:gp:mens-short-sleeve-shirts,Dt_08_05_2015,2.42,0
SD:gp:mens-sweatshirts/SD:gp:mens-short-sleeve-shirts,Dt_09_05_2015,0,0
SD:gp:mens-sweatshirts/SD:gp:mens-short-sleeve-shirts,Dt_10_05_2015,0.37,0
SD:gp:mens-sweatshirts/SD:gp:mens-short-sleeve-shirts,Dt_11_05_2015,0,3.84
SD:gp:mens-sweatshirts/SD:gp:mens-short-sleeve-shirts,Dt_12_05_2015,1.4,0
SD:gp:mens-sweatshirts/SD:gp:mens-short-sleeve-shirts,Dt_13_05_2015,0,0
SD:gp:mens-sweatshirts/SD:gp:mens-short-sleeve-shirts,Dt_14_05_2015,6.14,0
SD:gp:mens-sweatshirts/SD:gp:mens-short-sleeve-shirts,Dt_15_05_2015,0,0
SD:gp:mens-sweatshirts/SD:gp:mens-short-sleeve-shirts,Dt_16_05_2015,0,0
SD:gp:mens-sweatshirts/SD:gp:mens-short-sleeve-shirts,Dt_17_05_2015,0,0
SD:gp:relaxed-fit-pants-for-men/SD:gp:straight-leg-pan,Dt_24_03_2015,0,4.71
SD:gp:relaxed-fit-pants-for-men/SD:gp:straight-leg-pan,Dt_25_03_2015,0,4.61
SD:gp:relaxed-fit-pants-for-men/SD:gp:straight-leg-pan,Dt_26_03_2015,0,0
SD:gp:relaxed-fit-pants-for-men/SD:gp:straight-leg-pan,Dt_27_03_2015,3.33,0
SD:gp:relaxed-fit-pants-for-men/SD:gp:straight-leg-pan,Dt_28_03_2015,0,0
SD:gp:relaxed-fit-pants-for-men/SD:gp:straight-leg-pan,Dt_29_03_2015,0,0
SD:gp:relaxed-fit-pants-for-men/SD:gp:straight-leg-pan,Dt_30_03_2015,0,0
SD:gp:relaxed-fit-pants-for-men/SD:gp:straight-leg-pan,Dt_31_03_2015,0,0
SD:gp:relaxed-fit-pants-for-men/SD:gp:straight-leg-pan,Dt_01_04_2015,0,0
SD:gp:relaxed-fit-pants-for-men/SD:gp:straight-leg-pan,Dt_02_04_2015,0,0
SD:gp:relaxed-fit-pants-for-men/SD:gp:straight-leg-pan,Dt_03_04_2015,0,0
SD:gp:relaxed-fit-pants-for-men/SD:gp:straight-leg-pan,Dt_04_04_2015,7.05,0
SD:gp:relaxed-fit-pants-for-men/SD:gp:straight-leg-pan,Dt_05_04_2015,0,2.94
SD:gp:relaxed-fit-pants-for-men/SD:gp:straight-leg-pan,Dt_06_04_2015,0,0
SD:gp:relaxed-fit-pants-for-men/SD:gp:straight-leg-pan,Dt_07_04_2015,0,0
SD:gp:relaxed-fit-pants-for-men/SD:gp:straight-leg-pan,Dt_08_04_2015,0,0
SD:gp:relaxed-fit-pants-for-men/SD:gp:straight-leg-pan,Dt_09_04_2015,0,0
SD:gp:relaxed-fit-pants-for-men/SD:gp:straight-leg-pan,Dt_10_04_2015,0,0
SD:gp:relaxed-fit-pants-for-men/SD:gp:straight-leg-pan,Dt_11_04_2015,0,0
SD:gp:relaxed-fit-pants-for-men/SD:gp:straight-leg-pan,Dt_12_04_2015,0,0
SD:gp:relaxed-fit-pants-for-men/SD:gp:straight-leg-pan,Dt_13_04_2015,0,0
SD:gp:relaxed-fit-pants-for-men/SD:gp:straight-leg-pan,Dt_14_04_2015,0,0
SD:gp:relaxed-fit-pants-for-men/SD:gp:straight-leg-pan,Dt_15_04_2015,1.66,0
SD:gp:relaxed-fit-pants-for-men/SD:gp:straight-leg-pan,Dt_16_04_2015,0,0
SD:gp:relaxed-fit-pants-for-men/SD:gp:straight-leg-pan,Dt_17_04_2015,0,0
SD:gp:relaxed-fit-pants-for-men/SD:gp:straight-leg-pan,Dt_18_04_2015,0,0
SD:gp:relaxed-fit-pants-for-men/SD:gp:straight-leg-pan,Dt_19_04_2015,3.33,0
SD:gp:relaxed-fit-pants-for-men/SD:gp:straight-leg-pan,Dt_20_04_2015,0,0
SD:gp:relaxed-fit-pants-for-men/SD:gp:straight-leg-pan,Dt_21_04_2015,0,0
SD:gp:relaxed-fit-pants-for-men/SD:gp:straight-leg-pan,Dt_22_04_2015,3.74,8.85
SD:gp:relaxed-fit-pants-for-men/SD:gp:straight-leg-pan,Dt_23_04_2015,0,0
SD:gp:relaxed-fit-pants-for-men/SD:gp:straight-leg-pan,Dt_24_04_2015,0,0
SD:gp:relaxed-fit-pants-for-men/SD:gp:straight-leg-pan,Dt_25_04_2015,0,4.99
SD:gp:relaxed-fit-pants-for-men/SD:gp:straight-leg-pan,Dt_26_04_2015,0,0
SD:gp:relaxed-fit-pants-for-men/SD:gp:straight-leg-pan,Dt_27_04_2015,14.53,0
SD:gp:relaxed-fit-pants-for-men/SD:gp:straight-leg-pan,Dt_28_04_2015,0,0
SD:gp:relaxed-fit-pants-for-men/SD:gp:straight-leg-pan,Dt_29_04_2015,6.18,0
SD:gp:relaxed-fit-pants-for-men/SD:gp:straight-leg-pan,Dt_30_04_2015,0,0
SD:gp:relaxed-fit-pants-for-men/SD:gp:straight-leg-pan,Dt_01_05_2015,0,0
SD:gp:relaxed-fit-pants-for-men/SD:gp:straight-leg-pan,Dt_02_05_2015,0,0
SD:gp:relaxed-fit-pants-for-men/SD:gp:straight-leg-pan,Dt_03_05_2015,0,0
SD:gp:relaxed-fit-pants-for-men/SD:gp:straight-leg-pan,Dt_04_05_2015,0,0
SD:gp:relaxed-fit-pants-for-men/SD:gp:straight-leg-pan,Dt_05_05_2015,0,0
SD:gp:relaxed-fit-pants-for-men/SD:gp:straight-leg-pan,Dt_06_05_2015,0,0
SD:gp:relaxed-fit-pants-for-men/SD:gp:straight-leg-pan,Dt_07_05_2015,0,0
SD:gp:relaxed-fit-pants-for-men/SD:gp:straight-leg-pan,Dt_08_05_2015,0,0
SD:gp:relaxed-fit-pants-for-men/SD:gp:straight-leg-pan,Dt_09_05_2015,0,0
SD:gp:relaxed-fit-pants-for-men/SD:gp:straight-leg-pan,Dt_10_05_2015,0,0
SD:gp:relaxed-fit-pants-for-men/SD:gp:straight-leg-pan,Dt_11_05_2015,0,0
SD:gp:relaxed-fit-pants-for-men/SD:gp:straight-leg-pan,Dt_12_05_2015,0,0
SD:gp:relaxed-fit-pants-for-men/SD:gp:straight-leg-pan,Dt_13_05_2015,0,0
SD:gp:relaxed-fit-pants-for-men/SD:gp:straight-leg-pan,Dt_14_05_2015,1.7,0
SD:gp:relaxed-fit-pants-for-men/SD:gp:straight-leg-pan,Dt_15_05_2015,0,0
SD:gp:relaxed-fit-pants-for-men/SD:gp:straight-leg-pan,Dt_16_05_2015,2.99,0
SD:gp:relaxed-fit-pants-for-men/SD:gp:straight-leg-pan,Dt_17_05_2015,0,0
SD:gp:slim-jeans-for-men/SD:gp:mens-cargo-shorts,Dt_24_03_2015,12.28,0
SD:gp:slim-jeans-for-men/SD:gp:mens-cargo-shorts,Dt_25_03_2015,0,0
SD:gp:slim-jeans-for-men/SD:gp:mens-cargo-shorts,Dt_26_03_2015,0,0
SD:gp:slim-jeans-for-men/SD:gp:mens-cargo-shorts,Dt_27_03_2015,18.83,16.85
SD:gp:slim-jeans-for-men/SD:gp:mens-cargo-shorts,Dt_28_03_2015,0,0
SD:gp:slim-jeans-for-men/SD:gp:mens-cargo-shorts,Dt_29_03_2015,14.76,8.81
SD:gp:slim-jeans-for-men/SD:gp:mens-cargo-shorts,Dt_30_03_2015,27.99,0
SD:gp:slim-jeans-for-men/SD:gp:mens-cargo-shorts,Dt_31_03_2015,4.37,5.28
SD:gp:slim-jeans-for-men/SD:gp:mens-cargo-shorts,Dt_01_04_2015,0,0
SD:gp:slim-jeans-for-men/SD:gp:mens-cargo-shorts,Dt_02_04_2015,0,0
SD:gp:slim-jeans-for-men/SD:gp:mens-cargo-shorts,Dt_03_04_2015,0,0
SD:gp:slim-jeans-for-men/SD:gp:mens-cargo-shorts,Dt_04_04_2015,0,1.09
SD:gp:slim-jeans-for-men/SD:gp:mens-cargo-shorts,Dt_05_04_2015,0,0
SD:gp:slim-jeans-for-men/SD:gp:mens-cargo-shorts,Dt_06_04_2015,0,0
SD:gp:slim-jeans-for-men/SD:gp:mens-cargo-shorts,Dt_07_04_2015,0,0
SD:gp:slim-jeans-for-men/SD:gp:mens-cargo-shorts,Dt_08_04_2015,0,0
SD:gp:slim-jeans-for-men/SD:gp:mens-cargo-shorts,Dt_09_04_2015,5.84,0
SD:gp:slim-jeans-for-men/SD:gp:mens-cargo-shorts,Dt_10_04_2015,0,0
SD:gp:slim-jeans-for-men/SD:gp:mens-cargo-shorts,Dt_11_04_2015,8.99,0
SD:gp:slim-jeans-for-men/SD:gp:mens-cargo-shorts,Dt_12_04_2015,0,0
SD:gp:slim-jeans-for-men/SD:gp:mens-cargo-shorts,Dt_13_04_2015,0,0
SD:gp:slim-jeans-for-men/SD:gp:mens-cargo-shorts,Dt_14_04_2015,0,0
SD:gp:slim-jeans-for-men/SD:gp:mens-cargo-shorts,Dt_15_04_2015,0,0
SD:gp:slim-jeans-for-men/SD:gp:mens-cargo-shorts,Dt_16_04_2015,3.72,0
SD:gp:slim-jeans-for-men/SD:gp:mens-cargo-shorts,Dt_17_04_2015,0,0
SD:gp:slim-jeans-for-men/SD:gp:mens-cargo-shorts,Dt_18_04_2015,0,0
SD:gp:slim-jeans-for-men/SD:gp:mens-cargo-shorts,Dt_19_04_2015,0,0
SD:gp:slim-jeans-for-men/SD:gp:mens-cargo-shorts,Dt_20_04_2015,0,6.91
SD:gp:slim-jeans-for-men/SD:gp:mens-cargo-shorts,Dt_21_04_2015,20.51,0
SD:gp:slim-jeans-for-men/SD:gp:mens-cargo-shorts,Dt_22_04_2015,0,0
SD:gp:slim-jeans-for-men/SD:gp:mens-cargo-shorts,Dt_23_04_2015,0,0
SD:gp:slim-jeans-for-men/SD:gp:mens-cargo-shorts,Dt_24_04_2015,1.66,2.81
SD:gp:slim-jeans-for-men/SD:gp:mens-cargo-shorts,Dt_25_04_2015,17.48,0
SD:gp:slim-jeans-for-men/SD:gp:mens-cargo-shorts,Dt_26_04_2015,7.61,15.86
SD:gp:slim-jeans-for-men/SD:gp:mens-cargo-shorts,Dt_27_04_2015,0,0
SD:gp:slim-jeans-for-men/SD:gp:mens-cargo-shorts,Dt_28_04_2015,0,0
SD:gp:slim-jeans-for-men/SD:gp:mens-cargo-shorts,Dt_29_04_2015,3.03,4.99
SD:gp:slim-jeans-for-men/SD:gp:mens-cargo-shorts,Dt_30_04_2015,0,0
SD:gp:slim-jeans-for-men/SD:gp:mens-cargo-shorts,Dt_01_05_2015,0,0
SD:gp:slim-jeans-for-men/SD:gp:mens-cargo-shorts,Dt_02_05_2015,0,0
SD:gp:slim-jeans-for-men/SD:gp:mens-cargo-shorts,Dt_03_05_2015,0,0
SD:gp:slim-jeans-for-men/SD:gp:mens-cargo-shorts,Dt_04_05_2015,0,0
SD:gp:slim-jeans-for-men/SD:gp:mens-cargo-shorts,Dt_05_05_2015,0,0
SD:gp:slim-jeans-for-men/SD:gp:mens-cargo-shorts,Dt_06_05_2015,2.74,0
SD:gp:slim-jeans-for-men/SD:gp:mens-cargo-shorts,Dt_07_05_2015,0,0
SD:gp:slim-jeans-for-men/SD:gp:mens-cargo-shorts,Dt_08_05_2015,9.99,0
SD:gp:slim-jeans-for-men/SD:gp:mens-cargo-shorts,Dt_09_05_2015,2.81,4.08
SD:gp:slim-jeans-for-men/SD:gp:mens-cargo-shorts,Dt_10_05_2015,9.28,0
SD:gp:slim-jeans-for-men/SD:gp:mens-cargo-shorts,Dt_11_05_2015,0,3.37
SD:gp:slim-jeans-for-men/SD:gp:mens-cargo-shorts,Dt_12_05_2015,2.39,0
SD:gp:slim-jeans-for-men/SD:gp:mens-cargo-shorts,Dt_13_05_2015,46.25,0
SD:gp:slim-jeans-for-men/SD:gp:mens-cargo-shorts,Dt_14_05_2015,1.99,0
SD:gp:slim-jeans-for-men/SD:gp:mens-cargo-shorts,Dt_15_05_2015,0,0
SD:gp:slim-jeans-for-men/SD:gp:mens-cargo-shorts,Dt_16_05_2015,0,0
SD:gp:slim-jeans-for-men/SD:gp:mens-cargo-shorts,Dt_17_05_2015,0,1.42
SD:gp:relaxed-fit-pants-for-men/SD:gp:straight-leg-pants-for-men,Dt_24_03_2015,0,4.71
SD:gp:relaxed-fit-pants-for-men/SD:gp:straight-leg-pants-for-men,Dt_25_03_2015,0,4.61
SD:gp:relaxed-fit-pants-for-men/SD:gp:straight-leg-pants-for-men,Dt_26_03_2015,0,0
SD:gp:relaxed-fit-pants-for-men/SD:gp:straight-leg-pants-for-men,Dt_27_03_2015,3.33,0
SD:gp:relaxed-fit-pants-for-men/SD:gp:straight-leg-pants-for-men,Dt_28_03_2015,0,0
SD:gp:relaxed-fit-pants-for-men/SD:gp:straight-leg-pants-for-men,Dt_29_03_2015,0,0
SD:gp:relaxed-fit-pants-for-men/SD:gp:straight-leg-pants-for-men,Dt_30_03_2015,0,0
SD:gp:relaxed-fit-pants-for-men/SD:gp:straight-leg-pants-for-men,Dt_31_03_2015,0,0
SD:gp:relaxed-fit-pants-for-men/SD:gp:straight-leg-pants-for-men,Dt_01_04_2015,0,0
SD:gp:relaxed-fit-pants-for-men/SD:gp:straight-leg-pants-for-men,Dt_02_04_2015,0,0
SD:gp:relaxed-fit-pants-for-men/SD:gp:straight-leg-pants-for-men,Dt_03_04_2015,0,0
SD:gp:relaxed-fit-pants-for-men/SD:gp:straight-leg-pants-for-men,Dt_04_04_2015,7.05,0
SD:gp:relaxed-fit-pants-for-men/SD:gp:straight-leg-pants-for-men,Dt_05_04_2015,0,2.94
SD:gp:relaxed-fit-pants-for-men/SD:gp:straight-leg-pants-for-men,Dt_06_04_2015,0,0
SD:gp:relaxed-fit-pants-for-men/SD:gp:straight-leg-pants-for-men,Dt_07_04_2015,0,0
SD:gp:relaxed-fit-pants-for-men/SD:gp:straight-leg-pants-for-men,Dt_08_04_2015,0,0
SD:gp:relaxed-fit-pants-for-men/SD:gp:straight-leg-pants-for-men,Dt_09_04_2015,0,0
SD:gp:relaxed-fit-pants-for-men/SD:gp:straight-leg-pants-for-men,Dt_10_04_2015,0,0
SD:gp:relaxed-fit-pants-for-men/SD:gp:straight-leg-pants-for-men,Dt_11_04_2015,0,0
SD:gp:relaxed-fit-pants-for-men/SD:gp:straight-leg-pants-for-men,Dt_12_04_2015,0,0
SD:gp:relaxed-fit-pants-for-men/SD:gp:straight-leg-pants-for-men,Dt_13_04_2015,0,0
SD:gp:relaxed-fit-pants-for-men/SD:gp:straight-leg-pants-for-men,Dt_14_04_2015,0,0
SD:gp:relaxed-fit-pants-for-men/SD:gp:straight-leg-pants-for-men,Dt_15_04_2015,1.66,0
SD:gp:relaxed-fit-pants-for-men/SD:gp:straight-leg-pants-for-men,Dt_16_04_2015,0,0
SD:gp:relaxed-fit-pants-for-men/SD:gp:straight-leg-pants-for-men,Dt_17_04_2015,0,0
SD:gp:relaxed-fit-pants-for-men/SD:gp:straight-leg-pants-for-men,Dt_18_04_2015,0,0
SD:gp:relaxed-fit-pants-for-men/SD:gp:straight-leg-pants-for-men,Dt_19_04_2015,3.33,0
SD:gp:relaxed-fit-pants-for-men/SD:gp:straight-leg-pants-for-men,Dt_20_04_2015,0,0
SD:gp:relaxed-fit-pants-for-men/SD:gp:straight-leg-pants-for-men,Dt_21_04_2015,0,0
SD:gp:relaxed-fit-pants-for-men/SD:gp:straight-leg-pants-for-men,Dt_22_04_2015,3.74,8.85
SD:gp:relaxed-fit-pants-for-men/SD:gp:straight-leg-pants-for-men,Dt_23_04_2015,0,0
SD:gp:relaxed-fit-pants-for-men/SD:gp:straight-leg-pants-for-men,Dt_24_04_2015,0,0
SD:gp:relaxed-fit-pants-for-men/SD:gp:straight-leg-pants-for-men,Dt_25_04_2015,0,4.99
SD:gp:relaxed-fit-pants-for-men/SD:gp:straight-leg-pants-for-men,Dt_26_04_2015,0,0
SD:gp:relaxed-fit-pants-for-men/SD:gp:straight-leg-pants-for-men,Dt_27_04_2015,14.53,0
SD:gp:relaxed-fit-pants-for-men/SD:gp:straight-leg-pants-for-men,Dt_28_04_2015,0,0
SD:gp:relaxed-fit-pants-for-men/SD:gp:straight-leg-pants-for-men,Dt_29_04_2015,6.18,0
SD:gp:relaxed-fit-pants-for-men/SD:gp:straight-leg-pants-for-men,Dt_30_04_2015,0,0
SD:gp:relaxed-fit-pants-for-men/SD:gp:straight-leg-pants-for-men,Dt_01_05_2015,0,0
SD:gp:relaxed-fit-pants-for-men/SD:gp:straight-leg-pants-for-men,Dt_02_05_2015,0,0
SD:gp:relaxed-fit-pants-for-men/SD:gp:straight-leg-pants-for-men,Dt_03_05_2015,0,0
SD:gp:relaxed-fit-pants-for-men/SD:gp:straight-leg-pants-for-men,Dt_04_05_2015,0,0
SD:gp:relaxed-fit-pants-for-men/SD:gp:straight-leg-pants-for-men,Dt_05_05_2015,0,0
SD:gp:relaxed-fit-pants-for-men/SD:gp:straight-leg-pants-for-men,Dt_06_05_2015,0,0
SD:gp:relaxed-fit-pants-for-men/SD:gp:straight-leg-pants-for-men,Dt_07_05_2015,0,0
SD:gp:relaxed-fit-pants-for-men/SD:gp:straight-leg-pants-for-men,Dt_08_05_2015,0,0
SD:gp:relaxed-fit-pants-for-men/SD:gp:straight-leg-pants-for-men,Dt_09_05_2015,0,0
SD:gp:relaxed-fit-pants-for-men/SD:gp:straight-leg-pants-for-men,Dt_10_05_2015,0,0
SD:gp:relaxed-fit-pants-for-men/SD:gp:straight-leg-pants-for-men,Dt_11_05_2015,0,0
SD:gp:relaxed-fit-pants-for-men/SD:gp:straight-leg-pants-for-men,Dt_12_05_2015,0,0
SD:gp:relaxed-fit-pants-for-men/SD:gp:straight-leg-pants-for-men,Dt_13_05_2015,0,0
SD:gp:relaxed-fit-pants-for-men/SD:gp:straight-leg-pants-for-men,Dt_14_05_2015,1.7,0
SD:gp:relaxed-fit-pants-for-men/SD:gp:straight-leg-pants-for-men,Dt_15_05_2015,0,0
SD:gp:relaxed-fit-pants-for-men/SD:gp:straight-leg-pants-for-men,Dt_16_05_2015,2.99,0
SD:gp:relaxed-fit-pants-for-men/SD:gp:straight-leg-pants-for-men,Dt_17_05_2015,0,0
