Pair_page,Dt,Control,Test
SD:gp:discount-mens-shirts/SD:gp:mens-shirts-sale,Dt_24_03_2015,0,0
SD:gp:discount-mens-shirts/SD:gp:mens-shirts-sale,Dt_25_03_2015,0,0
SD:gp:discount-mens-shirts/SD:gp:mens-shirts-sale,Dt_26_03_2015,0,0
SD:gp:discount-mens-shirts/SD:gp:mens-shirts-sale,Dt_27_03_2015,0,0
SD:gp:discount-mens-shirts/SD:gp:mens-shirts-sale,Dt_28_03_2015,0,0
SD:gp:discount-mens-shirts/SD:gp:mens-shirts-sale,Dt_29_03_2015,0,0
SD:gp:discount-mens-shirts/SD:gp:mens-shirts-sale,Dt_30_03_2015,0,0
SD:gp:discount-mens-shirts/SD:gp:mens-shirts-sale,Dt_31_03_2015,0,0
SD:gp:discount-mens-shirts/SD:gp:mens-shirts-sale,Dt_01_04_2015,0,0
SD:gp:discount-mens-shirts/SD:gp:mens-shirts-sale,Dt_02_04_2015,0,0
SD:gp:discount-mens-shirts/SD:gp:mens-shirts-sale,Dt_03_04_2015,0,374.55
SD:gp:discount-mens-shirts/SD:gp:mens-shirts-sale,Dt_04_04_2015,0,0
SD:gp:discount-mens-shirts/SD:gp:mens-shirts-sale,Dt_05_04_2015,0,0
SD:gp:discount-mens-shirts/SD:gp:mens-shirts-sale,Dt_06_04_2015,0,0
SD:gp:discount-mens-shirts/SD:gp:mens-shirts-sale,Dt_07_04_2015,0,0
SD:gp:discount-mens-shirts/SD:gp:mens-shirts-sale,Dt_08_04_2015,0,0
SD:gp:discount-mens-shirts/SD:gp:mens-shirts-sale,Dt_09_04_2015,0,0
SD:gp:discount-mens-shirts/SD:gp:mens-shirts-sale,Dt_10_04_2015,0,0
SD:gp:discount-mens-shirts/SD:gp:mens-shirts-sale,Dt_11_04_2015,0,0
SD:gp:discount-mens-shirts/SD:gp:mens-shirts-sale,Dt_12_04_2015,0,0
SD:gp:discount-mens-shirts/SD:gp:mens-shirts-sale,Dt_13_04_2015,0,85.98
SD:gp:discount-mens-shirts/SD:gp:mens-shirts-sale,Dt_14_04_2015,0,0
SD:gp:discount-mens-shirts/SD:gp:mens-shirts-sale,Dt_15_04_2015,0,0
SD:gp:discount-mens-shirts/SD:gp:mens-shirts-sale,Dt_16_04_2015,0,326.76
SD:gp:discount-mens-shirts/SD:gp:mens-shirts-sale,Dt_17_04_2015,0,0
SD:gp:discount-mens-shirts/SD:gp:mens-shirts-sale,Dt_18_04_2015,0,0
SD:gp:discount-mens-shirts/SD:gp:mens-shirts-sale,Dt_19_04_2015,0,74.85
SD:gp:discount-mens-shirts/SD:gp:mens-shirts-sale,Dt_20_04_2015,0,21.99
SD:gp:discount-mens-shirts/SD:gp:mens-shirts-sale,Dt_21_04_2015,0,104.89
SD:gp:discount-mens-shirts/SD:gp:mens-shirts-sale,Dt_22_04_2015,0,87.94
SD:gp:discount-mens-shirts/SD:gp:mens-shirts-sale,Dt_23_04_2015,0,0
SD:gp:discount-mens-shirts/SD:gp:mens-shirts-sale,Dt_24_04_2015,0,0
SD:gp:discount-mens-shirts/SD:gp:mens-shirts-sale,Dt_25_04_2015,0,101.96
SD:gp:discount-mens-shirts/SD:gp:mens-shirts-sale,Dt_26_04_2015,0,0
SD:gp:discount-mens-shirts/SD:gp:mens-shirts-sale,Dt_27_04_2015,0,223.83
SD:gp:discount-mens-shirts/SD:gp:mens-shirts-sale,Dt_28_04_2015,0,97.94
SD:gp:discount-mens-shirts/SD:gp:mens-shirts-sale,Dt_29_04_2015,0,0
SD:gp:discount-mens-shirts/SD:gp:mens-shirts-sale,Dt_30_04_2015,0,114.91
SD:gp:discount-mens-shirts/SD:gp:mens-shirts-sale,Dt_01_05_2015,0,0
SD:gp:discount-mens-shirts/SD:gp:mens-shirts-sale,Dt_02_05_2015,0,0
SD:gp:discount-mens-shirts/SD:gp:mens-shirts-sale,Dt_03_05_2015,0,167.96
SD:gp:discount-mens-shirts/SD:gp:mens-shirts-sale,Dt_04_05_2015,0,0
SD:gp:discount-mens-shirts/SD:gp:mens-shirts-sale,Dt_05_05_2015,0,0
SD:gp:discount-mens-shirts/SD:gp:mens-shirts-sale,Dt_06_05_2015,0,93.91
SD:gp:discount-mens-shirts/SD:gp:mens-shirts-sale,Dt_07_05_2015,0,0
SD:gp:discount-mens-shirts/SD:gp:mens-shirts-sale,Dt_08_05_2015,0,0
SD:gp:discount-mens-shirts/SD:gp:mens-shirts-sale,Dt_09_05_2015,0,0
SD:gp:discount-mens-shirts/SD:gp:mens-shirts-sale,Dt_10_05_2015,0,0
SD:gp:discount-mens-shirts/SD:gp:mens-shirts-sale,Dt_11_05_2015,0,0
SD:gp:discount-mens-shirts/SD:gp:mens-shirts-sale,Dt_12_05_2015,0,0
SD:gp:discount-mens-shirts/SD:gp:mens-shirts-sale,Dt_13_05_2015,0,119.93
SD:gp:discount-mens-shirts/SD:gp:mens-shirts-sale,Dt_14_05_2015,0,0
SD:gp:discount-mens-shirts/SD:gp:mens-shirts-sale,Dt_15_05_2015,0,0
SD:gp:discount-mens-shirts/SD:gp:mens-shirts-sale,Dt_16_05_2015,0,0
SD:gp:discount-mens-shirts/SD:gp:mens-shirts-sale,Dt_17_05_2015,0,0
SD:gp:mens-boot-cut-jeans/SD:gp:mens-straight-leg-jean,Dt_24_03_2015,0,0
SD:gp:mens-boot-cut-jeans/SD:gp:mens-straight-leg-jean,Dt_25_03_2015,119.9,0
SD:gp:mens-boot-cut-jeans/SD:gp:mens-straight-leg-jean,Dt_26_03_2015,0,119.9
SD:gp:mens-boot-cut-jeans/SD:gp:mens-straight-leg-jean,Dt_27_03_2015,0,307.29
SD:gp:mens-boot-cut-jeans/SD:gp:mens-straight-leg-jean,Dt_28_03_2015,0,287.78
SD:gp:mens-boot-cut-jeans/SD:gp:mens-straight-leg-jean,Dt_29_03_2015,59.95,151.93
SD:gp:mens-boot-cut-jeans/SD:gp:mens-straight-leg-jean,Dt_30_03_2015,0,59.95
SD:gp:mens-boot-cut-jeans/SD:gp:mens-straight-leg-jean,Dt_31_03_2015,0,0
SD:gp:mens-boot-cut-jeans/SD:gp:mens-straight-leg-jean,Dt_01_04_2015,59.95,59.95
SD:gp:mens-boot-cut-jeans/SD:gp:mens-straight-leg-jean,Dt_02_04_2015,0,0
SD:gp:mens-boot-cut-jeans/SD:gp:mens-straight-leg-jean,Dt_03_04_2015,0,0
SD:gp:mens-boot-cut-jeans/SD:gp:mens-straight-leg-jean,Dt_04_04_2015,0,0
SD:gp:mens-boot-cut-jeans/SD:gp:mens-straight-leg-jean,Dt_05_04_2015,59.95,119.9
SD:gp:mens-boot-cut-jeans/SD:gp:mens-straight-leg-jean,Dt_06_04_2015,0,284.7
SD:gp:mens-boot-cut-jeans/SD:gp:mens-straight-leg-jean,Dt_07_04_2015,0,0
SD:gp:mens-boot-cut-jeans/SD:gp:mens-straight-leg-jean,Dt_08_04_2015,119.85,0
SD:gp:mens-boot-cut-jeans/SD:gp:mens-straight-leg-jean,Dt_09_04_2015,0,0
SD:gp:mens-boot-cut-jeans/SD:gp:mens-straight-leg-jean,Dt_10_04_2015,0,0
SD:gp:mens-boot-cut-jeans/SD:gp:mens-straight-leg-jean,Dt_11_04_2015,0,0
SD:gp:mens-boot-cut-jeans/SD:gp:mens-straight-leg-jean,Dt_12_04_2015,0,59.95
SD:gp:mens-boot-cut-jeans/SD:gp:mens-straight-leg-jean,Dt_13_04_2015,0,0
SD:gp:mens-boot-cut-jeans/SD:gp:mens-straight-leg-jean,Dt_14_04_2015,0,0
SD:gp:mens-boot-cut-jeans/SD:gp:mens-straight-leg-jean,Dt_15_04_2015,129.9,199.85
SD:gp:mens-boot-cut-jeans/SD:gp:mens-straight-leg-jean,Dt_16_04_2015,59.95,0
SD:gp:mens-boot-cut-jeans/SD:gp:mens-straight-leg-jean,Dt_17_04_2015,179.85,0
SD:gp:mens-boot-cut-jeans/SD:gp:mens-straight-leg-jean,Dt_18_04_2015,0,0
SD:gp:mens-boot-cut-jeans/SD:gp:mens-straight-leg-jean,Dt_19_04_2015,211.8,367.8
SD:gp:mens-boot-cut-jeans/SD:gp:mens-straight-leg-jean,Dt_20_04_2015,95.95,304.75
SD:gp:mens-boot-cut-jeans/SD:gp:mens-straight-leg-jean,Dt_21_04_2015,0,119.9
SD:gp:mens-boot-cut-jeans/SD:gp:mens-straight-leg-jean,Dt_22_04_2015,59.95,0
SD:gp:mens-boot-cut-jeans/SD:gp:mens-straight-leg-jean,Dt_23_04_2015,0,119.9
SD:gp:mens-boot-cut-jeans/SD:gp:mens-straight-leg-jean,Dt_24_04_2015,0,0
SD:gp:mens-boot-cut-jeans/SD:gp:mens-straight-leg-jean,Dt_25_04_2015,59.95,0
SD:gp:mens-boot-cut-jeans/SD:gp:mens-straight-leg-jean,Dt_26_04_2015,119.9,119.9
SD:gp:mens-boot-cut-jeans/SD:gp:mens-straight-leg-jean,Dt_27_04_2015,0,0
SD:gp:mens-boot-cut-jeans/SD:gp:mens-straight-leg-jean,Dt_28_04_2015,119.9,0
SD:gp:mens-boot-cut-jeans/SD:gp:mens-straight-leg-jean,Dt_29_04_2015,0,59.95
SD:gp:mens-boot-cut-jeans/SD:gp:mens-straight-leg-jean,Dt_30_04_2015,0,0
SD:gp:mens-boot-cut-jeans/SD:gp:mens-straight-leg-jean,Dt_01_05_2015,239.8,0
SD:gp:mens-boot-cut-jeans/SD:gp:mens-straight-leg-jean,Dt_02_05_2015,0,0
SD:gp:mens-boot-cut-jeans/SD:gp:mens-straight-leg-jean,Dt_03_05_2015,0,265.89
SD:gp:mens-boot-cut-jeans/SD:gp:mens-straight-leg-jean,Dt_04_05_2015,91.94,211.84
SD:gp:mens-boot-cut-jeans/SD:gp:mens-straight-leg-jean,Dt_05_05_2015,0,59.95
SD:gp:mens-boot-cut-jeans/SD:gp:mens-straight-leg-jean,Dt_06_05_2015,119.9,0
SD:gp:mens-boot-cut-jeans/SD:gp:mens-straight-leg-jean,Dt_07_05_2015,0,69.95
SD:gp:mens-boot-cut-jeans/SD:gp:mens-straight-leg-jean,Dt_08_05_2015,0,0
SD:gp:mens-boot-cut-jeans/SD:gp:mens-straight-leg-jean,Dt_09_05_2015,0,119.9
SD:gp:mens-boot-cut-jeans/SD:gp:mens-straight-leg-jean,Dt_10_05_2015,0,0
SD:gp:mens-boot-cut-jeans/SD:gp:mens-straight-leg-jean,Dt_11_05_2015,0,287.85
SD:gp:mens-boot-cut-jeans/SD:gp:mens-straight-leg-jean,Dt_12_05_2015,0,0
SD:gp:mens-boot-cut-jeans/SD:gp:mens-straight-leg-jean,Dt_13_05_2015,0,0
SD:gp:mens-boot-cut-jeans/SD:gp:mens-straight-leg-jean,Dt_14_05_2015,0,119.9
SD:gp:mens-boot-cut-jeans/SD:gp:mens-straight-leg-jean,Dt_15_05_2015,0,0
SD:gp:mens-boot-cut-jeans/SD:gp:mens-straight-leg-jean,Dt_16_05_2015,59.95,119.9
SD:gp:mens-boot-cut-jeans/SD:gp:mens-straight-leg-jean,Dt_17_05_2015,0,0
SD:gp:mens-crewneck-sweaters/SD:gp:mens-sweater-sale,Dt_24_03_2015,0,0
SD:gp:mens-crewneck-sweaters/SD:gp:mens-sweater-sale,Dt_25_03_2015,0,0
SD:gp:mens-crewneck-sweaters/SD:gp:mens-sweater-sale,Dt_26_03_2015,0,0
SD:gp:mens-crewneck-sweaters/SD:gp:mens-sweater-sale,Dt_27_03_2015,0,49.9
SD:gp:mens-crewneck-sweaters/SD:gp:mens-sweater-sale,Dt_28_03_2015,0,0
SD:gp:mens-crewneck-sweaters/SD:gp:mens-sweater-sale,Dt_29_03_2015,0,35.99
SD:gp:mens-crewneck-sweaters/SD:gp:mens-sweater-sale,Dt_30_03_2015,0,0
SD:gp:mens-crewneck-sweaters/SD:gp:mens-sweater-sale,Dt_31_03_2015,0,0
SD:gp:mens-crewneck-sweaters/SD:gp:mens-sweater-sale,Dt_01_04_2015,0,0
SD:gp:mens-crewneck-sweaters/SD:gp:mens-sweater-sale,Dt_02_04_2015,0,0
SD:gp:mens-crewneck-sweaters/SD:gp:mens-sweater-sale,Dt_03_04_2015,0,0
SD:gp:mens-crewneck-sweaters/SD:gp:mens-sweater-sale,Dt_04_04_2015,0,0
SD:gp:mens-crewneck-sweaters/SD:gp:mens-sweater-sale,Dt_05_04_2015,0,75.97
SD:gp:mens-crewneck-sweaters/SD:gp:mens-sweater-sale,Dt_06_04_2015,0,0
SD:gp:mens-crewneck-sweaters/SD:gp:mens-sweater-sale,Dt_07_04_2015,0,0
SD:gp:mens-crewneck-sweaters/SD:gp:mens-sweater-sale,Dt_08_04_2015,0,0
SD:gp:mens-crewneck-sweaters/SD:gp:mens-sweater-sale,Dt_09_04_2015,0,0
SD:gp:mens-crewneck-sweaters/SD:gp:mens-sweater-sale,Dt_10_04_2015,0,0
SD:gp:mens-crewneck-sweaters/SD:gp:mens-sweater-sale,Dt_11_04_2015,0,0
SD:gp:mens-crewneck-sweaters/SD:gp:mens-sweater-sale,Dt_12_04_2015,0,128.97
SD:gp:mens-crewneck-sweaters/SD:gp:mens-sweater-sale,Dt_13_04_2015,0,0
SD:gp:mens-crewneck-sweaters/SD:gp:mens-sweater-sale,Dt_14_04_2015,0,0
SD:gp:mens-crewneck-sweaters/SD:gp:mens-sweater-sale,Dt_15_04_2015,0,0
SD:gp:mens-crewneck-sweaters/SD:gp:mens-sweater-sale,Dt_16_04_2015,0,90.65
SD:gp:mens-crewneck-sweaters/SD:gp:mens-sweater-sale,Dt_17_04_2015,0,0
SD:gp:mens-crewneck-sweaters/SD:gp:mens-sweater-sale,Dt_18_04_2015,0,0
SD:gp:mens-crewneck-sweaters/SD:gp:mens-sweater-sale,Dt_19_04_2015,0,0
SD:gp:mens-crewneck-sweaters/SD:gp:mens-sweater-sale,Dt_20_04_2015,54.95,0
SD:gp:mens-crewneck-sweaters/SD:gp:mens-sweater-sale,Dt_21_04_2015,0,0
SD:gp:mens-crewneck-sweaters/SD:gp:mens-sweater-sale,Dt_22_04_2015,0,34.99
SD:gp:mens-crewneck-sweaters/SD:gp:mens-sweater-sale,Dt_23_04_2015,0,0
SD:gp:mens-crewneck-sweaters/SD:gp:mens-sweater-sale,Dt_24_04_2015,0,0
SD:gp:mens-crewneck-sweaters/SD:gp:mens-sweater-sale,Dt_25_04_2015,0,66.9
SD:gp:mens-crewneck-sweaters/SD:gp:mens-sweater-sale,Dt_26_04_2015,0,0
SD:gp:mens-crewneck-sweaters/SD:gp:mens-sweater-sale,Dt_27_04_2015,0,0
SD:gp:mens-crewneck-sweaters/SD:gp:mens-sweater-sale,Dt_28_04_2015,0,0
SD:gp:mens-crewneck-sweaters/SD:gp:mens-sweater-sale,Dt_29_04_2015,0,0
SD:gp:mens-crewneck-sweaters/SD:gp:mens-sweater-sale,Dt_30_04_2015,0,0
SD:gp:mens-crewneck-sweaters/SD:gp:mens-sweater-sale,Dt_01_05_2015,0,0
SD:gp:mens-crewneck-sweaters/SD:gp:mens-sweater-sale,Dt_02_05_2015,0,0
SD:gp:mens-crewneck-sweaters/SD:gp:mens-sweater-sale,Dt_03_05_2015,0,0
SD:gp:mens-crewneck-sweaters/SD:gp:mens-sweater-sale,Dt_04_05_2015,0,0
SD:gp:mens-crewneck-sweaters/SD:gp:mens-sweater-sale,Dt_05_05_2015,0,0
SD:gp:mens-crewneck-sweaters/SD:gp:mens-sweater-sale,Dt_06_05_2015,0,0
SD:gp:mens-crewneck-sweaters/SD:gp:mens-sweater-sale,Dt_07_05_2015,0,0
SD:gp:mens-crewneck-sweaters/SD:gp:mens-sweater-sale,Dt_08_05_2015,0,0
SD:gp:mens-crewneck-sweaters/SD:gp:mens-sweater-sale,Dt_09_05_2015,0,0
SD:gp:mens-crewneck-sweaters/SD:gp:mens-sweater-sale,Dt_10_05_2015,0,0
SD:gp:mens-crewneck-sweaters/SD:gp:mens-sweater-sale,Dt_11_05_2015,0,0
SD:gp:mens-crewneck-sweaters/SD:gp:mens-sweater-sale,Dt_12_05_2015,0,0
SD:gp:mens-crewneck-sweaters/SD:gp:mens-sweater-sale,Dt_13_05_2015,0,119.93
SD:gp:mens-crewneck-sweaters/SD:gp:mens-sweater-sale,Dt_14_05_2015,0,0
SD:gp:mens-crewneck-sweaters/SD:gp:mens-sweater-sale,Dt_15_05_2015,0,0
SD:gp:mens-crewneck-sweaters/SD:gp:mens-sweater-sale,Dt_16_05_2015,0,0
SD:gp:mens-crewneck-sweaters/SD:gp:mens-sweater-sale,Dt_17_05_2015,0,0
SD:gp:mens-pants/SD:gp:mens-t-shirts,Dt_24_03_2015,117.36,0
SD:gp:mens-pants/SD:gp:mens-t-shirts,Dt_25_03_2015,59.95,0
SD:gp:mens-pants/SD:gp:mens-t-shirts,Dt_26_03_2015,59.95,0
SD:gp:mens-pants/SD:gp:mens-t-shirts,Dt_27_03_2015,0,0
SD:gp:mens-pants/SD:gp:mens-t-shirts,Dt_28_03_2015,0,0
SD:gp:mens-pants/SD:gp:mens-t-shirts,Dt_29_03_2015,174.85,107.31
SD:gp:mens-pants/SD:gp:mens-t-shirts,Dt_30_03_2015,179.85,62.99
SD:gp:mens-pants/SD:gp:mens-t-shirts,Dt_31_03_2015,69.95,0
SD:gp:mens-pants/SD:gp:mens-t-shirts,Dt_01_04_2015,0,0
SD:gp:mens-pants/SD:gp:mens-t-shirts,Dt_02_04_2015,119.9,0
SD:gp:mens-pants/SD:gp:mens-t-shirts,Dt_03_04_2015,0,0
SD:gp:mens-pants/SD:gp:mens-t-shirts,Dt_04_04_2015,99.9,0
SD:gp:mens-pants/SD:gp:mens-t-shirts,Dt_05_04_2015,292.74,0
SD:gp:mens-pants/SD:gp:mens-t-shirts,Dt_06_04_2015,119.85,0
SD:gp:mens-pants/SD:gp:mens-t-shirts,Dt_07_04_2015,159.8,168.8
SD:gp:mens-pants/SD:gp:mens-t-shirts,Dt_08_04_2015,0,50.93
SD:gp:mens-pants/SD:gp:mens-t-shirts,Dt_09_04_2015,119.9,50
SD:gp:mens-pants/SD:gp:mens-t-shirts,Dt_10_04_2015,0,0
SD:gp:mens-pants/SD:gp:mens-t-shirts,Dt_11_04_2015,309.75,231.83
SD:gp:mens-pants/SD:gp:mens-t-shirts,Dt_12_04_2015,134.89,261.69
SD:gp:mens-pants/SD:gp:mens-t-shirts,Dt_13_04_2015,59.95,135.98
SD:gp:mens-pants/SD:gp:mens-t-shirts,Dt_14_04_2015,139.85,163.96
SD:gp:mens-pants/SD:gp:mens-t-shirts,Dt_15_04_2015,119.9,64.9
SD:gp:mens-pants/SD:gp:mens-t-shirts,Dt_16_04_2015,0,628.13
SD:gp:mens-pants/SD:gp:mens-t-shirts,Dt_17_04_2015,109.9,74.85
SD:gp:mens-pants/SD:gp:mens-t-shirts,Dt_18_04_2015,209.87,125
SD:gp:mens-pants/SD:gp:mens-t-shirts,Dt_19_04_2015,0,0
SD:gp:mens-pants/SD:gp:mens-t-shirts,Dt_20_04_2015,159.85,329.65
SD:gp:mens-pants/SD:gp:mens-t-shirts,Dt_21_04_2015,269.75,308.77
SD:gp:mens-pants/SD:gp:mens-t-shirts,Dt_22_04_2015,171.8,790.44
SD:gp:mens-pants/SD:gp:mens-t-shirts,Dt_23_04_2015,119.9,462.45
SD:gp:mens-pants/SD:gp:mens-t-shirts,Dt_24_04_2015,59.95,74.85
SD:gp:mens-pants/SD:gp:mens-t-shirts,Dt_25_04_2015,0,155.85
SD:gp:mens-pants/SD:gp:mens-t-shirts,Dt_26_04_2015,59.95,112.91
SD:gp:mens-pants/SD:gp:mens-t-shirts,Dt_27_04_2015,565.49,39.9
SD:gp:mens-pants/SD:gp:mens-t-shirts,Dt_28_04_2015,179.85,0
SD:gp:mens-pants/SD:gp:mens-t-shirts,Dt_29_04_2015,0,25
SD:gp:mens-pants/SD:gp:mens-t-shirts,Dt_30_04_2015,179.85,49.9
SD:gp:mens-pants/SD:gp:mens-t-shirts,Dt_01_05_2015,129.9,147.8
SD:gp:mens-pants/SD:gp:mens-t-shirts,Dt_02_05_2015,0,523.96
SD:gp:mens-pants/SD:gp:mens-t-shirts,Dt_03_05_2015,114.9,58.94
SD:gp:mens-pants/SD:gp:mens-t-shirts,Dt_04_05_2015,173.88,128.73
SD:gp:mens-pants/SD:gp:mens-t-shirts,Dt_05_05_2015,239.8,0
SD:gp:mens-pants/SD:gp:mens-t-shirts,Dt_06_05_2015,0,92.4
SD:gp:mens-pants/SD:gp:mens-t-shirts,Dt_07_05_2015,0,319.6
SD:gp:mens-pants/SD:gp:mens-t-shirts,Dt_08_05_2015,0,78.88
SD:gp:mens-pants/SD:gp:mens-t-shirts,Dt_09_05_2015,769.33,100.88
SD:gp:mens-pants/SD:gp:mens-t-shirts,Dt_10_05_2015,187.88,360.15
SD:gp:mens-pants/SD:gp:mens-t-shirts,Dt_11_05_2015,87.98,0
SD:gp:mens-pants/SD:gp:mens-t-shirts,Dt_12_05_2015,69.95,212.07
SD:gp:mens-pants/SD:gp:mens-t-shirts,Dt_13_05_2015,119.9,0
SD:gp:mens-pants/SD:gp:mens-t-shirts,Dt_14_05_2015,800.37,124.85
SD:gp:mens-pants/SD:gp:mens-t-shirts,Dt_15_05_2015,330.65,136.82
SD:gp:mens-pants/SD:gp:mens-t-shirts,Dt_16_05_2015,329.75,89.9
SD:gp:mens-pants/SD:gp:mens-t-shirts,Dt_17_05_2015,359.7,167.42
SD:gp:mens-pique-polo-shirts/SD:gp:mens-briefs,Dt_24_03_2015,0,0
SD:gp:mens-pique-polo-shirts/SD:gp:mens-briefs,Dt_25_03_2015,0,0
SD:gp:mens-pique-polo-shirts/SD:gp:mens-briefs,Dt_26_03_2015,0,0
SD:gp:mens-pique-polo-shirts/SD:gp:mens-briefs,Dt_27_03_2015,0,51.8
SD:gp:mens-pique-polo-shirts/SD:gp:mens-briefs,Dt_28_03_2015,0,0
SD:gp:mens-pique-polo-shirts/SD:gp:mens-briefs,Dt_29_03_2015,0,59.8
SD:gp:mens-pique-polo-shirts/SD:gp:mens-briefs,Dt_30_03_2015,0,0
SD:gp:mens-pique-polo-shirts/SD:gp:mens-briefs,Dt_31_03_2015,0,0
SD:gp:mens-pique-polo-shirts/SD:gp:mens-briefs,Dt_01_04_2015,0,0
SD:gp:mens-pique-polo-shirts/SD:gp:mens-briefs,Dt_02_04_2015,0,0
SD:gp:mens-pique-polo-shirts/SD:gp:mens-briefs,Dt_03_04_2015,0,0
SD:gp:mens-pique-polo-shirts/SD:gp:mens-briefs,Dt_04_04_2015,0,0
SD:gp:mens-pique-polo-shirts/SD:gp:mens-briefs,Dt_05_04_2015,29.95,0
SD:gp:mens-pique-polo-shirts/SD:gp:mens-briefs,Dt_06_04_2015,119.85,0
SD:gp:mens-pique-polo-shirts/SD:gp:mens-briefs,Dt_07_04_2015,0,0
SD:gp:mens-pique-polo-shirts/SD:gp:mens-briefs,Dt_08_04_2015,0,0
SD:gp:mens-pique-polo-shirts/SD:gp:mens-briefs,Dt_09_04_2015,0,0
SD:gp:mens-pique-polo-shirts/SD:gp:mens-briefs,Dt_10_04_2015,0,0
SD:gp:mens-pique-polo-shirts/SD:gp:mens-briefs,Dt_11_04_2015,0,0
SD:gp:mens-pique-polo-shirts/SD:gp:mens-briefs,Dt_12_04_2015,0,0
SD:gp:mens-pique-polo-shirts/SD:gp:mens-briefs,Dt_13_04_2015,0,0
SD:gp:mens-pique-polo-shirts/SD:gp:mens-briefs,Dt_14_04_2015,0,0
SD:gp:mens-pique-polo-shirts/SD:gp:mens-briefs,Dt_15_04_2015,0,0
SD:gp:mens-pique-polo-shirts/SD:gp:mens-briefs,Dt_16_04_2015,0,0
SD:gp:mens-pique-polo-shirts/SD:gp:mens-briefs,Dt_17_04_2015,0,0
SD:gp:mens-pique-polo-shirts/SD:gp:mens-briefs,Dt_18_04_2015,0,0
SD:gp:mens-pique-polo-shirts/SD:gp:mens-briefs,Dt_19_04_2015,0,87.79
SD:gp:mens-pique-polo-shirts/SD:gp:mens-briefs,Dt_20_04_2015,0,0
SD:gp:mens-pique-polo-shirts/SD:gp:mens-briefs,Dt_21_04_2015,0,0
SD:gp:mens-pique-polo-shirts/SD:gp:mens-briefs,Dt_22_04_2015,0,0
SD:gp:mens-pique-polo-shirts/SD:gp:mens-briefs,Dt_23_04_2015,0,0
SD:gp:mens-pique-polo-shirts/SD:gp:mens-briefs,Dt_24_04_2015,0,0
SD:gp:mens-pique-polo-shirts/SD:gp:mens-briefs,Dt_25_04_2015,0,0
SD:gp:mens-pique-polo-shirts/SD:gp:mens-briefs,Dt_26_04_2015,191.87,97.7
SD:gp:mens-pique-polo-shirts/SD:gp:mens-briefs,Dt_27_04_2015,0,0
SD:gp:mens-pique-polo-shirts/SD:gp:mens-briefs,Dt_28_04_2015,0,0
SD:gp:mens-pique-polo-shirts/SD:gp:mens-briefs,Dt_29_04_2015,0,0
SD:gp:mens-pique-polo-shirts/SD:gp:mens-briefs,Dt_30_04_2015,0,0
SD:gp:mens-pique-polo-shirts/SD:gp:mens-briefs,Dt_01_05_2015,0,0
SD:gp:mens-pique-polo-shirts/SD:gp:mens-briefs,Dt_02_05_2015,0,0
SD:gp:mens-pique-polo-shirts/SD:gp:mens-briefs,Dt_03_05_2015,0,0
SD:gp:mens-pique-polo-shirts/SD:gp:mens-briefs,Dt_04_05_2015,0,0
SD:gp:mens-pique-polo-shirts/SD:gp:mens-briefs,Dt_05_05_2015,0,0
SD:gp:mens-pique-polo-shirts/SD:gp:mens-briefs,Dt_06_05_2015,0,0
SD:gp:mens-pique-polo-shirts/SD:gp:mens-briefs,Dt_07_05_2015,0,0
SD:gp:mens-pique-polo-shirts/SD:gp:mens-briefs,Dt_08_05_2015,0,0
SD:gp:mens-pique-polo-shirts/SD:gp:mens-briefs,Dt_09_05_2015,0,0
SD:gp:mens-pique-polo-shirts/SD:gp:mens-briefs,Dt_10_05_2015,0,0
SD:gp:mens-pique-polo-shirts/SD:gp:mens-briefs,Dt_11_05_2015,0,0
SD:gp:mens-pique-polo-shirts/SD:gp:mens-briefs,Dt_12_05_2015,0,0
SD:gp:mens-pique-polo-shirts/SD:gp:mens-briefs,Dt_13_05_2015,0,59.35
SD:gp:mens-pique-polo-shirts/SD:gp:mens-briefs,Dt_14_05_2015,0,0
SD:gp:mens-pique-polo-shirts/SD:gp:mens-briefs,Dt_15_05_2015,0,0
SD:gp:mens-pique-polo-shirts/SD:gp:mens-briefs,Dt_16_05_2015,0,0
SD:gp:mens-pique-polo-shirts/SD:gp:mens-briefs,Dt_17_05_2015,0,74.85
SD:gp:mens-polo-shirts/SD:gp:slim-khakis-men-C80811,Dt_24_03_2015,0,179.85
SD:gp:mens-polo-shirts/SD:gp:slim-khakis-men-C80811,Dt_25_03_2015,0,145.8
SD:gp:mens-polo-shirts/SD:gp:slim-khakis-men-C80811,Dt_26_03_2015,0,119.9
SD:gp:mens-polo-shirts/SD:gp:slim-khakis-men-C80811,Dt_27_03_2015,0,114.9
SD:gp:mens-polo-shirts/SD:gp:slim-khakis-men-C80811,Dt_28_03_2015,340.77,0
SD:gp:mens-polo-shirts/SD:gp:slim-khakis-men-C80811,Dt_29_03_2015,0,179.85
SD:gp:mens-polo-shirts/SD:gp:slim-khakis-men-C80811,Dt_30_03_2015,92.85,59.95
SD:gp:mens-polo-shirts/SD:gp:slim-khakis-men-C80811,Dt_31_03_2015,0,364.7
SD:gp:mens-polo-shirts/SD:gp:slim-khakis-men-C80811,Dt_01_04_2015,29.95,39.95
SD:gp:mens-polo-shirts/SD:gp:slim-khakis-men-C80811,Dt_02_04_2015,65.9,0
SD:gp:mens-polo-shirts/SD:gp:slim-khakis-men-C80811,Dt_03_04_2015,0,199.8
SD:gp:mens-polo-shirts/SD:gp:slim-khakis-men-C80811,Dt_04_04_2015,119.8,0
SD:gp:mens-polo-shirts/SD:gp:slim-khakis-men-C80811,Dt_05_04_2015,0,199.8
SD:gp:mens-polo-shirts/SD:gp:slim-khakis-men-C80811,Dt_06_04_2015,119.85,199.8
SD:gp:mens-polo-shirts/SD:gp:slim-khakis-men-C80811,Dt_07_04_2015,0,299.75
SD:gp:mens-polo-shirts/SD:gp:slim-khakis-men-C80811,Dt_08_04_2015,0,0
SD:gp:mens-polo-shirts/SD:gp:slim-khakis-men-C80811,Dt_09_04_2015,0,119.9
SD:gp:mens-polo-shirts/SD:gp:slim-khakis-men-C80811,Dt_10_04_2015,0,359.7
SD:gp:mens-polo-shirts/SD:gp:slim-khakis-men-C80811,Dt_11_04_2015,185.7,0
SD:gp:mens-polo-shirts/SD:gp:slim-khakis-men-C80811,Dt_12_04_2015,0,133.89
SD:gp:mens-polo-shirts/SD:gp:slim-khakis-men-C80811,Dt_13_04_2015,0,139.85
SD:gp:mens-polo-shirts/SD:gp:slim-khakis-men-C80811,Dt_14_04_2015,0,59.95
SD:gp:mens-polo-shirts/SD:gp:slim-khakis-men-C80811,Dt_15_04_2015,0,0
SD:gp:mens-polo-shirts/SD:gp:slim-khakis-men-C80811,Dt_16_04_2015,0,0
SD:gp:mens-polo-shirts/SD:gp:slim-khakis-men-C80811,Dt_17_04_2015,125.8,299.7
SD:gp:mens-polo-shirts/SD:gp:slim-khakis-men-C80811,Dt_18_04_2015,0,0
SD:gp:mens-polo-shirts/SD:gp:slim-khakis-men-C80811,Dt_19_04_2015,65.9,179.85
SD:gp:mens-polo-shirts/SD:gp:slim-khakis-men-C80811,Dt_20_04_2015,89.85,119.9
SD:gp:mens-polo-shirts/SD:gp:slim-khakis-men-C80811,Dt_21_04_2015,0,299.75
SD:gp:mens-polo-shirts/SD:gp:slim-khakis-men-C80811,Dt_22_04_2015,185.76,83.94
SD:gp:mens-polo-shirts/SD:gp:slim-khakis-men-C80811,Dt_23_04_2015,32.95,139.85
SD:gp:mens-polo-shirts/SD:gp:slim-khakis-men-C80811,Dt_24_04_2015,0,0
SD:gp:mens-polo-shirts/SD:gp:slim-khakis-men-C80811,Dt_25_04_2015,0,0
SD:gp:mens-polo-shirts/SD:gp:slim-khakis-men-C80811,Dt_26_04_2015,0,149.85
SD:gp:mens-polo-shirts/SD:gp:slim-khakis-men-C80811,Dt_27_04_2015,287.64,59.95
SD:gp:mens-polo-shirts/SD:gp:slim-khakis-men-C80811,Dt_28_04_2015,0,109.9
SD:gp:mens-polo-shirts/SD:gp:slim-khakis-men-C80811,Dt_29_04_2015,0,213.85
SD:gp:mens-polo-shirts/SD:gp:slim-khakis-men-C80811,Dt_30_04_2015,164.88,0
SD:gp:mens-polo-shirts/SD:gp:slim-khakis-men-C80811,Dt_01_05_2015,0,0
SD:gp:mens-polo-shirts/SD:gp:slim-khakis-men-C80811,Dt_02_05_2015,33.9,563.29
SD:gp:mens-polo-shirts/SD:gp:slim-khakis-men-C80811,Dt_03_05_2015,0,59.98
SD:gp:mens-polo-shirts/SD:gp:slim-khakis-men-C80811,Dt_04_05_2015,62.9,0
SD:gp:mens-polo-shirts/SD:gp:slim-khakis-men-C80811,Dt_05_05_2015,52.95,299.75
SD:gp:mens-polo-shirts/SD:gp:slim-khakis-men-C80811,Dt_06_05_2015,0,279.75
SD:gp:mens-polo-shirts/SD:gp:slim-khakis-men-C80811,Dt_07_05_2015,0,0
SD:gp:mens-polo-shirts/SD:gp:slim-khakis-men-C80811,Dt_08_05_2015,0,57.99
SD:gp:mens-polo-shirts/SD:gp:slim-khakis-men-C80811,Dt_09_05_2015,53.96,294.7
SD:gp:mens-polo-shirts/SD:gp:slim-khakis-men-C80811,Dt_10_05_2015,192.7,59.95
SD:gp:mens-polo-shirts/SD:gp:slim-khakis-men-C80811,Dt_11_05_2015,182.84,66.33
SD:gp:mens-polo-shirts/SD:gp:slim-khakis-men-C80811,Dt_12_05_2015,0,59.95
SD:gp:mens-polo-shirts/SD:gp:slim-khakis-men-C80811,Dt_13_05_2015,59.9,0
SD:gp:mens-polo-shirts/SD:gp:slim-khakis-men-C80811,Dt_14_05_2015,58.44,0
SD:gp:mens-polo-shirts/SD:gp:slim-khakis-men-C80811,Dt_15_05_2015,89.85,0
SD:gp:mens-polo-shirts/SD:gp:slim-khakis-men-C80811,Dt_16_05_2015,106.82,216.37
SD:gp:mens-polo-shirts/SD:gp:slim-khakis-men-C80811,Dt_17_05_2015,59.9,119.9
SD:gp:mens-skinny-jeans/SD:gp:shorts-for-men,Dt_24_03_2015,125.97,438.4
SD:gp:mens-skinny-jeans/SD:gp:shorts-for-men,Dt_25_03_2015,0,0
SD:gp:mens-skinny-jeans/SD:gp:shorts-for-men,Dt_26_03_2015,0,164.83
SD:gp:mens-skinny-jeans/SD:gp:shorts-for-men,Dt_27_03_2015,0,0
SD:gp:mens-skinny-jeans/SD:gp:shorts-for-men,Dt_28_03_2015,0,267.9
SD:gp:mens-skinny-jeans/SD:gp:shorts-for-men,Dt_29_03_2015,0,319.55
SD:gp:mens-skinny-jeans/SD:gp:shorts-for-men,Dt_30_03_2015,177.95,0
SD:gp:mens-skinny-jeans/SD:gp:shorts-for-men,Dt_31_03_2015,0,156.75
SD:gp:mens-skinny-jeans/SD:gp:shorts-for-men,Dt_01_04_2015,0,0
SD:gp:mens-skinny-jeans/SD:gp:shorts-for-men,Dt_02_04_2015,69.95,349.6
SD:gp:mens-skinny-jeans/SD:gp:shorts-for-men,Dt_03_04_2015,0,0
SD:gp:mens-skinny-jeans/SD:gp:shorts-for-men,Dt_04_04_2015,0,39.95
SD:gp:mens-skinny-jeans/SD:gp:shorts-for-men,Dt_05_04_2015,0,0
SD:gp:mens-skinny-jeans/SD:gp:shorts-for-men,Dt_06_04_2015,0,234.75
SD:gp:mens-skinny-jeans/SD:gp:shorts-for-men,Dt_07_04_2015,0,439.45
SD:gp:mens-skinny-jeans/SD:gp:shorts-for-men,Dt_08_04_2015,0,0
SD:gp:mens-skinny-jeans/SD:gp:shorts-for-men,Dt_09_04_2015,0,131.8
SD:gp:mens-skinny-jeans/SD:gp:shorts-for-men,Dt_10_04_2015,0,0
SD:gp:mens-skinny-jeans/SD:gp:shorts-for-men,Dt_11_04_2015,59.95,44.95
SD:gp:mens-skinny-jeans/SD:gp:shorts-for-men,Dt_12_04_2015,0,0
SD:gp:mens-skinny-jeans/SD:gp:shorts-for-men,Dt_13_04_2015,0,539.45
SD:gp:mens-skinny-jeans/SD:gp:shorts-for-men,Dt_14_04_2015,0,0
SD:gp:mens-skinny-jeans/SD:gp:shorts-for-men,Dt_15_04_2015,0,176.87
SD:gp:mens-skinny-jeans/SD:gp:shorts-for-men,Dt_16_04_2015,59.95,39.95
SD:gp:mens-skinny-jeans/SD:gp:shorts-for-men,Dt_17_04_2015,0,406.54
SD:gp:mens-skinny-jeans/SD:gp:shorts-for-men,Dt_18_04_2015,0,234.7
SD:gp:mens-skinny-jeans/SD:gp:shorts-for-men,Dt_19_04_2015,0,419.5
SD:gp:mens-skinny-jeans/SD:gp:shorts-for-men,Dt_20_04_2015,0,220.79
SD:gp:mens-skinny-jeans/SD:gp:shorts-for-men,Dt_21_04_2015,0,179.8
SD:gp:mens-skinny-jeans/SD:gp:shorts-for-men,Dt_22_04_2015,0,0
SD:gp:mens-skinny-jeans/SD:gp:shorts-for-men,Dt_23_04_2015,0,0
SD:gp:mens-skinny-jeans/SD:gp:shorts-for-men,Dt_24_04_2015,0,72.96
SD:gp:mens-skinny-jeans/SD:gp:shorts-for-men,Dt_25_04_2015,59.95,124.85
SD:gp:mens-skinny-jeans/SD:gp:shorts-for-men,Dt_26_04_2015,0,437.4
SD:gp:mens-skinny-jeans/SD:gp:shorts-for-men,Dt_27_04_2015,69.95,334.6
SD:gp:mens-skinny-jeans/SD:gp:shorts-for-men,Dt_28_04_2015,0,44.95
SD:gp:mens-skinny-jeans/SD:gp:shorts-for-men,Dt_29_04_2015,94.98,79.9
SD:gp:mens-skinny-jeans/SD:gp:shorts-for-men,Dt_30_04_2015,0,379.55
SD:gp:mens-skinny-jeans/SD:gp:shorts-for-men,Dt_01_05_2015,0,0
SD:gp:mens-skinny-jeans/SD:gp:shorts-for-men,Dt_02_05_2015,0,60
SD:gp:mens-skinny-jeans/SD:gp:shorts-for-men,Dt_03_05_2015,0,219.75
SD:gp:mens-skinny-jeans/SD:gp:shorts-for-men,Dt_04_05_2015,139.9,273.74
SD:gp:mens-skinny-jeans/SD:gp:shorts-for-men,Dt_05_05_2015,0,44.95
SD:gp:mens-skinny-jeans/SD:gp:shorts-for-men,Dt_06_05_2015,0,333.55
SD:gp:mens-skinny-jeans/SD:gp:shorts-for-men,Dt_07_05_2015,0,31.99
SD:gp:mens-skinny-jeans/SD:gp:shorts-for-men,Dt_08_05_2015,0,50.97
SD:gp:mens-skinny-jeans/SD:gp:shorts-for-men,Dt_09_05_2015,179.85,141.87
SD:gp:mens-skinny-jeans/SD:gp:shorts-for-men,Dt_10_05_2015,0,768.14
SD:gp:mens-skinny-jeans/SD:gp:shorts-for-men,Dt_11_05_2015,0,679.83
SD:gp:mens-skinny-jeans/SD:gp:shorts-for-men,Dt_12_05_2015,0,363.59
SD:gp:mens-skinny-jeans/SD:gp:shorts-for-men,Dt_13_05_2015,0,106.89
SD:gp:mens-skinny-jeans/SD:gp:shorts-for-men,Dt_14_05_2015,0,179.8
SD:gp:mens-skinny-jeans/SD:gp:shorts-for-men,Dt_15_05_2015,0,204.75
SD:gp:mens-skinny-jeans/SD:gp:shorts-for-men,Dt_16_05_2015,279.8,0
SD:gp:mens-skinny-jeans/SD:gp:shorts-for-men,Dt_17_05_2015,0,481.45
SD:gp:mens-socks/SD:gp:boxer-briefs,Dt_24_03_2015,0,103.6
SD:gp:mens-socks/SD:gp:boxer-briefs,Dt_25_03_2015,36,0
SD:gp:mens-socks/SD:gp:boxer-briefs,Dt_26_03_2015,0,0
SD:gp:mens-socks/SD:gp:boxer-briefs,Dt_27_03_2015,0,51.8
SD:gp:mens-socks/SD:gp:boxer-briefs,Dt_28_03_2015,86.91,0
SD:gp:mens-socks/SD:gp:boxer-briefs,Dt_29_03_2015,0,0
SD:gp:mens-socks/SD:gp:boxer-briefs,Dt_30_03_2015,0,0
SD:gp:mens-socks/SD:gp:boxer-briefs,Dt_31_03_2015,0,64.75
SD:gp:mens-socks/SD:gp:boxer-briefs,Dt_01_04_2015,0,0
SD:gp:mens-socks/SD:gp:boxer-briefs,Dt_02_04_2015,0,0
SD:gp:mens-socks/SD:gp:boxer-briefs,Dt_03_04_2015,0,0
SD:gp:mens-socks/SD:gp:boxer-briefs,Dt_04_04_2015,36,64.75
SD:gp:mens-socks/SD:gp:boxer-briefs,Dt_05_04_2015,0,19.95
SD:gp:mens-socks/SD:gp:boxer-briefs,Dt_06_04_2015,0,0
SD:gp:mens-socks/SD:gp:boxer-briefs,Dt_07_04_2015,0,0
SD:gp:mens-socks/SD:gp:boxer-briefs,Dt_08_04_2015,0,58.83
SD:gp:mens-socks/SD:gp:boxer-briefs,Dt_09_04_2015,49.95,51.8
SD:gp:mens-socks/SD:gp:boxer-briefs,Dt_10_04_2015,0,0
SD:gp:mens-socks/SD:gp:boxer-briefs,Dt_11_04_2015,0,0
SD:gp:mens-socks/SD:gp:boxer-briefs,Dt_12_04_2015,0,0
SD:gp:mens-socks/SD:gp:boxer-briefs,Dt_13_04_2015,0,0
SD:gp:mens-socks/SD:gp:boxer-briefs,Dt_14_04_2015,36,24.5
SD:gp:mens-socks/SD:gp:boxer-briefs,Dt_15_04_2015,0,0
SD:gp:mens-socks/SD:gp:boxer-briefs,Dt_16_04_2015,97.93,0
SD:gp:mens-socks/SD:gp:boxer-briefs,Dt_17_04_2015,0,0
SD:gp:mens-socks/SD:gp:boxer-briefs,Dt_18_04_2015,65.99,0
SD:gp:mens-socks/SD:gp:boxer-briefs,Dt_19_04_2015,41.97,0
SD:gp:mens-socks/SD:gp:boxer-briefs,Dt_20_04_2015,0,95.85
SD:gp:mens-socks/SD:gp:boxer-briefs,Dt_21_04_2015,0,0
SD:gp:mens-socks/SD:gp:boxer-briefs,Dt_22_04_2015,83.9,0
SD:gp:mens-socks/SD:gp:boxer-briefs,Dt_23_04_2015,0,0
SD:gp:mens-socks/SD:gp:boxer-briefs,Dt_24_04_2015,0,0
SD:gp:mens-socks/SD:gp:boxer-briefs,Dt_25_04_2015,0,0
SD:gp:mens-socks/SD:gp:boxer-briefs,Dt_26_04_2015,0,0
SD:gp:mens-socks/SD:gp:boxer-briefs,Dt_27_04_2015,0,0
SD:gp:mens-socks/SD:gp:boxer-briefs,Dt_28_04_2015,0,0
SD:gp:mens-socks/SD:gp:boxer-briefs,Dt_29_04_2015,0,0
SD:gp:mens-socks/SD:gp:boxer-briefs,Dt_30_04_2015,0,0
SD:gp:mens-socks/SD:gp:boxer-briefs,Dt_01_05_2015,50,64.75
SD:gp:mens-socks/SD:gp:boxer-briefs,Dt_02_05_2015,0,0
SD:gp:mens-socks/SD:gp:boxer-briefs,Dt_03_05_2015,0,0
SD:gp:mens-socks/SD:gp:boxer-briefs,Dt_04_05_2015,0,0
SD:gp:mens-socks/SD:gp:boxer-briefs,Dt_05_05_2015,52.95,0
SD:gp:mens-socks/SD:gp:boxer-briefs,Dt_06_05_2015,0,0
SD:gp:mens-socks/SD:gp:boxer-briefs,Dt_07_05_2015,23.8,51.8
SD:gp:mens-socks/SD:gp:boxer-briefs,Dt_08_05_2015,0,0
SD:gp:mens-socks/SD:gp:boxer-briefs,Dt_09_05_2015,0,0
SD:gp:mens-socks/SD:gp:boxer-briefs,Dt_10_05_2015,159.65,0
SD:gp:mens-socks/SD:gp:boxer-briefs,Dt_11_05_2015,55.7,0
SD:gp:mens-socks/SD:gp:boxer-briefs,Dt_12_05_2015,0,0
SD:gp:mens-socks/SD:gp:boxer-briefs,Dt_13_05_2015,0,0
SD:gp:mens-socks/SD:gp:boxer-briefs,Dt_14_05_2015,0,0
SD:gp:mens-socks/SD:gp:boxer-briefs,Dt_15_05_2015,0,0
SD:gp:mens-socks/SD:gp:boxer-briefs,Dt_16_05_2015,0,30.96
SD:gp:mens-socks/SD:gp:boxer-briefs,Dt_17_05_2015,0,84.25
SD:gp:mens-sweatshirts/SD:gp:mens-short-sleeve-shirts,Dt_24_03_2015,0,0
SD:gp:mens-sweatshirts/SD:gp:mens-short-sleeve-shirts,Dt_25_03_2015,0,0
SD:gp:mens-sweatshirts/SD:gp:mens-short-sleeve-shirts,Dt_26_03_2015,0,0
SD:gp:mens-sweatshirts/SD:gp:mens-short-sleeve-shirts,Dt_27_03_2015,0,0
SD:gp:mens-sweatshirts/SD:gp:mens-short-sleeve-shirts,Dt_28_03_2015,0,0
SD:gp:mens-sweatshirts/SD:gp:mens-short-sleeve-shirts,Dt_29_03_2015,0,0
SD:gp:mens-sweatshirts/SD:gp:mens-short-sleeve-shirts,Dt_30_03_2015,0,0
SD:gp:mens-sweatshirts/SD:gp:mens-short-sleeve-shirts,Dt_31_03_2015,0,0
SD:gp:mens-sweatshirts/SD:gp:mens-short-sleeve-shirts,Dt_01_04_2015,0,0
SD:gp:mens-sweatshirts/SD:gp:mens-short-sleeve-shirts,Dt_02_04_2015,0,0
SD:gp:mens-sweatshirts/SD:gp:mens-short-sleeve-shirts,Dt_03_04_2015,0,0
SD:gp:mens-sweatshirts/SD:gp:mens-short-sleeve-shirts,Dt_04_04_2015,0,0
SD:gp:mens-sweatshirts/SD:gp:mens-short-sleeve-shirts,Dt_05_04_2015,0,0
SD:gp:mens-sweatshirts/SD:gp:mens-short-sleeve-shirts,Dt_06_04_2015,0,0
SD:gp:mens-sweatshirts/SD:gp:mens-short-sleeve-shirts,Dt_07_04_2015,0,0
SD:gp:mens-sweatshirts/SD:gp:mens-short-sleeve-shirts,Dt_08_04_2015,0,0
SD:gp:mens-sweatshirts/SD:gp:mens-short-sleeve-shirts,Dt_09_04_2015,0,0
SD:gp:mens-sweatshirts/SD:gp:mens-short-sleeve-shirts,Dt_10_04_2015,0,79.9
SD:gp:mens-sweatshirts/SD:gp:mens-short-sleeve-shirts,Dt_11_04_2015,0,0
SD:gp:mens-sweatshirts/SD:gp:mens-short-sleeve-shirts,Dt_12_04_2015,0,0
SD:gp:mens-sweatshirts/SD:gp:mens-short-sleeve-shirts,Dt_13_04_2015,120.95,0
SD:gp:mens-sweatshirts/SD:gp:mens-short-sleeve-shirts,Dt_14_04_2015,0,0
SD:gp:mens-sweatshirts/SD:gp:mens-short-sleeve-shirts,Dt_15_04_2015,124.95,0
SD:gp:mens-sweatshirts/SD:gp:mens-short-sleeve-shirts,Dt_16_04_2015,44.95,0
SD:gp:mens-sweatshirts/SD:gp:mens-short-sleeve-shirts,Dt_17_04_2015,0,0
SD:gp:mens-sweatshirts/SD:gp:mens-short-sleeve-shirts,Dt_18_04_2015,0,139.85
SD:gp:mens-sweatshirts/SD:gp:mens-short-sleeve-shirts,Dt_19_04_2015,0,0
SD:gp:mens-sweatshirts/SD:gp:mens-short-sleeve-shirts,Dt_20_04_2015,0,0
SD:gp:mens-sweatshirts/SD:gp:mens-short-sleeve-shirts,Dt_21_04_2015,0,0
SD:gp:mens-sweatshirts/SD:gp:mens-short-sleeve-shirts,Dt_22_04_2015,0,0
SD:gp:mens-sweatshirts/SD:gp:mens-short-sleeve-shirts,Dt_23_04_2015,0,0
SD:gp:mens-sweatshirts/SD:gp:mens-short-sleeve-shirts,Dt_24_04_2015,0,0
SD:gp:mens-sweatshirts/SD:gp:mens-short-sleeve-shirts,Dt_25_04_2015,0,0
SD:gp:mens-sweatshirts/SD:gp:mens-short-sleeve-shirts,Dt_26_04_2015,0,0
SD:gp:mens-sweatshirts/SD:gp:mens-short-sleeve-shirts,Dt_27_04_2015,0,0
SD:gp:mens-sweatshirts/SD:gp:mens-short-sleeve-shirts,Dt_28_04_2015,0,0
SD:gp:mens-sweatshirts/SD:gp:mens-short-sleeve-shirts,Dt_29_04_2015,0,180.94
SD:gp:mens-sweatshirts/SD:gp:mens-short-sleeve-shirts,Dt_30_04_2015,0,0
SD:gp:mens-sweatshirts/SD:gp:mens-short-sleeve-shirts,Dt_01_05_2015,0,0
SD:gp:mens-sweatshirts/SD:gp:mens-short-sleeve-shirts,Dt_02_05_2015,0,0
SD:gp:mens-sweatshirts/SD:gp:mens-short-sleeve-shirts,Dt_03_05_2015,0,0
SD:gp:mens-sweatshirts/SD:gp:mens-short-sleeve-shirts,Dt_04_05_2015,0,0
SD:gp:mens-sweatshirts/SD:gp:mens-short-sleeve-shirts,Dt_05_05_2015,54.95,0
SD:gp:mens-sweatshirts/SD:gp:mens-short-sleeve-shirts,Dt_06_05_2015,0,0
SD:gp:mens-sweatshirts/SD:gp:mens-short-sleeve-shirts,Dt_07_05_2015,0,0
SD:gp:mens-sweatshirts/SD:gp:mens-short-sleeve-shirts,Dt_08_05_2015,239.6,0
SD:gp:mens-sweatshirts/SD:gp:mens-short-sleeve-shirts,Dt_09_05_2015,0,0
SD:gp:mens-sweatshirts/SD:gp:mens-short-sleeve-shirts,Dt_10_05_2015,39.98,0
SD:gp:mens-sweatshirts/SD:gp:mens-short-sleeve-shirts,Dt_11_05_2015,0,249.7
SD:gp:mens-sweatshirts/SD:gp:mens-short-sleeve-shirts,Dt_12_05_2015,51.96,0
SD:gp:mens-sweatshirts/SD:gp:mens-short-sleeve-shirts,Dt_13_05_2015,0,0
SD:gp:mens-sweatshirts/SD:gp:mens-short-sleeve-shirts,Dt_14_05_2015,79.94,0
SD:gp:mens-sweatshirts/SD:gp:mens-short-sleeve-shirts,Dt_15_05_2015,0,0
SD:gp:mens-sweatshirts/SD:gp:mens-short-sleeve-shirts,Dt_16_05_2015,0,0
SD:gp:mens-sweatshirts/SD:gp:mens-short-sleeve-shirts,Dt_17_05_2015,0,0
SD:gp:relaxed-fit-pants-for-men/SD:gp:straight-leg-pan,Dt_24_03_2015,0,54.95
SD:gp:relaxed-fit-pants-for-men/SD:gp:straight-leg-pan,Dt_25_03_2015,0,59.95
SD:gp:relaxed-fit-pants-for-men/SD:gp:straight-leg-pan,Dt_26_03_2015,0,0
SD:gp:relaxed-fit-pants-for-men/SD:gp:straight-leg-pan,Dt_27_03_2015,59.95,0
SD:gp:relaxed-fit-pants-for-men/SD:gp:straight-leg-pan,Dt_28_03_2015,0,0
SD:gp:relaxed-fit-pants-for-men/SD:gp:straight-leg-pan,Dt_29_03_2015,0,0
SD:gp:relaxed-fit-pants-for-men/SD:gp:straight-leg-pan,Dt_30_03_2015,0,0
SD:gp:relaxed-fit-pants-for-men/SD:gp:straight-leg-pan,Dt_31_03_2015,0,0
SD:gp:relaxed-fit-pants-for-men/SD:gp:straight-leg-pan,Dt_01_04_2015,0,0
SD:gp:relaxed-fit-pants-for-men/SD:gp:straight-leg-pan,Dt_02_04_2015,0,0
SD:gp:relaxed-fit-pants-for-men/SD:gp:straight-leg-pan,Dt_03_04_2015,0,0
SD:gp:relaxed-fit-pants-for-men/SD:gp:straight-leg-pan,Dt_04_04_2015,59.95,0
SD:gp:relaxed-fit-pants-for-men/SD:gp:straight-leg-pan,Dt_05_04_2015,0,83.94
SD:gp:relaxed-fit-pants-for-men/SD:gp:straight-leg-pan,Dt_06_04_2015,0,0
SD:gp:relaxed-fit-pants-for-men/SD:gp:straight-leg-pan,Dt_07_04_2015,0,0
SD:gp:relaxed-fit-pants-for-men/SD:gp:straight-leg-pan,Dt_08_04_2015,0,0
SD:gp:relaxed-fit-pants-for-men/SD:gp:straight-leg-pan,Dt_09_04_2015,0,0
SD:gp:relaxed-fit-pants-for-men/SD:gp:straight-leg-pan,Dt_10_04_2015,0,0
SD:gp:relaxed-fit-pants-for-men/SD:gp:straight-leg-pan,Dt_11_04_2015,0,0
SD:gp:relaxed-fit-pants-for-men/SD:gp:straight-leg-pan,Dt_12_04_2015,0,0
SD:gp:relaxed-fit-pants-for-men/SD:gp:straight-leg-pan,Dt_13_04_2015,0,0
SD:gp:relaxed-fit-pants-for-men/SD:gp:straight-leg-pan,Dt_14_04_2015,0,0
SD:gp:relaxed-fit-pants-for-men/SD:gp:straight-leg-pan,Dt_15_04_2015,79.9,0
SD:gp:relaxed-fit-pants-for-men/SD:gp:straight-leg-pan,Dt_16_04_2015,0,0
SD:gp:relaxed-fit-pants-for-men/SD:gp:straight-leg-pan,Dt_17_04_2015,0,0
SD:gp:relaxed-fit-pants-for-men/SD:gp:straight-leg-pan,Dt_18_04_2015,0,0
SD:gp:relaxed-fit-pants-for-men/SD:gp:straight-leg-pan,Dt_19_04_2015,119.9,0
SD:gp:relaxed-fit-pants-for-men/SD:gp:straight-leg-pan,Dt_20_04_2015,0,0
SD:gp:relaxed-fit-pants-for-men/SD:gp:straight-leg-pan,Dt_21_04_2015,0,0
SD:gp:relaxed-fit-pants-for-men/SD:gp:straight-leg-pan,Dt_22_04_2015,119.9,171.8
SD:gp:relaxed-fit-pants-for-men/SD:gp:straight-leg-pan,Dt_23_04_2015,0,0
SD:gp:relaxed-fit-pants-for-men/SD:gp:straight-leg-pan,Dt_24_04_2015,0,0
SD:gp:relaxed-fit-pants-for-men/SD:gp:straight-leg-pan,Dt_25_04_2015,0,119.9
SD:gp:relaxed-fit-pants-for-men/SD:gp:straight-leg-pan,Dt_26_04_2015,0,0
SD:gp:relaxed-fit-pants-for-men/SD:gp:straight-leg-pan,Dt_27_04_2015,239.8,0
SD:gp:relaxed-fit-pants-for-men/SD:gp:straight-leg-pan,Dt_28_04_2015,0,0
SD:gp:relaxed-fit-pants-for-men/SD:gp:straight-leg-pan,Dt_29_04_2015,191.79,0
SD:gp:relaxed-fit-pants-for-men/SD:gp:straight-leg-pan,Dt_30_04_2015,0,0
SD:gp:relaxed-fit-pants-for-men/SD:gp:straight-leg-pan,Dt_01_05_2015,0,0
SD:gp:relaxed-fit-pants-for-men/SD:gp:straight-leg-pan,Dt_02_05_2015,0,0
SD:gp:relaxed-fit-pants-for-men/SD:gp:straight-leg-pan,Dt_03_05_2015,0,0
SD:gp:relaxed-fit-pants-for-men/SD:gp:straight-leg-pan,Dt_04_05_2015,0,0
SD:gp:relaxed-fit-pants-for-men/SD:gp:straight-leg-pan,Dt_05_05_2015,0,0
SD:gp:relaxed-fit-pants-for-men/SD:gp:straight-leg-pan,Dt_06_05_2015,0,0
SD:gp:relaxed-fit-pants-for-men/SD:gp:straight-leg-pan,Dt_07_05_2015,0,0
SD:gp:relaxed-fit-pants-for-men/SD:gp:straight-leg-pan,Dt_08_05_2015,0,0
SD:gp:relaxed-fit-pants-for-men/SD:gp:straight-leg-pan,Dt_09_05_2015,0,0
SD:gp:relaxed-fit-pants-for-men/SD:gp:straight-leg-pan,Dt_10_05_2015,0,0
SD:gp:relaxed-fit-pants-for-men/SD:gp:straight-leg-pan,Dt_11_05_2015,0,0
SD:gp:relaxed-fit-pants-for-men/SD:gp:straight-leg-pan,Dt_12_05_2015,0,0
SD:gp:relaxed-fit-pants-for-men/SD:gp:straight-leg-pan,Dt_13_05_2015,0,0
SD:gp:relaxed-fit-pants-for-men/SD:gp:straight-leg-pan,Dt_14_05_2015,210.94,0
SD:gp:relaxed-fit-pants-for-men/SD:gp:straight-leg-pan,Dt_15_05_2015,0,0
SD:gp:relaxed-fit-pants-for-men/SD:gp:straight-leg-pan,Dt_16_05_2015,119.9,0
SD:gp:relaxed-fit-pants-for-men/SD:gp:straight-leg-pan,Dt_17_05_2015,0,0
SD:gp:slim-jeans-for-men/SD:gp:mens-cargo-shorts,Dt_24_03_2015,129.9,0
SD:gp:slim-jeans-for-men/SD:gp:mens-cargo-shorts,Dt_25_03_2015,0,0
SD:gp:slim-jeans-for-men/SD:gp:mens-cargo-shorts,Dt_26_03_2015,0,0
SD:gp:slim-jeans-for-men/SD:gp:mens-cargo-shorts,Dt_27_03_2015,427.19,134.85
SD:gp:slim-jeans-for-men/SD:gp:mens-cargo-shorts,Dt_28_03_2015,0,0
SD:gp:slim-jeans-for-men/SD:gp:mens-cargo-shorts,Dt_29_03_2015,239.8,52.9
SD:gp:slim-jeans-for-men/SD:gp:mens-cargo-shorts,Dt_30_03_2015,167.95,0
SD:gp:slim-jeans-for-men/SD:gp:mens-cargo-shorts,Dt_31_03_2015,69.95,89.9
SD:gp:slim-jeans-for-men/SD:gp:mens-cargo-shorts,Dt_01_04_2015,0,0
SD:gp:slim-jeans-for-men/SD:gp:mens-cargo-shorts,Dt_02_04_2015,0,0
SD:gp:slim-jeans-for-men/SD:gp:mens-cargo-shorts,Dt_03_04_2015,0,0
SD:gp:slim-jeans-for-men/SD:gp:mens-cargo-shorts,Dt_04_04_2015,0,104.9
SD:gp:slim-jeans-for-men/SD:gp:mens-cargo-shorts,Dt_05_04_2015,0,0
SD:gp:slim-jeans-for-men/SD:gp:mens-cargo-shorts,Dt_06_04_2015,0,0
SD:gp:slim-jeans-for-men/SD:gp:mens-cargo-shorts,Dt_07_04_2015,0,0
SD:gp:slim-jeans-for-men/SD:gp:mens-cargo-shorts,Dt_08_04_2015,0,0
SD:gp:slim-jeans-for-men/SD:gp:mens-cargo-shorts,Dt_09_04_2015,239.8,0
SD:gp:slim-jeans-for-men/SD:gp:mens-cargo-shorts,Dt_10_04_2015,0,0
SD:gp:slim-jeans-for-men/SD:gp:mens-cargo-shorts,Dt_11_04_2015,59.95,0
SD:gp:slim-jeans-for-men/SD:gp:mens-cargo-shorts,Dt_12_04_2015,0,0
SD:gp:slim-jeans-for-men/SD:gp:mens-cargo-shorts,Dt_13_04_2015,0,0
SD:gp:slim-jeans-for-men/SD:gp:mens-cargo-shorts,Dt_14_04_2015,0,0
SD:gp:slim-jeans-for-men/SD:gp:mens-cargo-shorts,Dt_15_04_2015,0,0
SD:gp:slim-jeans-for-men/SD:gp:mens-cargo-shorts,Dt_16_04_2015,108,0
SD:gp:slim-jeans-for-men/SD:gp:mens-cargo-shorts,Dt_17_04_2015,0,0
SD:gp:slim-jeans-for-men/SD:gp:mens-cargo-shorts,Dt_18_04_2015,0,0
SD:gp:slim-jeans-for-men/SD:gp:mens-cargo-shorts,Dt_19_04_2015,0,0
SD:gp:slim-jeans-for-men/SD:gp:mens-cargo-shorts,Dt_20_04_2015,0,89.9
SD:gp:slim-jeans-for-men/SD:gp:mens-cargo-shorts,Dt_21_04_2015,129.9,0
SD:gp:slim-jeans-for-men/SD:gp:mens-cargo-shorts,Dt_22_04_2015,0,0
SD:gp:slim-jeans-for-men/SD:gp:mens-cargo-shorts,Dt_23_04_2015,0,0
SD:gp:slim-jeans-for-men/SD:gp:mens-cargo-shorts,Dt_24_04_2015,104.9,224.85
SD:gp:slim-jeans-for-men/SD:gp:mens-cargo-shorts,Dt_25_04_2015,69.95,0
SD:gp:slim-jeans-for-men/SD:gp:mens-cargo-shorts,Dt_26_04_2015,139.9,134.85
SD:gp:slim-jeans-for-men/SD:gp:mens-cargo-shorts,Dt_27_04_2015,0,0
SD:gp:slim-jeans-for-men/SD:gp:mens-cargo-shorts,Dt_28_04_2015,0,0
SD:gp:slim-jeans-for-men/SD:gp:mens-cargo-shorts,Dt_29_04_2015,154.93,89.9
SD:gp:slim-jeans-for-men/SD:gp:mens-cargo-shorts,Dt_30_04_2015,0,0
SD:gp:slim-jeans-for-men/SD:gp:mens-cargo-shorts,Dt_01_05_2015,0,0
SD:gp:slim-jeans-for-men/SD:gp:mens-cargo-shorts,Dt_02_05_2015,0,0
SD:gp:slim-jeans-for-men/SD:gp:mens-cargo-shorts,Dt_03_05_2015,0,0
SD:gp:slim-jeans-for-men/SD:gp:mens-cargo-shorts,Dt_04_05_2015,0,0
SD:gp:slim-jeans-for-men/SD:gp:mens-cargo-shorts,Dt_05_05_2015,0,0
SD:gp:slim-jeans-for-men/SD:gp:mens-cargo-shorts,Dt_06_05_2015,139.9,0
SD:gp:slim-jeans-for-men/SD:gp:mens-cargo-shorts,Dt_07_05_2015,0,0
SD:gp:slim-jeans-for-men/SD:gp:mens-cargo-shorts,Dt_08_05_2015,69.95,0
SD:gp:slim-jeans-for-men/SD:gp:mens-cargo-shorts,Dt_09_05_2015,179.85,89.9
SD:gp:slim-jeans-for-men/SD:gp:mens-cargo-shorts,Dt_10_05_2015,318.84,0
SD:gp:slim-jeans-for-men/SD:gp:mens-cargo-shorts,Dt_11_05_2015,0,53.94
SD:gp:slim-jeans-for-men/SD:gp:mens-cargo-shorts,Dt_12_05_2015,59.95,0
SD:gp:slim-jeans-for-men/SD:gp:mens-cargo-shorts,Dt_13_05_2015,249.8,0
SD:gp:slim-jeans-for-men/SD:gp:mens-cargo-shorts,Dt_14_05_2015,137.89,0
SD:gp:slim-jeans-for-men/SD:gp:mens-cargo-shorts,Dt_15_05_2015,0,0
SD:gp:slim-jeans-for-men/SD:gp:mens-cargo-shorts,Dt_16_05_2015,0,0
SD:gp:slim-jeans-for-men/SD:gp:mens-cargo-shorts,Dt_17_05_2015,0,69.95
