Pair_page,Dt,Control,Test
SD:gp:discount-mens-shirts/SD:gp:mens-shirts-sale,Dt_24_03_2015,0,0
SD:gp:discount-mens-shirts/SD:gp:mens-shirts-sale,Dt_25_03_2015,0,0
SD:gp:discount-mens-shirts/SD:gp:mens-shirts-sale,Dt_26_03_2015,0,0
SD:gp:discount-mens-shirts/SD:gp:mens-shirts-sale,Dt_27_03_2015,0,0
SD:gp:discount-mens-shirts/SD:gp:mens-shirts-sale,Dt_28_03_2015,0,0
SD:gp:discount-mens-shirts/SD:gp:mens-shirts-sale,Dt_29_03_2015,0,0
SD:gp:discount-mens-shirts/SD:gp:mens-shirts-sale,Dt_30_03_2015,0,0
SD:gp:discount-mens-shirts/SD:gp:mens-shirts-sale,Dt_31_03_2015,0,0
SD:gp:discount-mens-shirts/SD:gp:mens-shirts-sale,Dt_01_04_2015,0,0
SD:gp:discount-mens-shirts/SD:gp:mens-shirts-sale,Dt_02_04_2015,0,0
SD:gp:discount-mens-shirts/SD:gp:mens-shirts-sale,Dt_03_04_2015,0,5
SD:gp:discount-mens-shirts/SD:gp:mens-shirts-sale,Dt_04_04_2015,0,0
SD:gp:discount-mens-shirts/SD:gp:mens-shirts-sale,Dt_05_04_2015,0,0
SD:gp:discount-mens-shirts/SD:gp:mens-shirts-sale,Dt_06_04_2015,0,0
SD:gp:discount-mens-shirts/SD:gp:mens-shirts-sale,Dt_07_04_2015,0,0
SD:gp:discount-mens-shirts/SD:gp:mens-shirts-sale,Dt_08_04_2015,0,0
SD:gp:discount-mens-shirts/SD:gp:mens-shirts-sale,Dt_09_04_2015,0,0
SD:gp:discount-mens-shirts/SD:gp:mens-shirts-sale,Dt_10_04_2015,0,0
SD:gp:discount-mens-shirts/SD:gp:mens-shirts-sale,Dt_11_04_2015,0,0
SD:gp:discount-mens-shirts/SD:gp:mens-shirts-sale,Dt_12_04_2015,0,0
SD:gp:discount-mens-shirts/SD:gp:mens-shirts-sale,Dt_13_04_2015,0,1
SD:gp:discount-mens-shirts/SD:gp:mens-shirts-sale,Dt_14_04_2015,0,0
SD:gp:discount-mens-shirts/SD:gp:mens-shirts-sale,Dt_15_04_2015,0,0
SD:gp:discount-mens-shirts/SD:gp:mens-shirts-sale,Dt_16_04_2015,0,10
SD:gp:discount-mens-shirts/SD:gp:mens-shirts-sale,Dt_17_04_2015,0,0
SD:gp:discount-mens-shirts/SD:gp:mens-shirts-sale,Dt_18_04_2015,0,0
SD:gp:discount-mens-shirts/SD:gp:mens-shirts-sale,Dt_19_04_2015,0,3
SD:gp:discount-mens-shirts/SD:gp:mens-shirts-sale,Dt_20_04_2015,0,1
SD:gp:discount-mens-shirts/SD:gp:mens-shirts-sale,Dt_21_04_2015,0,8
SD:gp:discount-mens-shirts/SD:gp:mens-shirts-sale,Dt_22_04_2015,0,2
SD:gp:discount-mens-shirts/SD:gp:mens-shirts-sale,Dt_23_04_2015,0,0
SD:gp:discount-mens-shirts/SD:gp:mens-shirts-sale,Dt_24_04_2015,0,0
SD:gp:discount-mens-shirts/SD:gp:mens-shirts-sale,Dt_25_04_2015,0,1
SD:gp:discount-mens-shirts/SD:gp:mens-shirts-sale,Dt_26_04_2015,0,0
SD:gp:discount-mens-shirts/SD:gp:mens-shirts-sale,Dt_27_04_2015,0,6
SD:gp:discount-mens-shirts/SD:gp:mens-shirts-sale,Dt_28_04_2015,0,12
SD:gp:discount-mens-shirts/SD:gp:mens-shirts-sale,Dt_29_04_2015,0,0
SD:gp:discount-mens-shirts/SD:gp:mens-shirts-sale,Dt_30_04_2015,0,1
SD:gp:discount-mens-shirts/SD:gp:mens-shirts-sale,Dt_01_05_2015,0,0
SD:gp:discount-mens-shirts/SD:gp:mens-shirts-sale,Dt_02_05_2015,0,0
SD:gp:discount-mens-shirts/SD:gp:mens-shirts-sale,Dt_03_05_2015,0,9
SD:gp:discount-mens-shirts/SD:gp:mens-shirts-sale,Dt_04_05_2015,0,0
SD:gp:discount-mens-shirts/SD:gp:mens-shirts-sale,Dt_05_05_2015,0,0
SD:gp:discount-mens-shirts/SD:gp:mens-shirts-sale,Dt_06_05_2015,0,1
SD:gp:discount-mens-shirts/SD:gp:mens-shirts-sale,Dt_07_05_2015,0,0
SD:gp:discount-mens-shirts/SD:gp:mens-shirts-sale,Dt_08_05_2015,0,0
SD:gp:discount-mens-shirts/SD:gp:mens-shirts-sale,Dt_09_05_2015,0,0
SD:gp:discount-mens-shirts/SD:gp:mens-shirts-sale,Dt_10_05_2015,0,0
SD:gp:discount-mens-shirts/SD:gp:mens-shirts-sale,Dt_11_05_2015,0,0
SD:gp:discount-mens-shirts/SD:gp:mens-shirts-sale,Dt_12_05_2015,0,0
SD:gp:discount-mens-shirts/SD:gp:mens-shirts-sale,Dt_13_05_2015,0,1
SD:gp:discount-mens-shirts/SD:gp:mens-shirts-sale,Dt_14_05_2015,0,0
SD:gp:discount-mens-shirts/SD:gp:mens-shirts-sale,Dt_15_05_2015,0,0
SD:gp:discount-mens-shirts/SD:gp:mens-shirts-sale,Dt_16_05_2015,0,0
SD:gp:discount-mens-shirts/SD:gp:mens-shirts-sale,Dt_17_05_2015,0,0
SD:gp:mens-boot-cut-jeans/SD:gp:mens-straight-leg-jean,Dt_24_03_2015,0,0
SD:gp:mens-boot-cut-jeans/SD:gp:mens-straight-leg-jean,Dt_25_03_2015,21,0
SD:gp:mens-boot-cut-jeans/SD:gp:mens-straight-leg-jean,Dt_26_03_2015,0,10
SD:gp:mens-boot-cut-jeans/SD:gp:mens-straight-leg-jean,Dt_27_03_2015,0,2
SD:gp:mens-boot-cut-jeans/SD:gp:mens-straight-leg-jean,Dt_28_03_2015,0,38
SD:gp:mens-boot-cut-jeans/SD:gp:mens-straight-leg-jean,Dt_29_03_2015,4,4
SD:gp:mens-boot-cut-jeans/SD:gp:mens-straight-leg-jean,Dt_30_03_2015,0,4
SD:gp:mens-boot-cut-jeans/SD:gp:mens-straight-leg-jean,Dt_31_03_2015,0,0
SD:gp:mens-boot-cut-jeans/SD:gp:mens-straight-leg-jean,Dt_01_04_2015,3,3
SD:gp:mens-boot-cut-jeans/SD:gp:mens-straight-leg-jean,Dt_02_04_2015,0,0
SD:gp:mens-boot-cut-jeans/SD:gp:mens-straight-leg-jean,Dt_03_04_2015,0,0
SD:gp:mens-boot-cut-jeans/SD:gp:mens-straight-leg-jean,Dt_04_04_2015,0,0
SD:gp:mens-boot-cut-jeans/SD:gp:mens-straight-leg-jean,Dt_05_04_2015,3,12
SD:gp:mens-boot-cut-jeans/SD:gp:mens-straight-leg-jean,Dt_06_04_2015,0,5
SD:gp:mens-boot-cut-jeans/SD:gp:mens-straight-leg-jean,Dt_07_04_2015,0,0
SD:gp:mens-boot-cut-jeans/SD:gp:mens-straight-leg-jean,Dt_08_04_2015,4,0
SD:gp:mens-boot-cut-jeans/SD:gp:mens-straight-leg-jean,Dt_09_04_2015,0,0
SD:gp:mens-boot-cut-jeans/SD:gp:mens-straight-leg-jean,Dt_10_04_2015,0,0
SD:gp:mens-boot-cut-jeans/SD:gp:mens-straight-leg-jean,Dt_11_04_2015,0,0
SD:gp:mens-boot-cut-jeans/SD:gp:mens-straight-leg-jean,Dt_12_04_2015,0,2
SD:gp:mens-boot-cut-jeans/SD:gp:mens-straight-leg-jean,Dt_13_04_2015,0,0
SD:gp:mens-boot-cut-jeans/SD:gp:mens-straight-leg-jean,Dt_14_04_2015,0,0
SD:gp:mens-boot-cut-jeans/SD:gp:mens-straight-leg-jean,Dt_15_04_2015,11,5
SD:gp:mens-boot-cut-jeans/SD:gp:mens-straight-leg-jean,Dt_16_04_2015,1,0
SD:gp:mens-boot-cut-jeans/SD:gp:mens-straight-leg-jean,Dt_17_04_2015,4,0
SD:gp:mens-boot-cut-jeans/SD:gp:mens-straight-leg-jean,Dt_18_04_2015,0,0
SD:gp:mens-boot-cut-jeans/SD:gp:mens-straight-leg-jean,Dt_19_04_2015,3,42
SD:gp:mens-boot-cut-jeans/SD:gp:mens-straight-leg-jean,Dt_20_04_2015,1,12
SD:gp:mens-boot-cut-jeans/SD:gp:mens-straight-leg-jean,Dt_21_04_2015,0,5
SD:gp:mens-boot-cut-jeans/SD:gp:mens-straight-leg-jean,Dt_22_04_2015,7,0
SD:gp:mens-boot-cut-jeans/SD:gp:mens-straight-leg-jean,Dt_23_04_2015,0,22
SD:gp:mens-boot-cut-jeans/SD:gp:mens-straight-leg-jean,Dt_24_04_2015,0,0
SD:gp:mens-boot-cut-jeans/SD:gp:mens-straight-leg-jean,Dt_25_04_2015,6,0
SD:gp:mens-boot-cut-jeans/SD:gp:mens-straight-leg-jean,Dt_26_04_2015,7,5
SD:gp:mens-boot-cut-jeans/SD:gp:mens-straight-leg-jean,Dt_27_04_2015,0,0
SD:gp:mens-boot-cut-jeans/SD:gp:mens-straight-leg-jean,Dt_28_04_2015,9,0
SD:gp:mens-boot-cut-jeans/SD:gp:mens-straight-leg-jean,Dt_29_04_2015,0,2
SD:gp:mens-boot-cut-jeans/SD:gp:mens-straight-leg-jean,Dt_30_04_2015,0,0
SD:gp:mens-boot-cut-jeans/SD:gp:mens-straight-leg-jean,Dt_01_05_2015,17,0
SD:gp:mens-boot-cut-jeans/SD:gp:mens-straight-leg-jean,Dt_02_05_2015,0,0
SD:gp:mens-boot-cut-jeans/SD:gp:mens-straight-leg-jean,Dt_03_05_2015,0,5
SD:gp:mens-boot-cut-jeans/SD:gp:mens-straight-leg-jean,Dt_04_05_2015,1,4
SD:gp:mens-boot-cut-jeans/SD:gp:mens-straight-leg-jean,Dt_05_05_2015,0,3
SD:gp:mens-boot-cut-jeans/SD:gp:mens-straight-leg-jean,Dt_06_05_2015,11,0
SD:gp:mens-boot-cut-jeans/SD:gp:mens-straight-leg-jean,Dt_07_05_2015,0,8
SD:gp:mens-boot-cut-jeans/SD:gp:mens-straight-leg-jean,Dt_08_05_2015,0,0
SD:gp:mens-boot-cut-jeans/SD:gp:mens-straight-leg-jean,Dt_09_05_2015,0,4
SD:gp:mens-boot-cut-jeans/SD:gp:mens-straight-leg-jean,Dt_10_05_2015,0,0
SD:gp:mens-boot-cut-jeans/SD:gp:mens-straight-leg-jean,Dt_11_05_2015,0,17
SD:gp:mens-boot-cut-jeans/SD:gp:mens-straight-leg-jean,Dt_12_05_2015,0,0
SD:gp:mens-boot-cut-jeans/SD:gp:mens-straight-leg-jean,Dt_13_05_2015,0,0
SD:gp:mens-boot-cut-jeans/SD:gp:mens-straight-leg-jean,Dt_14_05_2015,0,26
SD:gp:mens-boot-cut-jeans/SD:gp:mens-straight-leg-jean,Dt_15_05_2015,0,0
SD:gp:mens-boot-cut-jeans/SD:gp:mens-straight-leg-jean,Dt_16_05_2015,5,10
SD:gp:mens-boot-cut-jeans/SD:gp:mens-straight-leg-jean,Dt_17_05_2015,0,0
SD:gp:mens-crewneck-sweaters/SD:gp:mens-sweater-sale,Dt_24_03_2015,0,0
SD:gp:mens-crewneck-sweaters/SD:gp:mens-sweater-sale,Dt_25_03_2015,0,0
SD:gp:mens-crewneck-sweaters/SD:gp:mens-sweater-sale,Dt_26_03_2015,0,0
SD:gp:mens-crewneck-sweaters/SD:gp:mens-sweater-sale,Dt_27_03_2015,0,4
SD:gp:mens-crewneck-sweaters/SD:gp:mens-sweater-sale,Dt_28_03_2015,0,0
SD:gp:mens-crewneck-sweaters/SD:gp:mens-sweater-sale,Dt_29_03_2015,0,2
SD:gp:mens-crewneck-sweaters/SD:gp:mens-sweater-sale,Dt_30_03_2015,0,0
SD:gp:mens-crewneck-sweaters/SD:gp:mens-sweater-sale,Dt_31_03_2015,0,0
SD:gp:mens-crewneck-sweaters/SD:gp:mens-sweater-sale,Dt_01_04_2015,0,0
SD:gp:mens-crewneck-sweaters/SD:gp:mens-sweater-sale,Dt_02_04_2015,0,0
SD:gp:mens-crewneck-sweaters/SD:gp:mens-sweater-sale,Dt_03_04_2015,0,0
SD:gp:mens-crewneck-sweaters/SD:gp:mens-sweater-sale,Dt_04_04_2015,0,0
SD:gp:mens-crewneck-sweaters/SD:gp:mens-sweater-sale,Dt_05_04_2015,0,2
SD:gp:mens-crewneck-sweaters/SD:gp:mens-sweater-sale,Dt_06_04_2015,0,0
SD:gp:mens-crewneck-sweaters/SD:gp:mens-sweater-sale,Dt_07_04_2015,0,0
SD:gp:mens-crewneck-sweaters/SD:gp:mens-sweater-sale,Dt_08_04_2015,0,0
SD:gp:mens-crewneck-sweaters/SD:gp:mens-sweater-sale,Dt_09_04_2015,0,0
SD:gp:mens-crewneck-sweaters/SD:gp:mens-sweater-sale,Dt_10_04_2015,0,0
SD:gp:mens-crewneck-sweaters/SD:gp:mens-sweater-sale,Dt_11_04_2015,0,0
SD:gp:mens-crewneck-sweaters/SD:gp:mens-sweater-sale,Dt_12_04_2015,0,2
SD:gp:mens-crewneck-sweaters/SD:gp:mens-sweater-sale,Dt_13_04_2015,0,0
SD:gp:mens-crewneck-sweaters/SD:gp:mens-sweater-sale,Dt_14_04_2015,0,0
SD:gp:mens-crewneck-sweaters/SD:gp:mens-sweater-sale,Dt_15_04_2015,0,0
SD:gp:mens-crewneck-sweaters/SD:gp:mens-sweater-sale,Dt_16_04_2015,0,1
SD:gp:mens-crewneck-sweaters/SD:gp:mens-sweater-sale,Dt_17_04_2015,0,0
SD:gp:mens-crewneck-sweaters/SD:gp:mens-sweater-sale,Dt_18_04_2015,0,0
SD:gp:mens-crewneck-sweaters/SD:gp:mens-sweater-sale,Dt_19_04_2015,0,0
SD:gp:mens-crewneck-sweaters/SD:gp:mens-sweater-sale,Dt_20_04_2015,2,0
SD:gp:mens-crewneck-sweaters/SD:gp:mens-sweater-sale,Dt_21_04_2015,0,0
SD:gp:mens-crewneck-sweaters/SD:gp:mens-sweater-sale,Dt_22_04_2015,0,3
SD:gp:mens-crewneck-sweaters/SD:gp:mens-sweater-sale,Dt_23_04_2015,0,0
SD:gp:mens-crewneck-sweaters/SD:gp:mens-sweater-sale,Dt_24_04_2015,0,0
SD:gp:mens-crewneck-sweaters/SD:gp:mens-sweater-sale,Dt_25_04_2015,0,3
SD:gp:mens-crewneck-sweaters/SD:gp:mens-sweater-sale,Dt_26_04_2015,0,0
SD:gp:mens-crewneck-sweaters/SD:gp:mens-sweater-sale,Dt_27_04_2015,0,0
SD:gp:mens-crewneck-sweaters/SD:gp:mens-sweater-sale,Dt_28_04_2015,0,0
SD:gp:mens-crewneck-sweaters/SD:gp:mens-sweater-sale,Dt_29_04_2015,0,0
SD:gp:mens-crewneck-sweaters/SD:gp:mens-sweater-sale,Dt_30_04_2015,0,0
SD:gp:mens-crewneck-sweaters/SD:gp:mens-sweater-sale,Dt_01_05_2015,0,0
SD:gp:mens-crewneck-sweaters/SD:gp:mens-sweater-sale,Dt_02_05_2015,0,0
SD:gp:mens-crewneck-sweaters/SD:gp:mens-sweater-sale,Dt_03_05_2015,0,0
SD:gp:mens-crewneck-sweaters/SD:gp:mens-sweater-sale,Dt_04_05_2015,0,0
SD:gp:mens-crewneck-sweaters/SD:gp:mens-sweater-sale,Dt_05_05_2015,0,0
SD:gp:mens-crewneck-sweaters/SD:gp:mens-sweater-sale,Dt_06_05_2015,0,0
SD:gp:mens-crewneck-sweaters/SD:gp:mens-sweater-sale,Dt_07_05_2015,0,0
SD:gp:mens-crewneck-sweaters/SD:gp:mens-sweater-sale,Dt_08_05_2015,0,0
SD:gp:mens-crewneck-sweaters/SD:gp:mens-sweater-sale,Dt_09_05_2015,0,0
SD:gp:mens-crewneck-sweaters/SD:gp:mens-sweater-sale,Dt_10_05_2015,0,0
SD:gp:mens-crewneck-sweaters/SD:gp:mens-sweater-sale,Dt_11_05_2015,0,0
SD:gp:mens-crewneck-sweaters/SD:gp:mens-sweater-sale,Dt_12_05_2015,0,0
SD:gp:mens-crewneck-sweaters/SD:gp:mens-sweater-sale,Dt_13_05_2015,0,1
SD:gp:mens-crewneck-sweaters/SD:gp:mens-sweater-sale,Dt_14_05_2015,0,0
SD:gp:mens-crewneck-sweaters/SD:gp:mens-sweater-sale,Dt_15_05_2015,0,0
SD:gp:mens-crewneck-sweaters/SD:gp:mens-sweater-sale,Dt_16_05_2015,0,0
SD:gp:mens-crewneck-sweaters/SD:gp:mens-sweater-sale,Dt_17_05_2015,0,0
SD:gp:mens-pants/SD:gp:mens-t-shirts,Dt_24_03_2015,1,0
SD:gp:mens-pants/SD:gp:mens-t-shirts,Dt_25_03_2015,3,0
SD:gp:mens-pants/SD:gp:mens-t-shirts,Dt_26_03_2015,5,0
SD:gp:mens-pants/SD:gp:mens-t-shirts,Dt_27_03_2015,0,0
SD:gp:mens-pants/SD:gp:mens-t-shirts,Dt_28_03_2015,0,0
SD:gp:mens-pants/SD:gp:mens-t-shirts,Dt_29_03_2015,14,2
SD:gp:mens-pants/SD:gp:mens-t-shirts,Dt_30_03_2015,4,2
SD:gp:mens-pants/SD:gp:mens-t-shirts,Dt_31_03_2015,4,0
SD:gp:mens-pants/SD:gp:mens-t-shirts,Dt_01_04_2015,0,0
SD:gp:mens-pants/SD:gp:mens-t-shirts,Dt_02_04_2015,3,0
SD:gp:mens-pants/SD:gp:mens-t-shirts,Dt_03_04_2015,0,0
SD:gp:mens-pants/SD:gp:mens-t-shirts,Dt_04_04_2015,3,0
SD:gp:mens-pants/SD:gp:mens-t-shirts,Dt_05_04_2015,9,0
SD:gp:mens-pants/SD:gp:mens-t-shirts,Dt_06_04_2015,9,0
SD:gp:mens-pants/SD:gp:mens-t-shirts,Dt_07_04_2015,14,8
SD:gp:mens-pants/SD:gp:mens-t-shirts,Dt_08_04_2015,0,1
SD:gp:mens-pants/SD:gp:mens-t-shirts,Dt_09_04_2015,6,3
SD:gp:mens-pants/SD:gp:mens-t-shirts,Dt_10_04_2015,0,0
SD:gp:mens-pants/SD:gp:mens-t-shirts,Dt_11_04_2015,14,3
SD:gp:mens-pants/SD:gp:mens-t-shirts,Dt_12_04_2015,7,5
SD:gp:mens-pants/SD:gp:mens-t-shirts,Dt_13_04_2015,7,3
SD:gp:mens-pants/SD:gp:mens-t-shirts,Dt_14_04_2015,2,8
SD:gp:mens-pants/SD:gp:mens-t-shirts,Dt_15_04_2015,4,3
SD:gp:mens-pants/SD:gp:mens-t-shirts,Dt_16_04_2015,0,33
SD:gp:mens-pants/SD:gp:mens-t-shirts,Dt_17_04_2015,2,4
SD:gp:mens-pants/SD:gp:mens-t-shirts,Dt_18_04_2015,4,5
SD:gp:mens-pants/SD:gp:mens-t-shirts,Dt_19_04_2015,0,0
SD:gp:mens-pants/SD:gp:mens-t-shirts,Dt_20_04_2015,6,7
SD:gp:mens-pants/SD:gp:mens-t-shirts,Dt_21_04_2015,11,5
SD:gp:mens-pants/SD:gp:mens-t-shirts,Dt_22_04_2015,9,7
SD:gp:mens-pants/SD:gp:mens-t-shirts,Dt_23_04_2015,5,11
SD:gp:mens-pants/SD:gp:mens-t-shirts,Dt_24_04_2015,6,5
SD:gp:mens-pants/SD:gp:mens-t-shirts,Dt_25_04_2015,0,4
SD:gp:mens-pants/SD:gp:mens-t-shirts,Dt_26_04_2015,4,8
SD:gp:mens-pants/SD:gp:mens-t-shirts,Dt_27_04_2015,21,1
SD:gp:mens-pants/SD:gp:mens-t-shirts,Dt_28_04_2015,12,0
SD:gp:mens-pants/SD:gp:mens-t-shirts,Dt_29_04_2015,0,1
SD:gp:mens-pants/SD:gp:mens-t-shirts,Dt_30_04_2015,5,4
SD:gp:mens-pants/SD:gp:mens-t-shirts,Dt_01_05_2015,5,4
SD:gp:mens-pants/SD:gp:mens-t-shirts,Dt_02_05_2015,0,37
SD:gp:mens-pants/SD:gp:mens-t-shirts,Dt_03_05_2015,5,4
SD:gp:mens-pants/SD:gp:mens-t-shirts,Dt_04_05_2015,6,9
SD:gp:mens-pants/SD:gp:mens-t-shirts,Dt_05_05_2015,13,0
SD:gp:mens-pants/SD:gp:mens-t-shirts,Dt_06_05_2015,0,3
SD:gp:mens-pants/SD:gp:mens-t-shirts,Dt_07_05_2015,0,14
SD:gp:mens-pants/SD:gp:mens-t-shirts,Dt_08_05_2015,0,6
SD:gp:mens-pants/SD:gp:mens-t-shirts,Dt_09_05_2015,17,22
SD:gp:mens-pants/SD:gp:mens-t-shirts,Dt_10_05_2015,10,37
SD:gp:mens-pants/SD:gp:mens-t-shirts,Dt_11_05_2015,5,0
SD:gp:mens-pants/SD:gp:mens-t-shirts,Dt_12_05_2015,4,14
SD:gp:mens-pants/SD:gp:mens-t-shirts,Dt_13_05_2015,10,0
SD:gp:mens-pants/SD:gp:mens-t-shirts,Dt_14_05_2015,50,14
SD:gp:mens-pants/SD:gp:mens-t-shirts,Dt_15_05_2015,10,16
SD:gp:mens-pants/SD:gp:mens-t-shirts,Dt_16_05_2015,10,1
SD:gp:mens-pants/SD:gp:mens-t-shirts,Dt_17_05_2015,34,6
SD:gp:mens-pique-polo-shirts/SD:gp:mens-briefs,Dt_24_03_2015,0,0
SD:gp:mens-pique-polo-shirts/SD:gp:mens-briefs,Dt_25_03_2015,0,0
SD:gp:mens-pique-polo-shirts/SD:gp:mens-briefs,Dt_26_03_2015,0,0
SD:gp:mens-pique-polo-shirts/SD:gp:mens-briefs,Dt_27_03_2015,0,1
SD:gp:mens-pique-polo-shirts/SD:gp:mens-briefs,Dt_28_03_2015,0,0
SD:gp:mens-pique-polo-shirts/SD:gp:mens-briefs,Dt_29_03_2015,0,6
SD:gp:mens-pique-polo-shirts/SD:gp:mens-briefs,Dt_30_03_2015,0,0
SD:gp:mens-pique-polo-shirts/SD:gp:mens-briefs,Dt_31_03_2015,0,0
SD:gp:mens-pique-polo-shirts/SD:gp:mens-briefs,Dt_01_04_2015,0,0
SD:gp:mens-pique-polo-shirts/SD:gp:mens-briefs,Dt_02_04_2015,0,0
SD:gp:mens-pique-polo-shirts/SD:gp:mens-briefs,Dt_03_04_2015,0,0
SD:gp:mens-pique-polo-shirts/SD:gp:mens-briefs,Dt_04_04_2015,0,0
SD:gp:mens-pique-polo-shirts/SD:gp:mens-briefs,Dt_05_04_2015,3,0
SD:gp:mens-pique-polo-shirts/SD:gp:mens-briefs,Dt_06_04_2015,6,0
SD:gp:mens-pique-polo-shirts/SD:gp:mens-briefs,Dt_07_04_2015,0,0
SD:gp:mens-pique-polo-shirts/SD:gp:mens-briefs,Dt_08_04_2015,0,0
SD:gp:mens-pique-polo-shirts/SD:gp:mens-briefs,Dt_09_04_2015,0,0
SD:gp:mens-pique-polo-shirts/SD:gp:mens-briefs,Dt_10_04_2015,0,0
SD:gp:mens-pique-polo-shirts/SD:gp:mens-briefs,Dt_11_04_2015,0,0
SD:gp:mens-pique-polo-shirts/SD:gp:mens-briefs,Dt_12_04_2015,0,0
SD:gp:mens-pique-polo-shirts/SD:gp:mens-briefs,Dt_13_04_2015,0,0
SD:gp:mens-pique-polo-shirts/SD:gp:mens-briefs,Dt_14_04_2015,0,0
SD:gp:mens-pique-polo-shirts/SD:gp:mens-briefs,Dt_15_04_2015,0,0
SD:gp:mens-pique-polo-shirts/SD:gp:mens-briefs,Dt_16_04_2015,0,0
SD:gp:mens-pique-polo-shirts/SD:gp:mens-briefs,Dt_17_04_2015,0,0
SD:gp:mens-pique-polo-shirts/SD:gp:mens-briefs,Dt_18_04_2015,0,0
SD:gp:mens-pique-polo-shirts/SD:gp:mens-briefs,Dt_19_04_2015,0,3
SD:gp:mens-pique-polo-shirts/SD:gp:mens-briefs,Dt_20_04_2015,0,0
SD:gp:mens-pique-polo-shirts/SD:gp:mens-briefs,Dt_21_04_2015,0,0
SD:gp:mens-pique-polo-shirts/SD:gp:mens-briefs,Dt_22_04_2015,0,0
SD:gp:mens-pique-polo-shirts/SD:gp:mens-briefs,Dt_23_04_2015,0,0
SD:gp:mens-pique-polo-shirts/SD:gp:mens-briefs,Dt_24_04_2015,0,0
SD:gp:mens-pique-polo-shirts/SD:gp:mens-briefs,Dt_25_04_2015,0,0
SD:gp:mens-pique-polo-shirts/SD:gp:mens-briefs,Dt_26_04_2015,2,3
SD:gp:mens-pique-polo-shirts/SD:gp:mens-briefs,Dt_27_04_2015,0,0
SD:gp:mens-pique-polo-shirts/SD:gp:mens-briefs,Dt_28_04_2015,0,0
SD:gp:mens-pique-polo-shirts/SD:gp:mens-briefs,Dt_29_04_2015,0,0
SD:gp:mens-pique-polo-shirts/SD:gp:mens-briefs,Dt_30_04_2015,0,0
SD:gp:mens-pique-polo-shirts/SD:gp:mens-briefs,Dt_01_05_2015,0,0
SD:gp:mens-pique-polo-shirts/SD:gp:mens-briefs,Dt_02_05_2015,0,0
SD:gp:mens-pique-polo-shirts/SD:gp:mens-briefs,Dt_03_05_2015,0,0
SD:gp:mens-pique-polo-shirts/SD:gp:mens-briefs,Dt_04_05_2015,0,0
SD:gp:mens-pique-polo-shirts/SD:gp:mens-briefs,Dt_05_05_2015,0,0
SD:gp:mens-pique-polo-shirts/SD:gp:mens-briefs,Dt_06_05_2015,0,0
SD:gp:mens-pique-polo-shirts/SD:gp:mens-briefs,Dt_07_05_2015,0,0
SD:gp:mens-pique-polo-shirts/SD:gp:mens-briefs,Dt_08_05_2015,0,0
SD:gp:mens-pique-polo-shirts/SD:gp:mens-briefs,Dt_09_05_2015,0,0
SD:gp:mens-pique-polo-shirts/SD:gp:mens-briefs,Dt_10_05_2015,0,0
SD:gp:mens-pique-polo-shirts/SD:gp:mens-briefs,Dt_11_05_2015,0,0
SD:gp:mens-pique-polo-shirts/SD:gp:mens-briefs,Dt_12_05_2015,0,0
SD:gp:mens-pique-polo-shirts/SD:gp:mens-briefs,Dt_13_05_2015,0,2
SD:gp:mens-pique-polo-shirts/SD:gp:mens-briefs,Dt_14_05_2015,0,0
SD:gp:mens-pique-polo-shirts/SD:gp:mens-briefs,Dt_15_05_2015,0,0
SD:gp:mens-pique-polo-shirts/SD:gp:mens-briefs,Dt_16_05_2015,0,0
SD:gp:mens-pique-polo-shirts/SD:gp:mens-briefs,Dt_17_05_2015,0,2
SD:gp:mens-polo-shirts/SD:gp:slim-khakis-men-C80811,Dt_24_03_2015,0,30
SD:gp:mens-polo-shirts/SD:gp:slim-khakis-men-C80811,Dt_25_03_2015,0,17
SD:gp:mens-polo-shirts/SD:gp:slim-khakis-men-C80811,Dt_26_03_2015,0,23
SD:gp:mens-polo-shirts/SD:gp:slim-khakis-men-C80811,Dt_27_03_2015,0,4
SD:gp:mens-polo-shirts/SD:gp:slim-khakis-men-C80811,Dt_28_03_2015,5,0
SD:gp:mens-polo-shirts/SD:gp:slim-khakis-men-C80811,Dt_29_03_2015,0,13
SD:gp:mens-polo-shirts/SD:gp:slim-khakis-men-C80811,Dt_30_03_2015,10,3
SD:gp:mens-polo-shirts/SD:gp:slim-khakis-men-C80811,Dt_31_03_2015,0,9
SD:gp:mens-polo-shirts/SD:gp:slim-khakis-men-C80811,Dt_01_04_2015,1,2
SD:gp:mens-polo-shirts/SD:gp:slim-khakis-men-C80811,Dt_02_04_2015,8,0
SD:gp:mens-polo-shirts/SD:gp:slim-khakis-men-C80811,Dt_03_04_2015,0,7
SD:gp:mens-polo-shirts/SD:gp:slim-khakis-men-C80811,Dt_04_04_2015,3,0
SD:gp:mens-polo-shirts/SD:gp:slim-khakis-men-C80811,Dt_05_04_2015,0,16
SD:gp:mens-polo-shirts/SD:gp:slim-khakis-men-C80811,Dt_06_04_2015,15,15
SD:gp:mens-polo-shirts/SD:gp:slim-khakis-men-C80811,Dt_07_04_2015,0,53
SD:gp:mens-polo-shirts/SD:gp:slim-khakis-men-C80811,Dt_08_04_2015,0,0
SD:gp:mens-polo-shirts/SD:gp:slim-khakis-men-C80811,Dt_09_04_2015,0,4
SD:gp:mens-polo-shirts/SD:gp:slim-khakis-men-C80811,Dt_10_04_2015,0,34
SD:gp:mens-polo-shirts/SD:gp:slim-khakis-men-C80811,Dt_11_04_2015,5,0
SD:gp:mens-polo-shirts/SD:gp:slim-khakis-men-C80811,Dt_12_04_2015,0,4
SD:gp:mens-polo-shirts/SD:gp:slim-khakis-men-C80811,Dt_13_04_2015,0,5
SD:gp:mens-polo-shirts/SD:gp:slim-khakis-men-C80811,Dt_14_04_2015,0,4
SD:gp:mens-polo-shirts/SD:gp:slim-khakis-men-C80811,Dt_15_04_2015,0,0
SD:gp:mens-polo-shirts/SD:gp:slim-khakis-men-C80811,Dt_16_04_2015,0,0
SD:gp:mens-polo-shirts/SD:gp:slim-khakis-men-C80811,Dt_17_04_2015,8,23
SD:gp:mens-polo-shirts/SD:gp:slim-khakis-men-C80811,Dt_18_04_2015,0,0
SD:gp:mens-polo-shirts/SD:gp:slim-khakis-men-C80811,Dt_19_04_2015,3,3
SD:gp:mens-polo-shirts/SD:gp:slim-khakis-men-C80811,Dt_20_04_2015,1,9
SD:gp:mens-polo-shirts/SD:gp:slim-khakis-men-C80811,Dt_21_04_2015,0,15
SD:gp:mens-polo-shirts/SD:gp:slim-khakis-men-C80811,Dt_22_04_2015,5,4
SD:gp:mens-polo-shirts/SD:gp:slim-khakis-men-C80811,Dt_23_04_2015,2,6
SD:gp:mens-polo-shirts/SD:gp:slim-khakis-men-C80811,Dt_24_04_2015,0,0
SD:gp:mens-polo-shirts/SD:gp:slim-khakis-men-C80811,Dt_25_04_2015,0,0
SD:gp:mens-polo-shirts/SD:gp:slim-khakis-men-C80811,Dt_26_04_2015,0,3
SD:gp:mens-polo-shirts/SD:gp:slim-khakis-men-C80811,Dt_27_04_2015,13,6
SD:gp:mens-polo-shirts/SD:gp:slim-khakis-men-C80811,Dt_28_04_2015,0,20
SD:gp:mens-polo-shirts/SD:gp:slim-khakis-men-C80811,Dt_29_04_2015,0,13
SD:gp:mens-polo-shirts/SD:gp:slim-khakis-men-C80811,Dt_30_04_2015,19,0
SD:gp:mens-polo-shirts/SD:gp:slim-khakis-men-C80811,Dt_01_05_2015,0,0
SD:gp:mens-polo-shirts/SD:gp:slim-khakis-men-C80811,Dt_02_05_2015,3,6
SD:gp:mens-polo-shirts/SD:gp:slim-khakis-men-C80811,Dt_03_05_2015,0,1
SD:gp:mens-polo-shirts/SD:gp:slim-khakis-men-C80811,Dt_04_05_2015,3,0
SD:gp:mens-polo-shirts/SD:gp:slim-khakis-men-C80811,Dt_05_05_2015,1,9
SD:gp:mens-polo-shirts/SD:gp:slim-khakis-men-C80811,Dt_06_05_2015,0,23
SD:gp:mens-polo-shirts/SD:gp:slim-khakis-men-C80811,Dt_07_05_2015,0,0
SD:gp:mens-polo-shirts/SD:gp:slim-khakis-men-C80811,Dt_08_05_2015,0,5
SD:gp:mens-polo-shirts/SD:gp:slim-khakis-men-C80811,Dt_09_05_2015,1,4
SD:gp:mens-polo-shirts/SD:gp:slim-khakis-men-C80811,Dt_10_05_2015,3,5
SD:gp:mens-polo-shirts/SD:gp:slim-khakis-men-C80811,Dt_11_05_2015,4,2
SD:gp:mens-polo-shirts/SD:gp:slim-khakis-men-C80811,Dt_12_05_2015,0,3
SD:gp:mens-polo-shirts/SD:gp:slim-khakis-men-C80811,Dt_13_05_2015,4,0
SD:gp:mens-polo-shirts/SD:gp:slim-khakis-men-C80811,Dt_14_05_2015,2,0
SD:gp:mens-polo-shirts/SD:gp:slim-khakis-men-C80811,Dt_15_05_2015,10,0
SD:gp:mens-polo-shirts/SD:gp:slim-khakis-men-C80811,Dt_16_05_2015,2,5
SD:gp:mens-polo-shirts/SD:gp:slim-khakis-men-C80811,Dt_17_05_2015,2,6
SD:gp:mens-skinny-jeans/SD:gp:shorts-for-men,Dt_24_03_2015,4,15
SD:gp:mens-skinny-jeans/SD:gp:shorts-for-men,Dt_25_03_2015,0,0
SD:gp:mens-skinny-jeans/SD:gp:shorts-for-men,Dt_26_03_2015,0,13
SD:gp:mens-skinny-jeans/SD:gp:shorts-for-men,Dt_27_03_2015,0,0
SD:gp:mens-skinny-jeans/SD:gp:shorts-for-men,Dt_28_03_2015,0,2
SD:gp:mens-skinny-jeans/SD:gp:shorts-for-men,Dt_29_03_2015,0,14
SD:gp:mens-skinny-jeans/SD:gp:shorts-for-men,Dt_30_03_2015,8,0
SD:gp:mens-skinny-jeans/SD:gp:shorts-for-men,Dt_31_03_2015,0,5
SD:gp:mens-skinny-jeans/SD:gp:shorts-for-men,Dt_01_04_2015,0,0
SD:gp:mens-skinny-jeans/SD:gp:shorts-for-men,Dt_02_04_2015,7,10
SD:gp:mens-skinny-jeans/SD:gp:shorts-for-men,Dt_03_04_2015,0,0
SD:gp:mens-skinny-jeans/SD:gp:shorts-for-men,Dt_04_04_2015,0,1
SD:gp:mens-skinny-jeans/SD:gp:shorts-for-men,Dt_05_04_2015,0,0
SD:gp:mens-skinny-jeans/SD:gp:shorts-for-men,Dt_06_04_2015,0,20
SD:gp:mens-skinny-jeans/SD:gp:shorts-for-men,Dt_07_04_2015,0,16
SD:gp:mens-skinny-jeans/SD:gp:shorts-for-men,Dt_08_04_2015,0,0
SD:gp:mens-skinny-jeans/SD:gp:shorts-for-men,Dt_09_04_2015,0,4
SD:gp:mens-skinny-jeans/SD:gp:shorts-for-men,Dt_10_04_2015,0,0
SD:gp:mens-skinny-jeans/SD:gp:shorts-for-men,Dt_11_04_2015,3,2
SD:gp:mens-skinny-jeans/SD:gp:shorts-for-men,Dt_12_04_2015,0,0
SD:gp:mens-skinny-jeans/SD:gp:shorts-for-men,Dt_13_04_2015,0,41
SD:gp:mens-skinny-jeans/SD:gp:shorts-for-men,Dt_14_04_2015,0,0
SD:gp:mens-skinny-jeans/SD:gp:shorts-for-men,Dt_15_04_2015,0,6
SD:gp:mens-skinny-jeans/SD:gp:shorts-for-men,Dt_16_04_2015,3,1
SD:gp:mens-skinny-jeans/SD:gp:shorts-for-men,Dt_17_04_2015,0,29
SD:gp:mens-skinny-jeans/SD:gp:shorts-for-men,Dt_18_04_2015,0,4
SD:gp:mens-skinny-jeans/SD:gp:shorts-for-men,Dt_19_04_2015,0,56
SD:gp:mens-skinny-jeans/SD:gp:shorts-for-men,Dt_20_04_2015,0,7
SD:gp:mens-skinny-jeans/SD:gp:shorts-for-men,Dt_21_04_2015,0,33
SD:gp:mens-skinny-jeans/SD:gp:shorts-for-men,Dt_22_04_2015,0,0
SD:gp:mens-skinny-jeans/SD:gp:shorts-for-men,Dt_23_04_2015,0,0
SD:gp:mens-skinny-jeans/SD:gp:shorts-for-men,Dt_24_04_2015,0,0
SD:gp:mens-skinny-jeans/SD:gp:shorts-for-men,Dt_25_04_2015,3,6
SD:gp:mens-skinny-jeans/SD:gp:shorts-for-men,Dt_26_04_2015,0,19
SD:gp:mens-skinny-jeans/SD:gp:shorts-for-men,Dt_27_04_2015,5,24
SD:gp:mens-skinny-jeans/SD:gp:shorts-for-men,Dt_28_04_2015,0,2
SD:gp:mens-skinny-jeans/SD:gp:shorts-for-men,Dt_29_04_2015,1,12
SD:gp:mens-skinny-jeans/SD:gp:shorts-for-men,Dt_30_04_2015,0,15
SD:gp:mens-skinny-jeans/SD:gp:shorts-for-men,Dt_01_05_2015,0,0
SD:gp:mens-skinny-jeans/SD:gp:shorts-for-men,Dt_02_05_2015,0,2
SD:gp:mens-skinny-jeans/SD:gp:shorts-for-men,Dt_03_05_2015,0,7
SD:gp:mens-skinny-jeans/SD:gp:shorts-for-men,Dt_04_05_2015,7,9
SD:gp:mens-skinny-jeans/SD:gp:shorts-for-men,Dt_05_05_2015,0,3
SD:gp:mens-skinny-jeans/SD:gp:shorts-for-men,Dt_06_05_2015,0,15
SD:gp:mens-skinny-jeans/SD:gp:shorts-for-men,Dt_07_05_2015,0,1
SD:gp:mens-skinny-jeans/SD:gp:shorts-for-men,Dt_08_05_2015,0,2
SD:gp:mens-skinny-jeans/SD:gp:shorts-for-men,Dt_09_05_2015,3,5
SD:gp:mens-skinny-jeans/SD:gp:shorts-for-men,Dt_10_05_2015,0,51
SD:gp:mens-skinny-jeans/SD:gp:shorts-for-men,Dt_11_05_2015,0,16
SD:gp:mens-skinny-jeans/SD:gp:shorts-for-men,Dt_12_05_2015,0,29
SD:gp:mens-skinny-jeans/SD:gp:shorts-for-men,Dt_13_05_2015,0,2
SD:gp:mens-skinny-jeans/SD:gp:shorts-for-men,Dt_14_05_2015,0,2
SD:gp:mens-skinny-jeans/SD:gp:shorts-for-men,Dt_15_05_2015,0,7
SD:gp:mens-skinny-jeans/SD:gp:shorts-for-men,Dt_16_05_2015,9,0
SD:gp:mens-skinny-jeans/SD:gp:shorts-for-men,Dt_17_05_2015,0,45
SD:gp:mens-socks/SD:gp:boxer-briefs,Dt_24_03_2015,0,4
SD:gp:mens-socks/SD:gp:boxer-briefs,Dt_25_03_2015,3,0
SD:gp:mens-socks/SD:gp:boxer-briefs,Dt_26_03_2015,0,0
SD:gp:mens-socks/SD:gp:boxer-briefs,Dt_27_03_2015,0,1
SD:gp:mens-socks/SD:gp:boxer-briefs,Dt_28_03_2015,2,0
SD:gp:mens-socks/SD:gp:boxer-briefs,Dt_29_03_2015,0,0
SD:gp:mens-socks/SD:gp:boxer-briefs,Dt_30_03_2015,0,0
SD:gp:mens-socks/SD:gp:boxer-briefs,Dt_31_03_2015,0,3
SD:gp:mens-socks/SD:gp:boxer-briefs,Dt_01_04_2015,0,0
SD:gp:mens-socks/SD:gp:boxer-briefs,Dt_02_04_2015,0,0
SD:gp:mens-socks/SD:gp:boxer-briefs,Dt_03_04_2015,0,0
SD:gp:mens-socks/SD:gp:boxer-briefs,Dt_04_04_2015,2,12
SD:gp:mens-socks/SD:gp:boxer-briefs,Dt_05_04_2015,0,0
SD:gp:mens-socks/SD:gp:boxer-briefs,Dt_06_04_2015,0,0
SD:gp:mens-socks/SD:gp:boxer-briefs,Dt_07_04_2015,0,0
SD:gp:mens-socks/SD:gp:boxer-briefs,Dt_08_04_2015,0,1
SD:gp:mens-socks/SD:gp:boxer-briefs,Dt_09_04_2015,2,1
SD:gp:mens-socks/SD:gp:boxer-briefs,Dt_10_04_2015,0,0
SD:gp:mens-socks/SD:gp:boxer-briefs,Dt_11_04_2015,0,0
SD:gp:mens-socks/SD:gp:boxer-briefs,Dt_12_04_2015,0,0
SD:gp:mens-socks/SD:gp:boxer-briefs,Dt_13_04_2015,0,0
SD:gp:mens-socks/SD:gp:boxer-briefs,Dt_14_04_2015,6,1
SD:gp:mens-socks/SD:gp:boxer-briefs,Dt_15_04_2015,0,0
SD:gp:mens-socks/SD:gp:boxer-briefs,Dt_16_04_2015,2,0
SD:gp:mens-socks/SD:gp:boxer-briefs,Dt_17_04_2015,0,0
SD:gp:mens-socks/SD:gp:boxer-briefs,Dt_18_04_2015,2,0
SD:gp:mens-socks/SD:gp:boxer-briefs,Dt_19_04_2015,2,0
SD:gp:mens-socks/SD:gp:boxer-briefs,Dt_20_04_2015,0,2
SD:gp:mens-socks/SD:gp:boxer-briefs,Dt_21_04_2015,0,0
SD:gp:mens-socks/SD:gp:boxer-briefs,Dt_22_04_2015,10,0
SD:gp:mens-socks/SD:gp:boxer-briefs,Dt_23_04_2015,0,0
SD:gp:mens-socks/SD:gp:boxer-briefs,Dt_24_04_2015,0,0
SD:gp:mens-socks/SD:gp:boxer-briefs,Dt_25_04_2015,0,0
SD:gp:mens-socks/SD:gp:boxer-briefs,Dt_26_04_2015,0,0
SD:gp:mens-socks/SD:gp:boxer-briefs,Dt_27_04_2015,0,0
SD:gp:mens-socks/SD:gp:boxer-briefs,Dt_28_04_2015,0,0
SD:gp:mens-socks/SD:gp:boxer-briefs,Dt_29_04_2015,0,0
SD:gp:mens-socks/SD:gp:boxer-briefs,Dt_30_04_2015,0,0
SD:gp:mens-socks/SD:gp:boxer-briefs,Dt_01_05_2015,3,13
SD:gp:mens-socks/SD:gp:boxer-briefs,Dt_02_05_2015,0,0
SD:gp:mens-socks/SD:gp:boxer-briefs,Dt_03_05_2015,0,0
SD:gp:mens-socks/SD:gp:boxer-briefs,Dt_04_05_2015,0,0
SD:gp:mens-socks/SD:gp:boxer-briefs,Dt_05_05_2015,1,0
SD:gp:mens-socks/SD:gp:boxer-briefs,Dt_06_05_2015,0,0
SD:gp:mens-socks/SD:gp:boxer-briefs,Dt_07_05_2015,2,13
SD:gp:mens-socks/SD:gp:boxer-briefs,Dt_08_05_2015,0,0
SD:gp:mens-socks/SD:gp:boxer-briefs,Dt_09_05_2015,0,0
SD:gp:mens-socks/SD:gp:boxer-briefs,Dt_10_05_2015,16,0
SD:gp:mens-socks/SD:gp:boxer-briefs,Dt_11_05_2015,10,0
SD:gp:mens-socks/SD:gp:boxer-briefs,Dt_12_05_2015,0,0
SD:gp:mens-socks/SD:gp:boxer-briefs,Dt_13_05_2015,0,0
SD:gp:mens-socks/SD:gp:boxer-briefs,Dt_14_05_2015,0,0
SD:gp:mens-socks/SD:gp:boxer-briefs,Dt_15_05_2015,0,0
SD:gp:mens-socks/SD:gp:boxer-briefs,Dt_16_05_2015,0,0
SD:gp:mens-socks/SD:gp:boxer-briefs,Dt_17_05_2015,0,2
SD:gp:mens-sweatshirts/SD:gp:mens-short-sleeve-shirts,Dt_24_03_2015,0,0
SD:gp:mens-sweatshirts/SD:gp:mens-short-sleeve-shirts,Dt_25_03_2015,0,0
SD:gp:mens-sweatshirts/SD:gp:mens-short-sleeve-shirts,Dt_26_03_2015,0,0
SD:gp:mens-sweatshirts/SD:gp:mens-short-sleeve-shirts,Dt_27_03_2015,0,0
SD:gp:mens-sweatshirts/SD:gp:mens-short-sleeve-shirts,Dt_28_03_2015,0,0
SD:gp:mens-sweatshirts/SD:gp:mens-short-sleeve-shirts,Dt_29_03_2015,0,0
SD:gp:mens-sweatshirts/SD:gp:mens-short-sleeve-shirts,Dt_30_03_2015,0,0
SD:gp:mens-sweatshirts/SD:gp:mens-short-sleeve-shirts,Dt_31_03_2015,0,0
SD:gp:mens-sweatshirts/SD:gp:mens-short-sleeve-shirts,Dt_01_04_2015,0,0
SD:gp:mens-sweatshirts/SD:gp:mens-short-sleeve-shirts,Dt_02_04_2015,0,0
SD:gp:mens-sweatshirts/SD:gp:mens-short-sleeve-shirts,Dt_03_04_2015,0,0
SD:gp:mens-sweatshirts/SD:gp:mens-short-sleeve-shirts,Dt_04_04_2015,0,0
SD:gp:mens-sweatshirts/SD:gp:mens-short-sleeve-shirts,Dt_05_04_2015,0,0
SD:gp:mens-sweatshirts/SD:gp:mens-short-sleeve-shirts,Dt_06_04_2015,0,0
SD:gp:mens-sweatshirts/SD:gp:mens-short-sleeve-shirts,Dt_07_04_2015,0,0
SD:gp:mens-sweatshirts/SD:gp:mens-short-sleeve-shirts,Dt_08_04_2015,0,0
SD:gp:mens-sweatshirts/SD:gp:mens-short-sleeve-shirts,Dt_09_04_2015,0,0
SD:gp:mens-sweatshirts/SD:gp:mens-short-sleeve-shirts,Dt_10_04_2015,0,5
SD:gp:mens-sweatshirts/SD:gp:mens-short-sleeve-shirts,Dt_11_04_2015,0,0
SD:gp:mens-sweatshirts/SD:gp:mens-short-sleeve-shirts,Dt_12_04_2015,0,0
SD:gp:mens-sweatshirts/SD:gp:mens-short-sleeve-shirts,Dt_13_04_2015,4,0
SD:gp:mens-sweatshirts/SD:gp:mens-short-sleeve-shirts,Dt_14_04_2015,0,0
SD:gp:mens-sweatshirts/SD:gp:mens-short-sleeve-shirts,Dt_15_04_2015,1,0
SD:gp:mens-sweatshirts/SD:gp:mens-short-sleeve-shirts,Dt_16_04_2015,1,0
SD:gp:mens-sweatshirts/SD:gp:mens-short-sleeve-shirts,Dt_17_04_2015,0,0
SD:gp:mens-sweatshirts/SD:gp:mens-short-sleeve-shirts,Dt_18_04_2015,0,11
SD:gp:mens-sweatshirts/SD:gp:mens-short-sleeve-shirts,Dt_19_04_2015,0,0
SD:gp:mens-sweatshirts/SD:gp:mens-short-sleeve-shirts,Dt_20_04_2015,0,0
SD:gp:mens-sweatshirts/SD:gp:mens-short-sleeve-shirts,Dt_21_04_2015,0,0
SD:gp:mens-sweatshirts/SD:gp:mens-short-sleeve-shirts,Dt_22_04_2015,0,0
SD:gp:mens-sweatshirts/SD:gp:mens-short-sleeve-shirts,Dt_23_04_2015,0,0
SD:gp:mens-sweatshirts/SD:gp:mens-short-sleeve-shirts,Dt_24_04_2015,0,0
SD:gp:mens-sweatshirts/SD:gp:mens-short-sleeve-shirts,Dt_25_04_2015,0,0
SD:gp:mens-sweatshirts/SD:gp:mens-short-sleeve-shirts,Dt_26_04_2015,0,0
SD:gp:mens-sweatshirts/SD:gp:mens-short-sleeve-shirts,Dt_27_04_2015,0,0
SD:gp:mens-sweatshirts/SD:gp:mens-short-sleeve-shirts,Dt_28_04_2015,0,0
SD:gp:mens-sweatshirts/SD:gp:mens-short-sleeve-shirts,Dt_29_04_2015,0,2
SD:gp:mens-sweatshirts/SD:gp:mens-short-sleeve-shirts,Dt_30_04_2015,0,0
SD:gp:mens-sweatshirts/SD:gp:mens-short-sleeve-shirts,Dt_01_05_2015,0,0
SD:gp:mens-sweatshirts/SD:gp:mens-short-sleeve-shirts,Dt_02_05_2015,0,0
SD:gp:mens-sweatshirts/SD:gp:mens-short-sleeve-shirts,Dt_03_05_2015,0,0
SD:gp:mens-sweatshirts/SD:gp:mens-short-sleeve-shirts,Dt_04_05_2015,0,0
SD:gp:mens-sweatshirts/SD:gp:mens-short-sleeve-shirts,Dt_05_05_2015,3,0
SD:gp:mens-sweatshirts/SD:gp:mens-short-sleeve-shirts,Dt_06_05_2015,0,0
SD:gp:mens-sweatshirts/SD:gp:mens-short-sleeve-shirts,Dt_07_05_2015,0,0
SD:gp:mens-sweatshirts/SD:gp:mens-short-sleeve-shirts,Dt_08_05_2015,2,0
SD:gp:mens-sweatshirts/SD:gp:mens-short-sleeve-shirts,Dt_09_05_2015,0,0
SD:gp:mens-sweatshirts/SD:gp:mens-short-sleeve-shirts,Dt_10_05_2015,0,0
SD:gp:mens-sweatshirts/SD:gp:mens-short-sleeve-shirts,Dt_11_05_2015,0,4
SD:gp:mens-sweatshirts/SD:gp:mens-short-sleeve-shirts,Dt_12_05_2015,1,0
SD:gp:mens-sweatshirts/SD:gp:mens-short-sleeve-shirts,Dt_13_05_2015,0,0
SD:gp:mens-sweatshirts/SD:gp:mens-short-sleeve-shirts,Dt_14_05_2015,6,0
SD:gp:mens-sweatshirts/SD:gp:mens-short-sleeve-shirts,Dt_15_05_2015,0,0
SD:gp:mens-sweatshirts/SD:gp:mens-short-sleeve-shirts,Dt_16_05_2015,0,0
SD:gp:mens-sweatshirts/SD:gp:mens-short-sleeve-shirts,Dt_17_05_2015,0,0
SD:gp:relaxed-fit-pants-for-men/SD:gp:straight-leg-pan,Dt_24_03_2015,0,5
SD:gp:relaxed-fit-pants-for-men/SD:gp:straight-leg-pan,Dt_25_03_2015,0,5
SD:gp:relaxed-fit-pants-for-men/SD:gp:straight-leg-pan,Dt_26_03_2015,0,0
SD:gp:relaxed-fit-pants-for-men/SD:gp:straight-leg-pan,Dt_27_03_2015,3,0
SD:gp:relaxed-fit-pants-for-men/SD:gp:straight-leg-pan,Dt_28_03_2015,0,0
SD:gp:relaxed-fit-pants-for-men/SD:gp:straight-leg-pan,Dt_29_03_2015,0,0
SD:gp:relaxed-fit-pants-for-men/SD:gp:straight-leg-pan,Dt_30_03_2015,0,0
SD:gp:relaxed-fit-pants-for-men/SD:gp:straight-leg-pan,Dt_31_03_2015,0,0
SD:gp:relaxed-fit-pants-for-men/SD:gp:straight-leg-pan,Dt_01_04_2015,0,0
SD:gp:relaxed-fit-pants-for-men/SD:gp:straight-leg-pan,Dt_02_04_2015,0,0
SD:gp:relaxed-fit-pants-for-men/SD:gp:straight-leg-pan,Dt_03_04_2015,0,0
SD:gp:relaxed-fit-pants-for-men/SD:gp:straight-leg-pan,Dt_04_04_2015,7,0
SD:gp:relaxed-fit-pants-for-men/SD:gp:straight-leg-pan,Dt_05_04_2015,0,3
SD:gp:relaxed-fit-pants-for-men/SD:gp:straight-leg-pan,Dt_06_04_2015,0,0
SD:gp:relaxed-fit-pants-for-men/SD:gp:straight-leg-pan,Dt_07_04_2015,0,0
SD:gp:relaxed-fit-pants-for-men/SD:gp:straight-leg-pan,Dt_08_04_2015,0,0
SD:gp:relaxed-fit-pants-for-men/SD:gp:straight-leg-pan,Dt_09_04_2015,0,0
SD:gp:relaxed-fit-pants-for-men/SD:gp:straight-leg-pan,Dt_10_04_2015,0,0
SD:gp:relaxed-fit-pants-for-men/SD:gp:straight-leg-pan,Dt_11_04_2015,0,0
SD:gp:relaxed-fit-pants-for-men/SD:gp:straight-leg-pan,Dt_12_04_2015,0,0
SD:gp:relaxed-fit-pants-for-men/SD:gp:straight-leg-pan,Dt_13_04_2015,0,0
SD:gp:relaxed-fit-pants-for-men/SD:gp:straight-leg-pan,Dt_14_04_2015,0,0
SD:gp:relaxed-fit-pants-for-men/SD:gp:straight-leg-pan,Dt_15_04_2015,2,0
SD:gp:relaxed-fit-pants-for-men/SD:gp:straight-leg-pan,Dt_16_04_2015,0,0
SD:gp:relaxed-fit-pants-for-men/SD:gp:straight-leg-pan,Dt_17_04_2015,0,0
SD:gp:relaxed-fit-pants-for-men/SD:gp:straight-leg-pan,Dt_18_04_2015,0,0
SD:gp:relaxed-fit-pants-for-men/SD:gp:straight-leg-pan,Dt_19_04_2015,3,0
SD:gp:relaxed-fit-pants-for-men/SD:gp:straight-leg-pan,Dt_20_04_2015,0,0
SD:gp:relaxed-fit-pants-for-men/SD:gp:straight-leg-pan,Dt_21_04_2015,0,0
SD:gp:relaxed-fit-pants-for-men/SD:gp:straight-leg-pan,Dt_22_04_2015,4,9
SD:gp:relaxed-fit-pants-for-men/SD:gp:straight-leg-pan,Dt_23_04_2015,0,0
SD:gp:relaxed-fit-pants-for-men/SD:gp:straight-leg-pan,Dt_24_04_2015,0,0
SD:gp:relaxed-fit-pants-for-men/SD:gp:straight-leg-pan,Dt_25_04_2015,0,5
SD:gp:relaxed-fit-pants-for-men/SD:gp:straight-leg-pan,Dt_26_04_2015,0,0
SD:gp:relaxed-fit-pants-for-men/SD:gp:straight-leg-pan,Dt_27_04_2015,15,0
SD:gp:relaxed-fit-pants-for-men/SD:gp:straight-leg-pan,Dt_28_04_2015,0,0
SD:gp:relaxed-fit-pants-for-men/SD:gp:straight-leg-pan,Dt_29_04_2015,6,0
SD:gp:relaxed-fit-pants-for-men/SD:gp:straight-leg-pan,Dt_30_04_2015,0,0
SD:gp:relaxed-fit-pants-for-men/SD:gp:straight-leg-pan,Dt_01_05_2015,0,0
SD:gp:relaxed-fit-pants-for-men/SD:gp:straight-leg-pan,Dt_02_05_2015,0,0
SD:gp:relaxed-fit-pants-for-men/SD:gp:straight-leg-pan,Dt_03_05_2015,0,0
SD:gp:relaxed-fit-pants-for-men/SD:gp:straight-leg-pan,Dt_04_05_2015,0,0
SD:gp:relaxed-fit-pants-for-men/SD:gp:straight-leg-pan,Dt_05_05_2015,0,0
SD:gp:relaxed-fit-pants-for-men/SD:gp:straight-leg-pan,Dt_06_05_2015,0,0
SD:gp:relaxed-fit-pants-for-men/SD:gp:straight-leg-pan,Dt_07_05_2015,0,0
SD:gp:relaxed-fit-pants-for-men/SD:gp:straight-leg-pan,Dt_08_05_2015,0,0
SD:gp:relaxed-fit-pants-for-men/SD:gp:straight-leg-pan,Dt_09_05_2015,0,0
SD:gp:relaxed-fit-pants-for-men/SD:gp:straight-leg-pan,Dt_10_05_2015,0,0
SD:gp:relaxed-fit-pants-for-men/SD:gp:straight-leg-pan,Dt_11_05_2015,0,0
SD:gp:relaxed-fit-pants-for-men/SD:gp:straight-leg-pan,Dt_12_05_2015,0,0
SD:gp:relaxed-fit-pants-for-men/SD:gp:straight-leg-pan,Dt_13_05_2015,0,0
SD:gp:relaxed-fit-pants-for-men/SD:gp:straight-leg-pan,Dt_14_05_2015,2,0
SD:gp:relaxed-fit-pants-for-men/SD:gp:straight-leg-pan,Dt_15_05_2015,0,0
SD:gp:relaxed-fit-pants-for-men/SD:gp:straight-leg-pan,Dt_16_05_2015,3,0
SD:gp:relaxed-fit-pants-for-men/SD:gp:straight-leg-pan,Dt_17_05_2015,0,0
SD:gp:slim-jeans-for-men/SD:gp:mens-cargo-shorts,Dt_24_03_2015,12,0
SD:gp:slim-jeans-for-men/SD:gp:mens-cargo-shorts,Dt_25_03_2015,0,0
SD:gp:slim-jeans-for-men/SD:gp:mens-cargo-shorts,Dt_26_03_2015,0,0
SD:gp:slim-jeans-for-men/SD:gp:mens-cargo-shorts,Dt_27_03_2015,19,17
SD:gp:slim-jeans-for-men/SD:gp:mens-cargo-shorts,Dt_28_03_2015,0,0
SD:gp:slim-jeans-for-men/SD:gp:mens-cargo-shorts,Dt_29_03_2015,15,9
SD:gp:slim-jeans-for-men/SD:gp:mens-cargo-shorts,Dt_30_03_2015,28,0
SD:gp:slim-jeans-for-men/SD:gp:mens-cargo-shorts,Dt_31_03_2015,4,5
SD:gp:slim-jeans-for-men/SD:gp:mens-cargo-shorts,Dt_01_04_2015,0,0
SD:gp:slim-jeans-for-men/SD:gp:mens-cargo-shorts,Dt_02_04_2015,0,0
SD:gp:slim-jeans-for-men/SD:gp:mens-cargo-shorts,Dt_03_04_2015,0,0
SD:gp:slim-jeans-for-men/SD:gp:mens-cargo-shorts,Dt_04_04_2015,0,1
SD:gp:slim-jeans-for-men/SD:gp:mens-cargo-shorts,Dt_05_04_2015,0,0
SD:gp:slim-jeans-for-men/SD:gp:mens-cargo-shorts,Dt_06_04_2015,0,0
SD:gp:slim-jeans-for-men/SD:gp:mens-cargo-shorts,Dt_07_04_2015,0,0
SD:gp:slim-jeans-for-men/SD:gp:mens-cargo-shorts,Dt_08_04_2015,0,0
SD:gp:slim-jeans-for-men/SD:gp:mens-cargo-shorts,Dt_09_04_2015,6,0
SD:gp:slim-jeans-for-men/SD:gp:mens-cargo-shorts,Dt_10_04_2015,0,0
SD:gp:slim-jeans-for-men/SD:gp:mens-cargo-shorts,Dt_11_04_2015,9,0
SD:gp:slim-jeans-for-men/SD:gp:mens-cargo-shorts,Dt_12_04_2015,0,0
SD:gp:slim-jeans-for-men/SD:gp:mens-cargo-shorts,Dt_13_04_2015,0,0
SD:gp:slim-jeans-for-men/SD:gp:mens-cargo-shorts,Dt_14_04_2015,0,0
SD:gp:slim-jeans-for-men/SD:gp:mens-cargo-shorts,Dt_15_04_2015,0,0
SD:gp:slim-jeans-for-men/SD:gp:mens-cargo-shorts,Dt_16_04_2015,4,0
SD:gp:slim-jeans-for-men/SD:gp:mens-cargo-shorts,Dt_17_04_2015,0,0
SD:gp:slim-jeans-for-men/SD:gp:mens-cargo-shorts,Dt_18_04_2015,0,0
SD:gp:slim-jeans-for-men/SD:gp:mens-cargo-shorts,Dt_19_04_2015,0,0
SD:gp:slim-jeans-for-men/SD:gp:mens-cargo-shorts,Dt_20_04_2015,0,7
SD:gp:slim-jeans-for-men/SD:gp:mens-cargo-shorts,Dt_21_04_2015,21,0
SD:gp:slim-jeans-for-men/SD:gp:mens-cargo-shorts,Dt_22_04_2015,0,0
SD:gp:slim-jeans-for-men/SD:gp:mens-cargo-shorts,Dt_23_04_2015,0,0
SD:gp:slim-jeans-for-men/SD:gp:mens-cargo-shorts,Dt_24_04_2015,2,3
SD:gp:slim-jeans-for-men/SD:gp:mens-cargo-shorts,Dt_25_04_2015,17,0
SD:gp:slim-jeans-for-men/SD:gp:mens-cargo-shorts,Dt_26_04_2015,8,16
SD:gp:slim-jeans-for-men/SD:gp:mens-cargo-shorts,Dt_27_04_2015,0,0
SD:gp:slim-jeans-for-men/SD:gp:mens-cargo-shorts,Dt_28_04_2015,0,0
SD:gp:slim-jeans-for-men/SD:gp:mens-cargo-shorts,Dt_29_04_2015,3,5
SD:gp:slim-jeans-for-men/SD:gp:mens-cargo-shorts,Dt_30_04_2015,0,0
SD:gp:slim-jeans-for-men/SD:gp:mens-cargo-shorts,Dt_01_05_2015,0,0
SD:gp:slim-jeans-for-men/SD:gp:mens-cargo-shorts,Dt_02_05_2015,0,0
SD:gp:slim-jeans-for-men/SD:gp:mens-cargo-shorts,Dt_03_05_2015,0,0
SD:gp:slim-jeans-for-men/SD:gp:mens-cargo-shorts,Dt_04_05_2015,0,0
SD:gp:slim-jeans-for-men/SD:gp:mens-cargo-shorts,Dt_05_05_2015,0,0
SD:gp:slim-jeans-for-men/SD:gp:mens-cargo-shorts,Dt_06_05_2015,3,0
SD:gp:slim-jeans-for-men/SD:gp:mens-cargo-shorts,Dt_07_05_2015,0,0
SD:gp:slim-jeans-for-men/SD:gp:mens-cargo-shorts,Dt_08_05_2015,10,0
SD:gp:slim-jeans-for-men/SD:gp:mens-cargo-shorts,Dt_09_05_2015,3,4
SD:gp:slim-jeans-for-men/SD:gp:mens-cargo-shorts,Dt_10_05_2015,9,0
SD:gp:slim-jeans-for-men/SD:gp:mens-cargo-shorts,Dt_11_05_2015,0,3
SD:gp:slim-jeans-for-men/SD:gp:mens-cargo-shorts,Dt_12_05_2015,2,0
SD:gp:slim-jeans-for-men/SD:gp:mens-cargo-shorts,Dt_13_05_2015,46,0
SD:gp:slim-jeans-for-men/SD:gp:mens-cargo-shorts,Dt_14_05_2015,2,0
SD:gp:slim-jeans-for-men/SD:gp:mens-cargo-shorts,Dt_15_05_2015,0,0
SD:gp:slim-jeans-for-men/SD:gp:mens-cargo-shorts,Dt_16_05_2015,0,0
SD:gp:slim-jeans-for-men/SD:gp:mens-cargo-shorts,Dt_17_05_2015,0,1
SD:gp:straight-leg-pants-for-men/SD:gp:mens-coats,Dt_24_03_2015,0,0
SD:gp:straight-leg-pants-for-men/SD:gp:mens-coats,Dt_25_03_2015,0,0
SD:gp:straight-leg-pants-for-men/SD:gp:mens-coats,Dt_26_03_2015,0,0
SD:gp:straight-leg-pants-for-men/SD:gp:mens-coats,Dt_27_03_2015,0,0
SD:gp:straight-leg-pants-for-men/SD:gp:mens-coats,Dt_28_03_2015,0,0
SD:gp:straight-leg-pants-for-men/SD:gp:mens-coats,Dt_29_03_2015,0,0
SD:gp:straight-leg-pants-for-men/SD:gp:mens-coats,Dt_30_03_2015,0,0
SD:gp:straight-leg-pants-for-men/SD:gp:mens-coats,Dt_31_03_2015,0,0
SD:gp:straight-leg-pants-for-men/SD:gp:mens-coats,Dt_01_04_2015,0,0
SD:gp:straight-leg-pants-for-men/SD:gp:mens-coats,Dt_02_04_2015,0,0
SD:gp:straight-leg-pants-for-men/SD:gp:mens-coats,Dt_03_04_2015,0,0
SD:gp:straight-leg-pants-for-men/SD:gp:mens-coats,Dt_04_04_2015,0,0
SD:gp:straight-leg-pants-for-men/SD:gp:mens-coats,Dt_05_04_2015,0,0
SD:gp:straight-leg-pants-for-men/SD:gp:mens-coats,Dt_06_04_2015,0,0
SD:gp:straight-leg-pants-for-men/SD:gp:mens-coats,Dt_07_04_2015,0,0
SD:gp:straight-leg-pants-for-men/SD:gp:mens-coats,Dt_08_04_2015,0,0
SD:gp:straight-leg-pants-for-men/SD:gp:mens-coats,Dt_09_04_2015,0,0
SD:gp:straight-leg-pants-for-men/SD:gp:mens-coats,Dt_10_04_2015,0,0
SD:gp:straight-leg-pants-for-men/SD:gp:mens-coats,Dt_11_04_2015,0,0
SD:gp:straight-leg-pants-for-men/SD:gp:mens-coats,Dt_12_04_2015,0,0
SD:gp:straight-leg-pants-for-men/SD:gp:mens-coats,Dt_13_04_2015,0,0
SD:gp:straight-leg-pants-for-men/SD:gp:mens-coats,Dt_14_04_2015,0,0
SD:gp:straight-leg-pants-for-men/SD:gp:mens-coats,Dt_15_04_2015,0,0
SD:gp:straight-leg-pants-for-men/SD:gp:mens-coats,Dt_16_04_2015,0,0
SD:gp:straight-leg-pants-for-men/SD:gp:mens-coats,Dt_17_04_2015,0,0
SD:gp:straight-leg-pants-for-men/SD:gp:mens-coats,Dt_18_04_2015,0,0
SD:gp:straight-leg-pants-for-men/SD:gp:mens-coats,Dt_19_04_2015,0,1
SD:gp:straight-leg-pants-for-men/SD:gp:mens-coats,Dt_20_04_2015,0,0
SD:gp:straight-leg-pants-for-men/SD:gp:mens-coats,Dt_21_04_2015,0,0
SD:gp:straight-leg-pants-for-men/SD:gp:mens-coats,Dt_22_04_2015,0,0
SD:gp:straight-leg-pants-for-men/SD:gp:mens-coats,Dt_23_04_2015,0,0
SD:gp:straight-leg-pants-for-men/SD:gp:mens-coats,Dt_24_04_2015,0,0
SD:gp:straight-leg-pants-for-men/SD:gp:mens-coats,Dt_25_04_2015,0,0
SD:gp:straight-leg-pants-for-men/SD:gp:mens-coats,Dt_26_04_2015,0,0
SD:gp:straight-leg-pants-for-men/SD:gp:mens-coats,Dt_27_04_2015,0,3
SD:gp:straight-leg-pants-for-men/SD:gp:mens-coats,Dt_28_04_2015,0,0
SD:gp:straight-leg-pants-for-men/SD:gp:mens-coats,Dt_29_04_2015,0,0
SD:gp:straight-leg-pants-for-men/SD:gp:mens-coats,Dt_30_04_2015,0,0
SD:gp:straight-leg-pants-for-men/SD:gp:mens-coats,Dt_01_05_2015,0,0
SD:gp:straight-leg-pants-for-men/SD:gp:mens-coats,Dt_02_05_2015,0,0
SD:gp:straight-leg-pants-for-men/SD:gp:mens-coats,Dt_03_05_2015,0,0
SD:gp:straight-leg-pants-for-men/SD:gp:mens-coats,Dt_04_05_2015,0,0
SD:gp:straight-leg-pants-for-men/SD:gp:mens-coats,Dt_05_05_2015,0,0
SD:gp:straight-leg-pants-for-men/SD:gp:mens-coats,Dt_06_05_2015,0,0
SD:gp:straight-leg-pants-for-men/SD:gp:mens-coats,Dt_07_05_2015,0,0
SD:gp:straight-leg-pants-for-men/SD:gp:mens-coats,Dt_08_05_2015,0,0
SD:gp:straight-leg-pants-for-men/SD:gp:mens-coats,Dt_09_05_2015,0,0
SD:gp:straight-leg-pants-for-men/SD:gp:mens-coats,Dt_10_05_2015,0,0
SD:gp:straight-leg-pants-for-men/SD:gp:mens-coats,Dt_11_05_2015,0,0
SD:gp:straight-leg-pants-for-men/SD:gp:mens-coats,Dt_12_05_2015,0,0
SD:gp:straight-leg-pants-for-men/SD:gp:mens-coats,Dt_13_05_2015,0,0
SD:gp:straight-leg-pants-for-men/SD:gp:mens-coats,Dt_14_05_2015,0,0
SD:gp:straight-leg-pants-for-men/SD:gp:mens-coats,Dt_15_05_2015,0,0
SD:gp:straight-leg-pants-for-men/SD:gp:mens-coats,Dt_16_05_2015,0,0
SD:gp:straight-leg-pants-for-men/SD:gp:mens-coats,Dt_17_05_2015,0,6
