Pair_page,Dt,Control,Test
SD:gp:baggy-fit-jeans/SD:gp:men-shorts,Dt_24_03_2015,0,0
SD:gp:baggy-fit-jeans/SD:gp:men-shorts,Dt_25_03_2015,0,0
SD:gp:baggy-fit-jeans/SD:gp:men-shorts,Dt_26_03_2015,0,0
SD:gp:baggy-fit-jeans/SD:gp:men-shorts,Dt_27_03_2015,0,0
SD:gp:baggy-fit-jeans/SD:gp:men-shorts,Dt_28_03_2015,0,0
SD:gp:baggy-fit-jeans/SD:gp:men-shorts,Dt_29_03_2015,0,0
SD:gp:baggy-fit-jeans/SD:gp:men-shorts,Dt_30_03_2015,0,0
SD:gp:baggy-fit-jeans/SD:gp:men-shorts,Dt_31_03_2015,0,0
SD:gp:baggy-fit-jeans/SD:gp:men-shorts,Dt_01_04_2015,0,0
SD:gp:baggy-fit-jeans/SD:gp:men-shorts,Dt_02_04_2015,0,0
SD:gp:baggy-fit-jeans/SD:gp:men-shorts,Dt_03_04_2015,0,0
SD:gp:baggy-fit-jeans/SD:gp:men-shorts,Dt_04_04_2015,0,0
SD:gp:baggy-fit-jeans/SD:gp:men-shorts,Dt_05_04_2015,0,0
SD:gp:baggy-fit-jeans/SD:gp:men-shorts,Dt_06_04_2015,0,0
SD:gp:baggy-fit-jeans/SD:gp:men-shorts,Dt_07_04_2015,0,0
SD:gp:baggy-fit-jeans/SD:gp:men-shorts,Dt_08_04_2015,0,0
SD:gp:baggy-fit-jeans/SD:gp:men-shorts,Dt_09_04_2015,0,0
SD:gp:baggy-fit-jeans/SD:gp:men-shorts,Dt_10_04_2015,0,0
SD:gp:baggy-fit-jeans/SD:gp:men-shorts,Dt_11_04_2015,0,0
SD:gp:baggy-fit-jeans/SD:gp:men-shorts,Dt_12_04_2015,0,0
SD:gp:baggy-fit-jeans/SD:gp:men-shorts,Dt_13_04_2015,0,0
SD:gp:baggy-fit-jeans/SD:gp:men-shorts,Dt_14_04_2015,0,0
SD:gp:baggy-fit-jeans/SD:gp:men-shorts,Dt_15_04_2015,0,0
SD:gp:baggy-fit-jeans/SD:gp:men-shorts,Dt_16_04_2015,0,0
SD:gp:baggy-fit-jeans/SD:gp:men-shorts,Dt_17_04_2015,0,1.49
SD:gp:baggy-fit-jeans/SD:gp:men-shorts,Dt_18_04_2015,0,0
SD:gp:baggy-fit-jeans/SD:gp:men-shorts,Dt_19_04_2015,0,0
SD:gp:baggy-fit-jeans/SD:gp:men-shorts,Dt_20_04_2015,0,0
SD:gp:baggy-fit-jeans/SD:gp:men-shorts,Dt_21_04_2015,0,0
SD:gp:baggy-fit-jeans/SD:gp:men-shorts,Dt_22_04_2015,0,0
SD:gp:baggy-fit-jeans/SD:gp:men-shorts,Dt_23_04_2015,0,0
SD:gp:baggy-fit-jeans/SD:gp:men-shorts,Dt_24_04_2015,0,0
SD:gp:baggy-fit-jeans/SD:gp:men-shorts,Dt_25_04_2015,0,0
SD:gp:baggy-fit-jeans/SD:gp:men-shorts,Dt_26_04_2015,0,1.53
SD:gp:baggy-fit-jeans/SD:gp:men-shorts,Dt_27_04_2015,0,0
SD:gp:baggy-fit-jeans/SD:gp:men-shorts,Dt_28_04_2015,0,0
SD:gp:baggy-fit-jeans/SD:gp:men-shorts,Dt_29_04_2015,0,0
SD:gp:baggy-fit-jeans/SD:gp:men-shorts,Dt_30_04_2015,0,0
SD:gp:baggy-fit-jeans/SD:gp:men-shorts,Dt_01_05_2015,2.22,0
SD:gp:baggy-fit-jeans/SD:gp:men-shorts,Dt_02_05_2015,0,0
SD:gp:baggy-fit-jeans/SD:gp:men-shorts,Dt_03_05_2015,0,0
SD:gp:baggy-fit-jeans/SD:gp:men-shorts,Dt_04_05_2015,0,0
SD:gp:baggy-fit-jeans/SD:gp:men-shorts,Dt_05_05_2015,0,0
SD:gp:baggy-fit-jeans/SD:gp:men-shorts,Dt_06_05_2015,0,0
SD:gp:baggy-fit-jeans/SD:gp:men-shorts,Dt_07_05_2015,0,0.55
SD:gp:baggy-fit-jeans/SD:gp:men-shorts,Dt_08_05_2015,0,0
SD:gp:baggy-fit-jeans/SD:gp:men-shorts,Dt_09_05_2015,0,0
SD:gp:baggy-fit-jeans/SD:gp:men-shorts,Dt_10_05_2015,0,0.11
SD:gp:baggy-fit-jeans/SD:gp:men-shorts,Dt_11_05_2015,0,0.19
SD:gp:baggy-fit-jeans/SD:gp:men-shorts,Dt_12_05_2015,0,0
SD:gp:baggy-fit-jeans/SD:gp:men-shorts,Dt_13_05_2015,0,0
SD:gp:baggy-fit-jeans/SD:gp:men-shorts,Dt_14_05_2015,0,0
SD:gp:baggy-fit-jeans/SD:gp:men-shorts,Dt_15_05_2015,0,0
SD:gp:baggy-fit-jeans/SD:gp:men-shorts,Dt_16_05_2015,0.62,0
SD:gp:baggy-fit-jeans/SD:gp:men-shorts,Dt_17_05_2015,0,0
SD:gp:big-and-tall-clothing/SD:gp:mens-fleece-hoodie,Dt_24_03_2015,0,0
SD:gp:big-and-tall-clothing/SD:gp:mens-fleece-hoodie,Dt_25_03_2015,0.05,0
SD:gp:big-and-tall-clothing/SD:gp:mens-fleece-hoodie,Dt_26_03_2015,0.26,0
SD:gp:big-and-tall-clothing/SD:gp:mens-fleece-hoodie,Dt_27_03_2015,0.67,0
SD:gp:big-and-tall-clothing/SD:gp:mens-fleece-hoodie,Dt_28_03_2015,0.22,0
SD:gp:big-and-tall-clothing/SD:gp:mens-fleece-hoodie,Dt_29_03_2015,0.2,0
SD:gp:big-and-tall-clothing/SD:gp:mens-fleece-hoodie,Dt_30_03_2015,0,0
SD:gp:big-and-tall-clothing/SD:gp:mens-fleece-hoodie,Dt_31_03_2015,0.04,0
SD:gp:big-and-tall-clothing/SD:gp:mens-fleece-hoodie,Dt_01_04_2015,0.81,0
SD:gp:big-and-tall-clothing/SD:gp:mens-fleece-hoodie,Dt_02_04_2015,0.44,0
SD:gp:big-and-tall-clothing/SD:gp:mens-fleece-hoodie,Dt_03_04_2015,0.26,0
SD:gp:big-and-tall-clothing/SD:gp:mens-fleece-hoodie,Dt_04_04_2015,0.23,0
SD:gp:big-and-tall-clothing/SD:gp:mens-fleece-hoodie,Dt_05_04_2015,0.07,0
SD:gp:big-and-tall-clothing/SD:gp:mens-fleece-hoodie,Dt_06_04_2015,0,0
SD:gp:big-and-tall-clothing/SD:gp:mens-fleece-hoodie,Dt_07_04_2015,0.24,0
SD:gp:big-and-tall-clothing/SD:gp:mens-fleece-hoodie,Dt_08_04_2015,0,0
SD:gp:big-and-tall-clothing/SD:gp:mens-fleece-hoodie,Dt_09_04_2015,0.19,0
SD:gp:big-and-tall-clothing/SD:gp:mens-fleece-hoodie,Dt_10_04_2015,0.04,0
SD:gp:big-and-tall-clothing/SD:gp:mens-fleece-hoodie,Dt_11_04_2015,0.12,0
SD:gp:big-and-tall-clothing/SD:gp:mens-fleece-hoodie,Dt_12_04_2015,0,0
SD:gp:big-and-tall-clothing/SD:gp:mens-fleece-hoodie,Dt_13_04_2015,0.48,0
SD:gp:big-and-tall-clothing/SD:gp:mens-fleece-hoodie,Dt_14_04_2015,0.48,0
SD:gp:big-and-tall-clothing/SD:gp:mens-fleece-hoodie,Dt_15_04_2015,0.25,0
SD:gp:big-and-tall-clothing/SD:gp:mens-fleece-hoodie,Dt_16_04_2015,0.06,0
SD:gp:big-and-tall-clothing/SD:gp:mens-fleece-hoodie,Dt_17_04_2015,0,0
SD:gp:big-and-tall-clothing/SD:gp:mens-fleece-hoodie,Dt_18_04_2015,0.17,0
SD:gp:big-and-tall-clothing/SD:gp:mens-fleece-hoodie,Dt_19_04_2015,0.33,0
SD:gp:big-and-tall-clothing/SD:gp:mens-fleece-hoodie,Dt_20_04_2015,0.12,0
SD:gp:big-and-tall-clothing/SD:gp:mens-fleece-hoodie,Dt_21_04_2015,0.18,0
SD:gp:big-and-tall-clothing/SD:gp:mens-fleece-hoodie,Dt_22_04_2015,0.11,0
SD:gp:big-and-tall-clothing/SD:gp:mens-fleece-hoodie,Dt_23_04_2015,0,0
SD:gp:big-and-tall-clothing/SD:gp:mens-fleece-hoodie,Dt_24_04_2015,0.09,0
SD:gp:big-and-tall-clothing/SD:gp:mens-fleece-hoodie,Dt_25_04_2015,0,0
SD:gp:big-and-tall-clothing/SD:gp:mens-fleece-hoodie,Dt_26_04_2015,0.23,0
SD:gp:big-and-tall-clothing/SD:gp:mens-fleece-hoodie,Dt_27_04_2015,0,0
SD:gp:big-and-tall-clothing/SD:gp:mens-fleece-hoodie,Dt_28_04_2015,0.95,0
SD:gp:big-and-tall-clothing/SD:gp:mens-fleece-hoodie,Dt_29_04_2015,0.17,0
SD:gp:big-and-tall-clothing/SD:gp:mens-fleece-hoodie,Dt_30_04_2015,0.35,0
SD:gp:big-and-tall-clothing/SD:gp:mens-fleece-hoodie,Dt_01_05_2015,0.04,0
SD:gp:big-and-tall-clothing/SD:gp:mens-fleece-hoodie,Dt_02_05_2015,0.1,0
SD:gp:big-and-tall-clothing/SD:gp:mens-fleece-hoodie,Dt_03_05_2015,0.14,0
SD:gp:big-and-tall-clothing/SD:gp:mens-fleece-hoodie,Dt_04_05_2015,0.08,0
SD:gp:big-and-tall-clothing/SD:gp:mens-fleece-hoodie,Dt_05_05_2015,0.68,0
SD:gp:big-and-tall-clothing/SD:gp:mens-fleece-hoodie,Dt_06_05_2015,0,0
SD:gp:big-and-tall-clothing/SD:gp:mens-fleece-hoodie,Dt_07_05_2015,0,0
SD:gp:big-and-tall-clothing/SD:gp:mens-fleece-hoodie,Dt_08_05_2015,0,0
SD:gp:big-and-tall-clothing/SD:gp:mens-fleece-hoodie,Dt_09_05_2015,0,0
SD:gp:big-and-tall-clothing/SD:gp:mens-fleece-hoodie,Dt_10_05_2015,0.41,0
SD:gp:big-and-tall-clothing/SD:gp:mens-fleece-hoodie,Dt_11_05_2015,0.02,0
SD:gp:big-and-tall-clothing/SD:gp:mens-fleece-hoodie,Dt_12_05_2015,0.16,0
SD:gp:big-and-tall-clothing/SD:gp:mens-fleece-hoodie,Dt_13_05_2015,0.02,0
SD:gp:big-and-tall-clothing/SD:gp:mens-fleece-hoodie,Dt_14_05_2015,0,0
SD:gp:big-and-tall-clothing/SD:gp:mens-fleece-hoodie,Dt_15_05_2015,0.82,0
SD:gp:big-and-tall-clothing/SD:gp:mens-fleece-hoodie,Dt_16_05_2015,0,0
SD:gp:big-and-tall-clothing/SD:gp:mens-fleece-hoodie,Dt_17_05_2015,0.04,0
SD:gp:big-and-tall-shirts/SD:gp:mens-low-rise-jeans,Dt_24_03_2015,0,0
SD:gp:big-and-tall-shirts/SD:gp:mens-low-rise-jeans,Dt_25_03_2015,0,0
SD:gp:big-and-tall-shirts/SD:gp:mens-low-rise-jeans,Dt_26_03_2015,0,0
SD:gp:big-and-tall-shirts/SD:gp:mens-low-rise-jeans,Dt_27_03_2015,0.31,0
SD:gp:big-and-tall-shirts/SD:gp:mens-low-rise-jeans,Dt_28_03_2015,0.24,0
SD:gp:big-and-tall-shirts/SD:gp:mens-low-rise-jeans,Dt_29_03_2015,0,0
SD:gp:big-and-tall-shirts/SD:gp:mens-low-rise-jeans,Dt_30_03_2015,1.11,0
SD:gp:big-and-tall-shirts/SD:gp:mens-low-rise-jeans,Dt_31_03_2015,0,0
SD:gp:big-and-tall-shirts/SD:gp:mens-low-rise-jeans,Dt_01_04_2015,0,0
SD:gp:big-and-tall-shirts/SD:gp:mens-low-rise-jeans,Dt_02_04_2015,5.24,0.71
SD:gp:big-and-tall-shirts/SD:gp:mens-low-rise-jeans,Dt_03_04_2015,0,0
SD:gp:big-and-tall-shirts/SD:gp:mens-low-rise-jeans,Dt_04_04_2015,0,0
SD:gp:big-and-tall-shirts/SD:gp:mens-low-rise-jeans,Dt_05_04_2015,0.21,0
SD:gp:big-and-tall-shirts/SD:gp:mens-low-rise-jeans,Dt_06_04_2015,0,0
SD:gp:big-and-tall-shirts/SD:gp:mens-low-rise-jeans,Dt_07_04_2015,0,0
SD:gp:big-and-tall-shirts/SD:gp:mens-low-rise-jeans,Dt_08_04_2015,0.11,0
SD:gp:big-and-tall-shirts/SD:gp:mens-low-rise-jeans,Dt_09_04_2015,0,0
SD:gp:big-and-tall-shirts/SD:gp:mens-low-rise-jeans,Dt_10_04_2015,0,0
SD:gp:big-and-tall-shirts/SD:gp:mens-low-rise-jeans,Dt_11_04_2015,0,0
SD:gp:big-and-tall-shirts/SD:gp:mens-low-rise-jeans,Dt_12_04_2015,0,0
SD:gp:big-and-tall-shirts/SD:gp:mens-low-rise-jeans,Dt_13_04_2015,1.07,0
SD:gp:big-and-tall-shirts/SD:gp:mens-low-rise-jeans,Dt_14_04_2015,1.52,0
SD:gp:big-and-tall-shirts/SD:gp:mens-low-rise-jeans,Dt_15_04_2015,0,0
SD:gp:big-and-tall-shirts/SD:gp:mens-low-rise-jeans,Dt_16_04_2015,0,0
SD:gp:big-and-tall-shirts/SD:gp:mens-low-rise-jeans,Dt_17_04_2015,0,0
SD:gp:big-and-tall-shirts/SD:gp:mens-low-rise-jeans,Dt_18_04_2015,0,0
SD:gp:big-and-tall-shirts/SD:gp:mens-low-rise-jeans,Dt_19_04_2015,0.15,0
SD:gp:big-and-tall-shirts/SD:gp:mens-low-rise-jeans,Dt_20_04_2015,1.02,0
SD:gp:big-and-tall-shirts/SD:gp:mens-low-rise-jeans,Dt_21_04_2015,0.1,0
SD:gp:big-and-tall-shirts/SD:gp:mens-low-rise-jeans,Dt_22_04_2015,0,0
SD:gp:big-and-tall-shirts/SD:gp:mens-low-rise-jeans,Dt_23_04_2015,0,0
SD:gp:big-and-tall-shirts/SD:gp:mens-low-rise-jeans,Dt_24_04_2015,0,0
SD:gp:big-and-tall-shirts/SD:gp:mens-low-rise-jeans,Dt_25_04_2015,0,0
SD:gp:big-and-tall-shirts/SD:gp:mens-low-rise-jeans,Dt_26_04_2015,0,0
SD:gp:big-and-tall-shirts/SD:gp:mens-low-rise-jeans,Dt_27_04_2015,0,0
SD:gp:big-and-tall-shirts/SD:gp:mens-low-rise-jeans,Dt_28_04_2015,0,0
SD:gp:big-and-tall-shirts/SD:gp:mens-low-rise-jeans,Dt_29_04_2015,0,0
SD:gp:big-and-tall-shirts/SD:gp:mens-low-rise-jeans,Dt_30_04_2015,0,0
SD:gp:big-and-tall-shirts/SD:gp:mens-low-rise-jeans,Dt_01_05_2015,0,0
SD:gp:big-and-tall-shirts/SD:gp:mens-low-rise-jeans,Dt_02_05_2015,0,0
SD:gp:big-and-tall-shirts/SD:gp:mens-low-rise-jeans,Dt_03_05_2015,0,0
SD:gp:big-and-tall-shirts/SD:gp:mens-low-rise-jeans,Dt_04_05_2015,0.94,0
SD:gp:big-and-tall-shirts/SD:gp:mens-low-rise-jeans,Dt_05_05_2015,0,0
SD:gp:big-and-tall-shirts/SD:gp:mens-low-rise-jeans,Dt_06_05_2015,0,0
SD:gp:big-and-tall-shirts/SD:gp:mens-low-rise-jeans,Dt_07_05_2015,0,0
SD:gp:big-and-tall-shirts/SD:gp:mens-low-rise-jeans,Dt_08_05_2015,0,0
SD:gp:big-and-tall-shirts/SD:gp:mens-low-rise-jeans,Dt_09_05_2015,0.85,0
SD:gp:big-and-tall-shirts/SD:gp:mens-low-rise-jeans,Dt_10_05_2015,0.07,0
SD:gp:big-and-tall-shirts/SD:gp:mens-low-rise-jeans,Dt_11_05_2015,0,0
SD:gp:big-and-tall-shirts/SD:gp:mens-low-rise-jeans,Dt_12_05_2015,0,0
SD:gp:big-and-tall-shirts/SD:gp:mens-low-rise-jeans,Dt_13_05_2015,0,0
SD:gp:big-and-tall-shirts/SD:gp:mens-low-rise-jeans,Dt_14_05_2015,0,0
SD:gp:big-and-tall-shirts/SD:gp:mens-low-rise-jeans,Dt_15_05_2015,0,0
SD:gp:big-and-tall-shirts/SD:gp:mens-low-rise-jeans,Dt_16_05_2015,0,0
SD:gp:big-and-tall-shirts/SD:gp:mens-low-rise-jeans,Dt_17_05_2015,0.11,0
SD:gp:cardigans-for-men/SD:gp:denim-shirts-for-men,Dt_24_03_2015,0,0
SD:gp:cardigans-for-men/SD:gp:denim-shirts-for-men,Dt_25_03_2015,0,0
SD:gp:cardigans-for-men/SD:gp:denim-shirts-for-men,Dt_26_03_2015,0,0
SD:gp:cardigans-for-men/SD:gp:denim-shirts-for-men,Dt_27_03_2015,0,0
SD:gp:cardigans-for-men/SD:gp:denim-shirts-for-men,Dt_28_03_2015,0,0
SD:gp:cardigans-for-men/SD:gp:denim-shirts-for-men,Dt_29_03_2015,0,0.68
SD:gp:cardigans-for-men/SD:gp:denim-shirts-for-men,Dt_30_03_2015,0,0
SD:gp:cardigans-for-men/SD:gp:denim-shirts-for-men,Dt_31_03_2015,0,0
SD:gp:cardigans-for-men/SD:gp:denim-shirts-for-men,Dt_01_04_2015,0,0.27
SD:gp:cardigans-for-men/SD:gp:denim-shirts-for-men,Dt_02_04_2015,0,0
SD:gp:cardigans-for-men/SD:gp:denim-shirts-for-men,Dt_03_04_2015,0,0
SD:gp:cardigans-for-men/SD:gp:denim-shirts-for-men,Dt_04_04_2015,0,0
SD:gp:cardigans-for-men/SD:gp:denim-shirts-for-men,Dt_05_04_2015,0,0
SD:gp:cardigans-for-men/SD:gp:denim-shirts-for-men,Dt_06_04_2015,0,0
SD:gp:cardigans-for-men/SD:gp:denim-shirts-for-men,Dt_07_04_2015,0,0
SD:gp:cardigans-for-men/SD:gp:denim-shirts-for-men,Dt_08_04_2015,0,0
SD:gp:cardigans-for-men/SD:gp:denim-shirts-for-men,Dt_09_04_2015,0,0
SD:gp:cardigans-for-men/SD:gp:denim-shirts-for-men,Dt_10_04_2015,0,0
SD:gp:cardigans-for-men/SD:gp:denim-shirts-for-men,Dt_11_04_2015,0,0
SD:gp:cardigans-for-men/SD:gp:denim-shirts-for-men,Dt_12_04_2015,0,0
SD:gp:cardigans-for-men/SD:gp:denim-shirts-for-men,Dt_13_04_2015,0,0
SD:gp:cardigans-for-men/SD:gp:denim-shirts-for-men,Dt_14_04_2015,0,0
SD:gp:cardigans-for-men/SD:gp:denim-shirts-for-men,Dt_15_04_2015,0,0.13
SD:gp:cardigans-for-men/SD:gp:denim-shirts-for-men,Dt_16_04_2015,0,0
SD:gp:cardigans-for-men/SD:gp:denim-shirts-for-men,Dt_17_04_2015,0,0
SD:gp:cardigans-for-men/SD:gp:denim-shirts-for-men,Dt_18_04_2015,0,0
SD:gp:cardigans-for-men/SD:gp:denim-shirts-for-men,Dt_19_04_2015,0,0.06
SD:gp:cardigans-for-men/SD:gp:denim-shirts-for-men,Dt_20_04_2015,0,0
SD:gp:cardigans-for-men/SD:gp:denim-shirts-for-men,Dt_21_04_2015,0,0
SD:gp:cardigans-for-men/SD:gp:denim-shirts-for-men,Dt_22_04_2015,0,0
SD:gp:cardigans-for-men/SD:gp:denim-shirts-for-men,Dt_23_04_2015,0,0.1
SD:gp:cardigans-for-men/SD:gp:denim-shirts-for-men,Dt_24_04_2015,0,0
SD:gp:cardigans-for-men/SD:gp:denim-shirts-for-men,Dt_25_04_2015,0.31,0
SD:gp:cardigans-for-men/SD:gp:denim-shirts-for-men,Dt_26_04_2015,0,0
SD:gp:cardigans-for-men/SD:gp:denim-shirts-for-men,Dt_27_04_2015,0,0
SD:gp:cardigans-for-men/SD:gp:denim-shirts-for-men,Dt_28_04_2015,0,0
SD:gp:cardigans-for-men/SD:gp:denim-shirts-for-men,Dt_29_04_2015,0,0
SD:gp:cardigans-for-men/SD:gp:denim-shirts-for-men,Dt_30_04_2015,0,0.15
SD:gp:cardigans-for-men/SD:gp:denim-shirts-for-men,Dt_01_05_2015,0,0.69
SD:gp:cardigans-for-men/SD:gp:denim-shirts-for-men,Dt_02_05_2015,0,0
SD:gp:cardigans-for-men/SD:gp:denim-shirts-for-men,Dt_03_05_2015,0,0
SD:gp:cardigans-for-men/SD:gp:denim-shirts-for-men,Dt_04_05_2015,0,0
SD:gp:cardigans-for-men/SD:gp:denim-shirts-for-men,Dt_05_05_2015,0,0
SD:gp:cardigans-for-men/SD:gp:denim-shirts-for-men,Dt_06_05_2015,0,0
SD:gp:cardigans-for-men/SD:gp:denim-shirts-for-men,Dt_07_05_2015,0,0
SD:gp:cardigans-for-men/SD:gp:denim-shirts-for-men,Dt_08_05_2015,0,0
SD:gp:cardigans-for-men/SD:gp:denim-shirts-for-men,Dt_09_05_2015,0,0
SD:gp:cardigans-for-men/SD:gp:denim-shirts-for-men,Dt_10_05_2015,0,0
SD:gp:cardigans-for-men/SD:gp:denim-shirts-for-men,Dt_11_05_2015,0,0
SD:gp:cardigans-for-men/SD:gp:denim-shirts-for-men,Dt_12_05_2015,0,0
SD:gp:cardigans-for-men/SD:gp:denim-shirts-for-men,Dt_13_05_2015,0,0
SD:gp:cardigans-for-men/SD:gp:denim-shirts-for-men,Dt_14_05_2015,0,0
SD:gp:cardigans-for-men/SD:gp:denim-shirts-for-men,Dt_15_05_2015,0,0
SD:gp:cardigans-for-men/SD:gp:denim-shirts-for-men,Dt_16_05_2015,0,0
SD:gp:cardigans-for-men/SD:gp:denim-shirts-for-men,Dt_17_05_2015,0,0
SD:gp:mens-cargo-pants/SD:gp:mens-vests,Dt_24_03_2015,0,0
SD:gp:mens-cargo-pants/SD:gp:mens-vests,Dt_25_03_2015,0,0
SD:gp:mens-cargo-pants/SD:gp:mens-vests,Dt_26_03_2015,0,0
SD:gp:mens-cargo-pants/SD:gp:mens-vests,Dt_27_03_2015,0,0
SD:gp:mens-cargo-pants/SD:gp:mens-vests,Dt_28_03_2015,0,0
SD:gp:mens-cargo-pants/SD:gp:mens-vests,Dt_29_03_2015,0,0
SD:gp:mens-cargo-pants/SD:gp:mens-vests,Dt_30_03_2015,0,0
SD:gp:mens-cargo-pants/SD:gp:mens-vests,Dt_31_03_2015,0,0
SD:gp:mens-cargo-pants/SD:gp:mens-vests,Dt_01_04_2015,0,0
SD:gp:mens-cargo-pants/SD:gp:mens-vests,Dt_02_04_2015,0.11,0
SD:gp:mens-cargo-pants/SD:gp:mens-vests,Dt_03_04_2015,0,0
SD:gp:mens-cargo-pants/SD:gp:mens-vests,Dt_04_04_2015,0.15,0
SD:gp:mens-cargo-pants/SD:gp:mens-vests,Dt_05_04_2015,0,0
SD:gp:mens-cargo-pants/SD:gp:mens-vests,Dt_06_04_2015,0,0
SD:gp:mens-cargo-pants/SD:gp:mens-vests,Dt_07_04_2015,0,0
SD:gp:mens-cargo-pants/SD:gp:mens-vests,Dt_08_04_2015,0,0
SD:gp:mens-cargo-pants/SD:gp:mens-vests,Dt_09_04_2015,0,0
SD:gp:mens-cargo-pants/SD:gp:mens-vests,Dt_10_04_2015,0,0
SD:gp:mens-cargo-pants/SD:gp:mens-vests,Dt_11_04_2015,0,0
SD:gp:mens-cargo-pants/SD:gp:mens-vests,Dt_12_04_2015,0,0
SD:gp:mens-cargo-pants/SD:gp:mens-vests,Dt_13_04_2015,0,0
SD:gp:mens-cargo-pants/SD:gp:mens-vests,Dt_14_04_2015,0,0
SD:gp:mens-cargo-pants/SD:gp:mens-vests,Dt_15_04_2015,0,0
SD:gp:mens-cargo-pants/SD:gp:mens-vests,Dt_16_04_2015,0,0
SD:gp:mens-cargo-pants/SD:gp:mens-vests,Dt_17_04_2015,0,0
SD:gp:mens-cargo-pants/SD:gp:mens-vests,Dt_18_04_2015,0,0
SD:gp:mens-cargo-pants/SD:gp:mens-vests,Dt_19_04_2015,0,0
SD:gp:mens-cargo-pants/SD:gp:mens-vests,Dt_20_04_2015,0,0
SD:gp:mens-cargo-pants/SD:gp:mens-vests,Dt_21_04_2015,0.17,0.47
SD:gp:mens-cargo-pants/SD:gp:mens-vests,Dt_22_04_2015,0,0
SD:gp:mens-cargo-pants/SD:gp:mens-vests,Dt_23_04_2015,0,0
SD:gp:mens-cargo-pants/SD:gp:mens-vests,Dt_24_04_2015,0,0
SD:gp:mens-cargo-pants/SD:gp:mens-vests,Dt_25_04_2015,0,0
SD:gp:mens-cargo-pants/SD:gp:mens-vests,Dt_26_04_2015,0,0
SD:gp:mens-cargo-pants/SD:gp:mens-vests,Dt_27_04_2015,0,0
SD:gp:mens-cargo-pants/SD:gp:mens-vests,Dt_28_04_2015,0,0
SD:gp:mens-cargo-pants/SD:gp:mens-vests,Dt_29_04_2015,0,0
SD:gp:mens-cargo-pants/SD:gp:mens-vests,Dt_30_04_2015,0,0
SD:gp:mens-cargo-pants/SD:gp:mens-vests,Dt_01_05_2015,0,0
SD:gp:mens-cargo-pants/SD:gp:mens-vests,Dt_02_05_2015,0,0
SD:gp:mens-cargo-pants/SD:gp:mens-vests,Dt_03_05_2015,0,0
SD:gp:mens-cargo-pants/SD:gp:mens-vests,Dt_04_05_2015,0,0
SD:gp:mens-cargo-pants/SD:gp:mens-vests,Dt_05_05_2015,0,0
SD:gp:mens-cargo-pants/SD:gp:mens-vests,Dt_06_05_2015,0,0
SD:gp:mens-cargo-pants/SD:gp:mens-vests,Dt_07_05_2015,0,0
SD:gp:mens-cargo-pants/SD:gp:mens-vests,Dt_08_05_2015,0,0
SD:gp:mens-cargo-pants/SD:gp:mens-vests,Dt_09_05_2015,0,0
SD:gp:mens-cargo-pants/SD:gp:mens-vests,Dt_10_05_2015,0,0
SD:gp:mens-cargo-pants/SD:gp:mens-vests,Dt_11_05_2015,0,0
SD:gp:mens-cargo-pants/SD:gp:mens-vests,Dt_12_05_2015,0,0
SD:gp:mens-cargo-pants/SD:gp:mens-vests,Dt_13_05_2015,0,0
SD:gp:mens-cargo-pants/SD:gp:mens-vests,Dt_14_05_2015,0.25,0
SD:gp:mens-cargo-pants/SD:gp:mens-vests,Dt_15_05_2015,0,0
SD:gp:mens-cargo-pants/SD:gp:mens-vests,Dt_16_05_2015,0.99,0
SD:gp:mens-cargo-pants/SD:gp:mens-vests,Dt_17_05_2015,0,0
SD:gp:mens-coats/SD:gp:mens-denim-jackets,Dt_24_03_2015,0,0
SD:gp:mens-coats/SD:gp:mens-denim-jackets,Dt_25_03_2015,0,0
SD:gp:mens-coats/SD:gp:mens-denim-jackets,Dt_26_03_2015,0,0
SD:gp:mens-coats/SD:gp:mens-denim-jackets,Dt_27_03_2015,0,0
SD:gp:mens-coats/SD:gp:mens-denim-jackets,Dt_28_03_2015,0,0
SD:gp:mens-coats/SD:gp:mens-denim-jackets,Dt_29_03_2015,0,0
SD:gp:mens-coats/SD:gp:mens-denim-jackets,Dt_30_03_2015,0,0
SD:gp:mens-coats/SD:gp:mens-denim-jackets,Dt_31_03_2015,0,0
SD:gp:mens-coats/SD:gp:mens-denim-jackets,Dt_01_04_2015,0,0
SD:gp:mens-coats/SD:gp:mens-denim-jackets,Dt_02_04_2015,0,0
SD:gp:mens-coats/SD:gp:mens-denim-jackets,Dt_03_04_2015,0,0
SD:gp:mens-coats/SD:gp:mens-denim-jackets,Dt_04_04_2015,0,0
SD:gp:mens-coats/SD:gp:mens-denim-jackets,Dt_05_04_2015,0,0
SD:gp:mens-coats/SD:gp:mens-denim-jackets,Dt_06_04_2015,0,0
SD:gp:mens-coats/SD:gp:mens-denim-jackets,Dt_07_04_2015,0,0
SD:gp:mens-coats/SD:gp:mens-denim-jackets,Dt_08_04_2015,0,0
SD:gp:mens-coats/SD:gp:mens-denim-jackets,Dt_09_04_2015,0,0
SD:gp:mens-coats/SD:gp:mens-denim-jackets,Dt_10_04_2015,0,0
SD:gp:mens-coats/SD:gp:mens-denim-jackets,Dt_11_04_2015,0,0
SD:gp:mens-coats/SD:gp:mens-denim-jackets,Dt_12_04_2015,0,0
SD:gp:mens-coats/SD:gp:mens-denim-jackets,Dt_13_04_2015,0,0
SD:gp:mens-coats/SD:gp:mens-denim-jackets,Dt_14_04_2015,0,0
SD:gp:mens-coats/SD:gp:mens-denim-jackets,Dt_15_04_2015,0,0
SD:gp:mens-coats/SD:gp:mens-denim-jackets,Dt_16_04_2015,0,0
SD:gp:mens-coats/SD:gp:mens-denim-jackets,Dt_17_04_2015,0,0
SD:gp:mens-coats/SD:gp:mens-denim-jackets,Dt_18_04_2015,0,0
SD:gp:mens-coats/SD:gp:mens-denim-jackets,Dt_19_04_2015,0,0.12
SD:gp:mens-coats/SD:gp:mens-denim-jackets,Dt_20_04_2015,0,0
SD:gp:mens-coats/SD:gp:mens-denim-jackets,Dt_21_04_2015,0,0
SD:gp:mens-coats/SD:gp:mens-denim-jackets,Dt_22_04_2015,0,0
SD:gp:mens-coats/SD:gp:mens-denim-jackets,Dt_23_04_2015,0,0
SD:gp:mens-coats/SD:gp:mens-denim-jackets,Dt_24_04_2015,0,0
SD:gp:mens-coats/SD:gp:mens-denim-jackets,Dt_25_04_2015,0,0
SD:gp:mens-coats/SD:gp:mens-denim-jackets,Dt_26_04_2015,0,0
SD:gp:mens-coats/SD:gp:mens-denim-jackets,Dt_27_04_2015,0,0.26
SD:gp:mens-coats/SD:gp:mens-denim-jackets,Dt_28_04_2015,0,0
SD:gp:mens-coats/SD:gp:mens-denim-jackets,Dt_29_04_2015,0,0
SD:gp:mens-coats/SD:gp:mens-denim-jackets,Dt_30_04_2015,0,0
SD:gp:mens-coats/SD:gp:mens-denim-jackets,Dt_01_05_2015,0,0
SD:gp:mens-coats/SD:gp:mens-denim-jackets,Dt_02_05_2015,0,0
SD:gp:mens-coats/SD:gp:mens-denim-jackets,Dt_03_05_2015,0,0
SD:gp:mens-coats/SD:gp:mens-denim-jackets,Dt_04_05_2015,0,0
SD:gp:mens-coats/SD:gp:mens-denim-jackets,Dt_05_05_2015,0,0
SD:gp:mens-coats/SD:gp:mens-denim-jackets,Dt_06_05_2015,0,0
SD:gp:mens-coats/SD:gp:mens-denim-jackets,Dt_07_05_2015,0,0
SD:gp:mens-coats/SD:gp:mens-denim-jackets,Dt_08_05_2015,0,0
SD:gp:mens-coats/SD:gp:mens-denim-jackets,Dt_09_05_2015,0,0
SD:gp:mens-coats/SD:gp:mens-denim-jackets,Dt_10_05_2015,0,0
SD:gp:mens-coats/SD:gp:mens-denim-jackets,Dt_11_05_2015,0,0
SD:gp:mens-coats/SD:gp:mens-denim-jackets,Dt_12_05_2015,0,0
SD:gp:mens-coats/SD:gp:mens-denim-jackets,Dt_13_05_2015,0,0
SD:gp:mens-coats/SD:gp:mens-denim-jackets,Dt_14_05_2015,0,0
SD:gp:mens-coats/SD:gp:mens-denim-jackets,Dt_15_05_2015,0,0
SD:gp:mens-coats/SD:gp:mens-denim-jackets,Dt_16_05_2015,0,0
SD:gp:mens-coats/SD:gp:mens-denim-jackets,Dt_17_05_2015,0,0.79
SD:gp:mens-cotton-pants/SD:gp:mens-fitted-dress-shirts,Dt_24_03_2015,0,0
SD:gp:mens-cotton-pants/SD:gp:mens-fitted-dress-shirts,Dt_25_03_2015,0,0
SD:gp:mens-cotton-pants/SD:gp:mens-fitted-dress-shirts,Dt_26_03_2015,0,0
SD:gp:mens-cotton-pants/SD:gp:mens-fitted-dress-shirts,Dt_27_03_2015,0,1.97
SD:gp:mens-cotton-pants/SD:gp:mens-fitted-dress-shirts,Dt_28_03_2015,0,0
SD:gp:mens-cotton-pants/SD:gp:mens-fitted-dress-shirts,Dt_29_03_2015,0,0
SD:gp:mens-cotton-pants/SD:gp:mens-fitted-dress-shirts,Dt_30_03_2015,0.13,0
SD:gp:mens-cotton-pants/SD:gp:mens-fitted-dress-shirts,Dt_31_03_2015,0,0
SD:gp:mens-cotton-pants/SD:gp:mens-fitted-dress-shirts,Dt_01_04_2015,0,0
SD:gp:mens-cotton-pants/SD:gp:mens-fitted-dress-shirts,Dt_02_04_2015,0,1.68
SD:gp:mens-cotton-pants/SD:gp:mens-fitted-dress-shirts,Dt_03_04_2015,0,0
SD:gp:mens-cotton-pants/SD:gp:mens-fitted-dress-shirts,Dt_04_04_2015,0,0
SD:gp:mens-cotton-pants/SD:gp:mens-fitted-dress-shirts,Dt_05_04_2015,0.22,0
SD:gp:mens-cotton-pants/SD:gp:mens-fitted-dress-shirts,Dt_06_04_2015,0,0
SD:gp:mens-cotton-pants/SD:gp:mens-fitted-dress-shirts,Dt_07_04_2015,0,0
SD:gp:mens-cotton-pants/SD:gp:mens-fitted-dress-shirts,Dt_08_04_2015,0,0
SD:gp:mens-cotton-pants/SD:gp:mens-fitted-dress-shirts,Dt_09_04_2015,0,0
SD:gp:mens-cotton-pants/SD:gp:mens-fitted-dress-shirts,Dt_10_04_2015,0,0
SD:gp:mens-cotton-pants/SD:gp:mens-fitted-dress-shirts,Dt_11_04_2015,0,0
SD:gp:mens-cotton-pants/SD:gp:mens-fitted-dress-shirts,Dt_12_04_2015,0,0
SD:gp:mens-cotton-pants/SD:gp:mens-fitted-dress-shirts,Dt_13_04_2015,0,0
SD:gp:mens-cotton-pants/SD:gp:mens-fitted-dress-shirts,Dt_14_04_2015,0,0
SD:gp:mens-cotton-pants/SD:gp:mens-fitted-dress-shirts,Dt_15_04_2015,0,0
SD:gp:mens-cotton-pants/SD:gp:mens-fitted-dress-shirts,Dt_16_04_2015,0,0
SD:gp:mens-cotton-pants/SD:gp:mens-fitted-dress-shirts,Dt_17_04_2015,0,0
SD:gp:mens-cotton-pants/SD:gp:mens-fitted-dress-shirts,Dt_18_04_2015,0,0
SD:gp:mens-cotton-pants/SD:gp:mens-fitted-dress-shirts,Dt_19_04_2015,0,0
SD:gp:mens-cotton-pants/SD:gp:mens-fitted-dress-shirts,Dt_20_04_2015,0,0
SD:gp:mens-cotton-pants/SD:gp:mens-fitted-dress-shirts,Dt_21_04_2015,0,0
SD:gp:mens-cotton-pants/SD:gp:mens-fitted-dress-shirts,Dt_22_04_2015,0,0
SD:gp:mens-cotton-pants/SD:gp:mens-fitted-dress-shirts,Dt_23_04_2015,0,0
SD:gp:mens-cotton-pants/SD:gp:mens-fitted-dress-shirts,Dt_24_04_2015,0,0
SD:gp:mens-cotton-pants/SD:gp:mens-fitted-dress-shirts,Dt_25_04_2015,0,0
SD:gp:mens-cotton-pants/SD:gp:mens-fitted-dress-shirts,Dt_26_04_2015,0.56,0.38
SD:gp:mens-cotton-pants/SD:gp:mens-fitted-dress-shirts,Dt_27_04_2015,0,0
SD:gp:mens-cotton-pants/SD:gp:mens-fitted-dress-shirts,Dt_28_04_2015,0,0.2
SD:gp:mens-cotton-pants/SD:gp:mens-fitted-dress-shirts,Dt_29_04_2015,0,0
SD:gp:mens-cotton-pants/SD:gp:mens-fitted-dress-shirts,Dt_30_04_2015,0.44,0
SD:gp:mens-cotton-pants/SD:gp:mens-fitted-dress-shirts,Dt_01_05_2015,0,0
SD:gp:mens-cotton-pants/SD:gp:mens-fitted-dress-shirts,Dt_02_05_2015,0,0
SD:gp:mens-cotton-pants/SD:gp:mens-fitted-dress-shirts,Dt_03_05_2015,0,0
SD:gp:mens-cotton-pants/SD:gp:mens-fitted-dress-shirts,Dt_04_05_2015,0.26,0
SD:gp:mens-cotton-pants/SD:gp:mens-fitted-dress-shirts,Dt_05_05_2015,0,0
SD:gp:mens-cotton-pants/SD:gp:mens-fitted-dress-shirts,Dt_06_05_2015,0,0
SD:gp:mens-cotton-pants/SD:gp:mens-fitted-dress-shirts,Dt_07_05_2015,0,0.76
SD:gp:mens-cotton-pants/SD:gp:mens-fitted-dress-shirts,Dt_08_05_2015,0,0
SD:gp:mens-cotton-pants/SD:gp:mens-fitted-dress-shirts,Dt_09_05_2015,0,0
SD:gp:mens-cotton-pants/SD:gp:mens-fitted-dress-shirts,Dt_10_05_2015,0,0
SD:gp:mens-cotton-pants/SD:gp:mens-fitted-dress-shirts,Dt_11_05_2015,0,0
SD:gp:mens-cotton-pants/SD:gp:mens-fitted-dress-shirts,Dt_12_05_2015,0.3,0
SD:gp:mens-cotton-pants/SD:gp:mens-fitted-dress-shirts,Dt_13_05_2015,0.28,0
SD:gp:mens-cotton-pants/SD:gp:mens-fitted-dress-shirts,Dt_14_05_2015,0,0
SD:gp:mens-cotton-pants/SD:gp:mens-fitted-dress-shirts,Dt_15_05_2015,0,0
SD:gp:mens-cotton-pants/SD:gp:mens-fitted-dress-shirts,Dt_16_05_2015,0,0
SD:gp:mens-cotton-pants/SD:gp:mens-fitted-dress-shirts,Dt_17_05_2015,0,0
SD:gp:mens-leather-jackets/SD:gp:mens-flannel-shirt,Dt_24_03_2015,0,0
SD:gp:mens-leather-jackets/SD:gp:mens-flannel-shirt,Dt_25_03_2015,0,0
SD:gp:mens-leather-jackets/SD:gp:mens-flannel-shirt,Dt_26_03_2015,0,0
SD:gp:mens-leather-jackets/SD:gp:mens-flannel-shirt,Dt_27_03_2015,0,0
SD:gp:mens-leather-jackets/SD:gp:mens-flannel-shirt,Dt_28_03_2015,0,0
SD:gp:mens-leather-jackets/SD:gp:mens-flannel-shirt,Dt_29_03_2015,0,0
SD:gp:mens-leather-jackets/SD:gp:mens-flannel-shirt,Dt_30_03_2015,0,0
SD:gp:mens-leather-jackets/SD:gp:mens-flannel-shirt,Dt_31_03_2015,0,0
SD:gp:mens-leather-jackets/SD:gp:mens-flannel-shirt,Dt_01_04_2015,0,0
SD:gp:mens-leather-jackets/SD:gp:mens-flannel-shirt,Dt_02_04_2015,0,0
SD:gp:mens-leather-jackets/SD:gp:mens-flannel-shirt,Dt_03_04_2015,0,0
SD:gp:mens-leather-jackets/SD:gp:mens-flannel-shirt,Dt_04_04_2015,0,0
SD:gp:mens-leather-jackets/SD:gp:mens-flannel-shirt,Dt_05_04_2015,0,0
SD:gp:mens-leather-jackets/SD:gp:mens-flannel-shirt,Dt_06_04_2015,0,0
SD:gp:mens-leather-jackets/SD:gp:mens-flannel-shirt,Dt_07_04_2015,0,0
SD:gp:mens-leather-jackets/SD:gp:mens-flannel-shirt,Dt_08_04_2015,0,0
SD:gp:mens-leather-jackets/SD:gp:mens-flannel-shirt,Dt_09_04_2015,0,0
SD:gp:mens-leather-jackets/SD:gp:mens-flannel-shirt,Dt_10_04_2015,0,0
SD:gp:mens-leather-jackets/SD:gp:mens-flannel-shirt,Dt_11_04_2015,0,0
SD:gp:mens-leather-jackets/SD:gp:mens-flannel-shirt,Dt_12_04_2015,0,0
SD:gp:mens-leather-jackets/SD:gp:mens-flannel-shirt,Dt_13_04_2015,0,0
SD:gp:mens-leather-jackets/SD:gp:mens-flannel-shirt,Dt_14_04_2015,0,0
SD:gp:mens-leather-jackets/SD:gp:mens-flannel-shirt,Dt_15_04_2015,0,0
SD:gp:mens-leather-jackets/SD:gp:mens-flannel-shirt,Dt_16_04_2015,0,0
SD:gp:mens-leather-jackets/SD:gp:mens-flannel-shirt,Dt_17_04_2015,0,0
SD:gp:mens-leather-jackets/SD:gp:mens-flannel-shirt,Dt_18_04_2015,0,0
SD:gp:mens-leather-jackets/SD:gp:mens-flannel-shirt,Dt_19_04_2015,0,0
SD:gp:mens-leather-jackets/SD:gp:mens-flannel-shirt,Dt_20_04_2015,0,0
SD:gp:mens-leather-jackets/SD:gp:mens-flannel-shirt,Dt_21_04_2015,0,0
SD:gp:mens-leather-jackets/SD:gp:mens-flannel-shirt,Dt_22_04_2015,0,0
SD:gp:mens-leather-jackets/SD:gp:mens-flannel-shirt,Dt_23_04_2015,0,0
SD:gp:mens-leather-jackets/SD:gp:mens-flannel-shirt,Dt_24_04_2015,0,0
SD:gp:mens-leather-jackets/SD:gp:mens-flannel-shirt,Dt_25_04_2015,0.53,0
SD:gp:mens-leather-jackets/SD:gp:mens-flannel-shirt,Dt_26_04_2015,0,0
SD:gp:mens-leather-jackets/SD:gp:mens-flannel-shirt,Dt_27_04_2015,0,0
SD:gp:mens-leather-jackets/SD:gp:mens-flannel-shirt,Dt_28_04_2015,0,0
SD:gp:mens-leather-jackets/SD:gp:mens-flannel-shirt,Dt_29_04_2015,0,0
SD:gp:mens-leather-jackets/SD:gp:mens-flannel-shirt,Dt_30_04_2015,0,0
SD:gp:mens-leather-jackets/SD:gp:mens-flannel-shirt,Dt_01_05_2015,0,0
SD:gp:mens-leather-jackets/SD:gp:mens-flannel-shirt,Dt_02_05_2015,0,0
SD:gp:mens-leather-jackets/SD:gp:mens-flannel-shirt,Dt_03_05_2015,0,0
SD:gp:mens-leather-jackets/SD:gp:mens-flannel-shirt,Dt_04_05_2015,0,0
SD:gp:mens-leather-jackets/SD:gp:mens-flannel-shirt,Dt_05_05_2015,0,0
SD:gp:mens-leather-jackets/SD:gp:mens-flannel-shirt,Dt_06_05_2015,0,0
SD:gp:mens-leather-jackets/SD:gp:mens-flannel-shirt,Dt_07_05_2015,0,0
SD:gp:mens-leather-jackets/SD:gp:mens-flannel-shirt,Dt_08_05_2015,0,0
SD:gp:mens-leather-jackets/SD:gp:mens-flannel-shirt,Dt_09_05_2015,0,0
SD:gp:mens-leather-jackets/SD:gp:mens-flannel-shirt,Dt_10_05_2015,0,0
SD:gp:mens-leather-jackets/SD:gp:mens-flannel-shirt,Dt_11_05_2015,0,0
SD:gp:mens-leather-jackets/SD:gp:mens-flannel-shirt,Dt_12_05_2015,0,0
SD:gp:mens-leather-jackets/SD:gp:mens-flannel-shirt,Dt_13_05_2015,0,0
SD:gp:mens-leather-jackets/SD:gp:mens-flannel-shirt,Dt_14_05_2015,0,0
SD:gp:mens-leather-jackets/SD:gp:mens-flannel-shirt,Dt_15_05_2015,0,0
SD:gp:mens-leather-jackets/SD:gp:mens-flannel-shirt,Dt_16_05_2015,0,0
SD:gp:mens-leather-jackets/SD:gp:mens-flannel-shirt,Dt_17_05_2015,0,0
SD:gp:mens-plaid-shirts/SD:gp:mens-wool-coats,Dt_24_03_2015,0,0
SD:gp:mens-plaid-shirts/SD:gp:mens-wool-coats,Dt_25_03_2015,0,0
SD:gp:mens-plaid-shirts/SD:gp:mens-wool-coats,Dt_26_03_2015,0,0
SD:gp:mens-plaid-shirts/SD:gp:mens-wool-coats,Dt_27_03_2015,0,0
SD:gp:mens-plaid-shirts/SD:gp:mens-wool-coats,Dt_28_03_2015,0,0
SD:gp:mens-plaid-shirts/SD:gp:mens-wool-coats,Dt_29_03_2015,0,0
SD:gp:mens-plaid-shirts/SD:gp:mens-wool-coats,Dt_30_03_2015,0,0
SD:gp:mens-plaid-shirts/SD:gp:mens-wool-coats,Dt_31_03_2015,0,0
SD:gp:mens-plaid-shirts/SD:gp:mens-wool-coats,Dt_01_04_2015,0,0
SD:gp:mens-plaid-shirts/SD:gp:mens-wool-coats,Dt_02_04_2015,0,0
SD:gp:mens-plaid-shirts/SD:gp:mens-wool-coats,Dt_03_04_2015,0,0
SD:gp:mens-plaid-shirts/SD:gp:mens-wool-coats,Dt_04_04_2015,0,0
SD:gp:mens-plaid-shirts/SD:gp:mens-wool-coats,Dt_05_04_2015,0,0
SD:gp:mens-plaid-shirts/SD:gp:mens-wool-coats,Dt_06_04_2015,0,0
SD:gp:mens-plaid-shirts/SD:gp:mens-wool-coats,Dt_07_04_2015,0,0
SD:gp:mens-plaid-shirts/SD:gp:mens-wool-coats,Dt_08_04_2015,0,0
SD:gp:mens-plaid-shirts/SD:gp:mens-wool-coats,Dt_09_04_2015,0,0
SD:gp:mens-plaid-shirts/SD:gp:mens-wool-coats,Dt_10_04_2015,0,0
SD:gp:mens-plaid-shirts/SD:gp:mens-wool-coats,Dt_11_04_2015,0,0
SD:gp:mens-plaid-shirts/SD:gp:mens-wool-coats,Dt_12_04_2015,10.46,0
SD:gp:mens-plaid-shirts/SD:gp:mens-wool-coats,Dt_13_04_2015,0,0
SD:gp:mens-plaid-shirts/SD:gp:mens-wool-coats,Dt_14_04_2015,0,0
SD:gp:mens-plaid-shirts/SD:gp:mens-wool-coats,Dt_15_04_2015,0,0
SD:gp:mens-plaid-shirts/SD:gp:mens-wool-coats,Dt_16_04_2015,0,0
SD:gp:mens-plaid-shirts/SD:gp:mens-wool-coats,Dt_17_04_2015,0,0
SD:gp:mens-plaid-shirts/SD:gp:mens-wool-coats,Dt_18_04_2015,0,0
SD:gp:mens-plaid-shirts/SD:gp:mens-wool-coats,Dt_19_04_2015,0,0
SD:gp:mens-plaid-shirts/SD:gp:mens-wool-coats,Dt_20_04_2015,0,0
SD:gp:mens-plaid-shirts/SD:gp:mens-wool-coats,Dt_21_04_2015,0,0
SD:gp:mens-plaid-shirts/SD:gp:mens-wool-coats,Dt_22_04_2015,0,0
SD:gp:mens-plaid-shirts/SD:gp:mens-wool-coats,Dt_23_04_2015,0,0
SD:gp:mens-plaid-shirts/SD:gp:mens-wool-coats,Dt_24_04_2015,0,0
SD:gp:mens-plaid-shirts/SD:gp:mens-wool-coats,Dt_25_04_2015,0,0
SD:gp:mens-plaid-shirts/SD:gp:mens-wool-coats,Dt_26_04_2015,0,0
SD:gp:mens-plaid-shirts/SD:gp:mens-wool-coats,Dt_27_04_2015,0.87,0
SD:gp:mens-plaid-shirts/SD:gp:mens-wool-coats,Dt_28_04_2015,0,0
SD:gp:mens-plaid-shirts/SD:gp:mens-wool-coats,Dt_29_04_2015,0,0
SD:gp:mens-plaid-shirts/SD:gp:mens-wool-coats,Dt_30_04_2015,0,0
SD:gp:mens-plaid-shirts/SD:gp:mens-wool-coats,Dt_01_05_2015,0,0
SD:gp:mens-plaid-shirts/SD:gp:mens-wool-coats,Dt_02_05_2015,0,0
SD:gp:mens-plaid-shirts/SD:gp:mens-wool-coats,Dt_03_05_2015,0,0
SD:gp:mens-plaid-shirts/SD:gp:mens-wool-coats,Dt_04_05_2015,0,0
SD:gp:mens-plaid-shirts/SD:gp:mens-wool-coats,Dt_05_05_2015,0,0
SD:gp:mens-plaid-shirts/SD:gp:mens-wool-coats,Dt_06_05_2015,0,0
SD:gp:mens-plaid-shirts/SD:gp:mens-wool-coats,Dt_07_05_2015,0,0
SD:gp:mens-plaid-shirts/SD:gp:mens-wool-coats,Dt_08_05_2015,0,0
SD:gp:mens-plaid-shirts/SD:gp:mens-wool-coats,Dt_09_05_2015,0,0
SD:gp:mens-plaid-shirts/SD:gp:mens-wool-coats,Dt_10_05_2015,0,0
SD:gp:mens-plaid-shirts/SD:gp:mens-wool-coats,Dt_11_05_2015,0,0
SD:gp:mens-plaid-shirts/SD:gp:mens-wool-coats,Dt_12_05_2015,0,0
SD:gp:mens-plaid-shirts/SD:gp:mens-wool-coats,Dt_13_05_2015,0,0
SD:gp:mens-plaid-shirts/SD:gp:mens-wool-coats,Dt_14_05_2015,0,0
SD:gp:mens-plaid-shirts/SD:gp:mens-wool-coats,Dt_15_05_2015,0,0
SD:gp:mens-plaid-shirts/SD:gp:mens-wool-coats,Dt_16_05_2015,0,0
SD:gp:mens-plaid-shirts/SD:gp:mens-wool-coats,Dt_17_05_2015,0,0
SD:gp:mens-scarves/SD:gp:mens-jean-jacket,Dt_24_03_2015,0,0
SD:gp:mens-scarves/SD:gp:mens-jean-jacket,Dt_25_03_2015,0,0
SD:gp:mens-scarves/SD:gp:mens-jean-jacket,Dt_26_03_2015,0,0
SD:gp:mens-scarves/SD:gp:mens-jean-jacket,Dt_27_03_2015,0,0
SD:gp:mens-scarves/SD:gp:mens-jean-jacket,Dt_28_03_2015,0.23,0
SD:gp:mens-scarves/SD:gp:mens-jean-jacket,Dt_29_03_2015,0,0
SD:gp:mens-scarves/SD:gp:mens-jean-jacket,Dt_30_03_2015,0,0
SD:gp:mens-scarves/SD:gp:mens-jean-jacket,Dt_31_03_2015,0,0
SD:gp:mens-scarves/SD:gp:mens-jean-jacket,Dt_01_04_2015,0,0
SD:gp:mens-scarves/SD:gp:mens-jean-jacket,Dt_02_04_2015,0,0
SD:gp:mens-scarves/SD:gp:mens-jean-jacket,Dt_03_04_2015,0,0
SD:gp:mens-scarves/SD:gp:mens-jean-jacket,Dt_04_04_2015,0,0
SD:gp:mens-scarves/SD:gp:mens-jean-jacket,Dt_05_04_2015,0,0
SD:gp:mens-scarves/SD:gp:mens-jean-jacket,Dt_06_04_2015,0,0
SD:gp:mens-scarves/SD:gp:mens-jean-jacket,Dt_07_04_2015,0,0
SD:gp:mens-scarves/SD:gp:mens-jean-jacket,Dt_08_04_2015,0,0
SD:gp:mens-scarves/SD:gp:mens-jean-jacket,Dt_09_04_2015,0,0
SD:gp:mens-scarves/SD:gp:mens-jean-jacket,Dt_10_04_2015,0,0
SD:gp:mens-scarves/SD:gp:mens-jean-jacket,Dt_11_04_2015,0,0
SD:gp:mens-scarves/SD:gp:mens-jean-jacket,Dt_12_04_2015,0,0
SD:gp:mens-scarves/SD:gp:mens-jean-jacket,Dt_13_04_2015,0,0
SD:gp:mens-scarves/SD:gp:mens-jean-jacket,Dt_14_04_2015,0,0
SD:gp:mens-scarves/SD:gp:mens-jean-jacket,Dt_15_04_2015,0,0
SD:gp:mens-scarves/SD:gp:mens-jean-jacket,Dt_16_04_2015,0,0
SD:gp:mens-scarves/SD:gp:mens-jean-jacket,Dt_17_04_2015,0,0
SD:gp:mens-scarves/SD:gp:mens-jean-jacket,Dt_18_04_2015,0,0
SD:gp:mens-scarves/SD:gp:mens-jean-jacket,Dt_19_04_2015,0,0.15
SD:gp:mens-scarves/SD:gp:mens-jean-jacket,Dt_20_04_2015,0,0
SD:gp:mens-scarves/SD:gp:mens-jean-jacket,Dt_21_04_2015,0,0
SD:gp:mens-scarves/SD:gp:mens-jean-jacket,Dt_22_04_2015,0,0
SD:gp:mens-scarves/SD:gp:mens-jean-jacket,Dt_23_04_2015,0,0
SD:gp:mens-scarves/SD:gp:mens-jean-jacket,Dt_24_04_2015,0,0
SD:gp:mens-scarves/SD:gp:mens-jean-jacket,Dt_25_04_2015,0,0
SD:gp:mens-scarves/SD:gp:mens-jean-jacket,Dt_26_04_2015,0,0
SD:gp:mens-scarves/SD:gp:mens-jean-jacket,Dt_27_04_2015,0,0
SD:gp:mens-scarves/SD:gp:mens-jean-jacket,Dt_28_04_2015,0,0
SD:gp:mens-scarves/SD:gp:mens-jean-jacket,Dt_29_04_2015,0,0
SD:gp:mens-scarves/SD:gp:mens-jean-jacket,Dt_30_04_2015,0,0
SD:gp:mens-scarves/SD:gp:mens-jean-jacket,Dt_01_05_2015,0,0
SD:gp:mens-scarves/SD:gp:mens-jean-jacket,Dt_02_05_2015,0,0
SD:gp:mens-scarves/SD:gp:mens-jean-jacket,Dt_03_05_2015,0,0
SD:gp:mens-scarves/SD:gp:mens-jean-jacket,Dt_04_05_2015,0,0
SD:gp:mens-scarves/SD:gp:mens-jean-jacket,Dt_05_05_2015,0,0
SD:gp:mens-scarves/SD:gp:mens-jean-jacket,Dt_06_05_2015,0,0
SD:gp:mens-scarves/SD:gp:mens-jean-jacket,Dt_07_05_2015,0,0
SD:gp:mens-scarves/SD:gp:mens-jean-jacket,Dt_08_05_2015,0,0
SD:gp:mens-scarves/SD:gp:mens-jean-jacket,Dt_09_05_2015,0,0
SD:gp:mens-scarves/SD:gp:mens-jean-jacket,Dt_10_05_2015,0,0
SD:gp:mens-scarves/SD:gp:mens-jean-jacket,Dt_11_05_2015,0,0
SD:gp:mens-scarves/SD:gp:mens-jean-jacket,Dt_12_05_2015,0,0
SD:gp:mens-scarves/SD:gp:mens-jean-jacket,Dt_13_05_2015,0,0
SD:gp:mens-scarves/SD:gp:mens-jean-jacket,Dt_14_05_2015,0,0
SD:gp:mens-scarves/SD:gp:mens-jean-jacket,Dt_15_05_2015,0,0.6
SD:gp:mens-scarves/SD:gp:mens-jean-jacket,Dt_16_05_2015,0,0
SD:gp:mens-scarves/SD:gp:mens-jean-jacket,Dt_17_05_2015,0,0
SD:gp:mens-slim-fit-pants/SD:gp:mens-shirts,Dt_24_03_2015,0,0
SD:gp:mens-slim-fit-pants/SD:gp:mens-shirts,Dt_25_03_2015,0,0
SD:gp:mens-slim-fit-pants/SD:gp:mens-shirts,Dt_26_03_2015,0,0
SD:gp:mens-slim-fit-pants/SD:gp:mens-shirts,Dt_27_03_2015,0,0.09
SD:gp:mens-slim-fit-pants/SD:gp:mens-shirts,Dt_28_03_2015,0,0
SD:gp:mens-slim-fit-pants/SD:gp:mens-shirts,Dt_29_03_2015,0,0.18
SD:gp:mens-slim-fit-pants/SD:gp:mens-shirts,Dt_30_03_2015,0.06,0.12
SD:gp:mens-slim-fit-pants/SD:gp:mens-shirts,Dt_31_03_2015,0,0.01
SD:gp:mens-slim-fit-pants/SD:gp:mens-shirts,Dt_01_04_2015,0,0.03
SD:gp:mens-slim-fit-pants/SD:gp:mens-shirts,Dt_02_04_2015,0,0.08
SD:gp:mens-slim-fit-pants/SD:gp:mens-shirts,Dt_03_04_2015,0,0
SD:gp:mens-slim-fit-pants/SD:gp:mens-shirts,Dt_04_04_2015,0,0.05
SD:gp:mens-slim-fit-pants/SD:gp:mens-shirts,Dt_05_04_2015,0,0.03
SD:gp:mens-slim-fit-pants/SD:gp:mens-shirts,Dt_06_04_2015,0,0
SD:gp:mens-slim-fit-pants/SD:gp:mens-shirts,Dt_07_04_2015,0,0
SD:gp:mens-slim-fit-pants/SD:gp:mens-shirts,Dt_08_04_2015,0,0
SD:gp:mens-slim-fit-pants/SD:gp:mens-shirts,Dt_09_04_2015,0,0.04
SD:gp:mens-slim-fit-pants/SD:gp:mens-shirts,Dt_10_04_2015,0,0.06
SD:gp:mens-slim-fit-pants/SD:gp:mens-shirts,Dt_11_04_2015,0,0
SD:gp:mens-slim-fit-pants/SD:gp:mens-shirts,Dt_12_04_2015,0,0.24
SD:gp:mens-slim-fit-pants/SD:gp:mens-shirts,Dt_13_04_2015,0,0.47
SD:gp:mens-slim-fit-pants/SD:gp:mens-shirts,Dt_14_04_2015,0,0
SD:gp:mens-slim-fit-pants/SD:gp:mens-shirts,Dt_15_04_2015,0,0.15
SD:gp:mens-slim-fit-pants/SD:gp:mens-shirts,Dt_16_04_2015,0.14,0
SD:gp:mens-slim-fit-pants/SD:gp:mens-shirts,Dt_17_04_2015,0,0
SD:gp:mens-slim-fit-pants/SD:gp:mens-shirts,Dt_18_04_2015,0,0
SD:gp:mens-slim-fit-pants/SD:gp:mens-shirts,Dt_19_04_2015,0,0.73
SD:gp:mens-slim-fit-pants/SD:gp:mens-shirts,Dt_20_04_2015,0,0.04
SD:gp:mens-slim-fit-pants/SD:gp:mens-shirts,Dt_21_04_2015,0.33,0
SD:gp:mens-slim-fit-pants/SD:gp:mens-shirts,Dt_22_04_2015,0,0.01
SD:gp:mens-slim-fit-pants/SD:gp:mens-shirts,Dt_23_04_2015,0,0
SD:gp:mens-slim-fit-pants/SD:gp:mens-shirts,Dt_24_04_2015,0,0.11
SD:gp:mens-slim-fit-pants/SD:gp:mens-shirts,Dt_25_04_2015,0,0.13
SD:gp:mens-slim-fit-pants/SD:gp:mens-shirts,Dt_26_04_2015,2.58,0.11
SD:gp:mens-slim-fit-pants/SD:gp:mens-shirts,Dt_27_04_2015,0,0.02
SD:gp:mens-slim-fit-pants/SD:gp:mens-shirts,Dt_28_04_2015,0,0
SD:gp:mens-slim-fit-pants/SD:gp:mens-shirts,Dt_29_04_2015,0,0.04
SD:gp:mens-slim-fit-pants/SD:gp:mens-shirts,Dt_30_04_2015,0,0.06
SD:gp:mens-slim-fit-pants/SD:gp:mens-shirts,Dt_01_05_2015,0,0
SD:gp:mens-slim-fit-pants/SD:gp:mens-shirts,Dt_02_05_2015,0,0
SD:gp:mens-slim-fit-pants/SD:gp:mens-shirts,Dt_03_05_2015,0,0
SD:gp:mens-slim-fit-pants/SD:gp:mens-shirts,Dt_04_05_2015,0,0
SD:gp:mens-slim-fit-pants/SD:gp:mens-shirts,Dt_05_05_2015,0,0
SD:gp:mens-slim-fit-pants/SD:gp:mens-shirts,Dt_06_05_2015,0,0
SD:gp:mens-slim-fit-pants/SD:gp:mens-shirts,Dt_07_05_2015,0,0.01
SD:gp:mens-slim-fit-pants/SD:gp:mens-shirts,Dt_08_05_2015,0,0
SD:gp:mens-slim-fit-pants/SD:gp:mens-shirts,Dt_09_05_2015,0.09,0
SD:gp:mens-slim-fit-pants/SD:gp:mens-shirts,Dt_10_05_2015,0,0.03
SD:gp:mens-slim-fit-pants/SD:gp:mens-shirts,Dt_11_05_2015,0,0.05
SD:gp:mens-slim-fit-pants/SD:gp:mens-shirts,Dt_12_05_2015,0.13,0.11
SD:gp:mens-slim-fit-pants/SD:gp:mens-shirts,Dt_13_05_2015,0,0
SD:gp:mens-slim-fit-pants/SD:gp:mens-shirts,Dt_14_05_2015,0.44,0.12
SD:gp:mens-slim-fit-pants/SD:gp:mens-shirts,Dt_15_05_2015,0,0.02
SD:gp:mens-slim-fit-pants/SD:gp:mens-shirts,Dt_16_05_2015,0,0.09
SD:gp:mens-slim-fit-pants/SD:gp:mens-shirts,Dt_17_05_2015,0,0.01
SD:gp:mens-tall-skinny-jeans/SD:gp:jeans-for-tall-men,Dt_24_03_2015,0,0
SD:gp:mens-tall-skinny-jeans/SD:gp:jeans-for-tall-men,Dt_25_03_2015,0,0
SD:gp:mens-tall-skinny-jeans/SD:gp:jeans-for-tall-men,Dt_26_03_2015,0,0
SD:gp:mens-tall-skinny-jeans/SD:gp:jeans-for-tall-men,Dt_27_03_2015,0,0
SD:gp:mens-tall-skinny-jeans/SD:gp:jeans-for-tall-men,Dt_28_03_2015,0,0.6
SD:gp:mens-tall-skinny-jeans/SD:gp:jeans-for-tall-men,Dt_29_03_2015,0,0
SD:gp:mens-tall-skinny-jeans/SD:gp:jeans-for-tall-men,Dt_30_03_2015,0,0
SD:gp:mens-tall-skinny-jeans/SD:gp:jeans-for-tall-men,Dt_31_03_2015,0,0
SD:gp:mens-tall-skinny-jeans/SD:gp:jeans-for-tall-men,Dt_01_04_2015,0,0
SD:gp:mens-tall-skinny-jeans/SD:gp:jeans-for-tall-men,Dt_02_04_2015,0,0
SD:gp:mens-tall-skinny-jeans/SD:gp:jeans-for-tall-men,Dt_03_04_2015,0,0
SD:gp:mens-tall-skinny-jeans/SD:gp:jeans-for-tall-men,Dt_04_04_2015,0,0
SD:gp:mens-tall-skinny-jeans/SD:gp:jeans-for-tall-men,Dt_05_04_2015,0,0.61
SD:gp:mens-tall-skinny-jeans/SD:gp:jeans-for-tall-men,Dt_06_04_2015,0,0
SD:gp:mens-tall-skinny-jeans/SD:gp:jeans-for-tall-men,Dt_07_04_2015,0,0
SD:gp:mens-tall-skinny-jeans/SD:gp:jeans-for-tall-men,Dt_08_04_2015,0,0
SD:gp:mens-tall-skinny-jeans/SD:gp:jeans-for-tall-men,Dt_09_04_2015,0,0
SD:gp:mens-tall-skinny-jeans/SD:gp:jeans-for-tall-men,Dt_10_04_2015,0,1.2
SD:gp:mens-tall-skinny-jeans/SD:gp:jeans-for-tall-men,Dt_11_04_2015,0,0
SD:gp:mens-tall-skinny-jeans/SD:gp:jeans-for-tall-men,Dt_12_04_2015,0,0
SD:gp:mens-tall-skinny-jeans/SD:gp:jeans-for-tall-men,Dt_13_04_2015,0,0
SD:gp:mens-tall-skinny-jeans/SD:gp:jeans-for-tall-men,Dt_14_04_2015,0,0
SD:gp:mens-tall-skinny-jeans/SD:gp:jeans-for-tall-men,Dt_15_04_2015,0,0
SD:gp:mens-tall-skinny-jeans/SD:gp:jeans-for-tall-men,Dt_16_04_2015,0,0
SD:gp:mens-tall-skinny-jeans/SD:gp:jeans-for-tall-men,Dt_17_04_2015,0,0
SD:gp:mens-tall-skinny-jeans/SD:gp:jeans-for-tall-men,Dt_18_04_2015,0,0
SD:gp:mens-tall-skinny-jeans/SD:gp:jeans-for-tall-men,Dt_19_04_2015,0,0
SD:gp:mens-tall-skinny-jeans/SD:gp:jeans-for-tall-men,Dt_20_04_2015,0,0.8
SD:gp:mens-tall-skinny-jeans/SD:gp:jeans-for-tall-men,Dt_21_04_2015,0,0
SD:gp:mens-tall-skinny-jeans/SD:gp:jeans-for-tall-men,Dt_22_04_2015,0,0.62
SD:gp:mens-tall-skinny-jeans/SD:gp:jeans-for-tall-men,Dt_23_04_2015,0,0
SD:gp:mens-tall-skinny-jeans/SD:gp:jeans-for-tall-men,Dt_24_04_2015,0,0
SD:gp:mens-tall-skinny-jeans/SD:gp:jeans-for-tall-men,Dt_25_04_2015,0,0
SD:gp:mens-tall-skinny-jeans/SD:gp:jeans-for-tall-men,Dt_26_04_2015,0,2.34
SD:gp:mens-tall-skinny-jeans/SD:gp:jeans-for-tall-men,Dt_27_04_2015,0,0
SD:gp:mens-tall-skinny-jeans/SD:gp:jeans-for-tall-men,Dt_28_04_2015,0,0.89
SD:gp:mens-tall-skinny-jeans/SD:gp:jeans-for-tall-men,Dt_29_04_2015,0,0
SD:gp:mens-tall-skinny-jeans/SD:gp:jeans-for-tall-men,Dt_30_04_2015,0,0
SD:gp:mens-tall-skinny-jeans/SD:gp:jeans-for-tall-men,Dt_01_05_2015,0,0
SD:gp:mens-tall-skinny-jeans/SD:gp:jeans-for-tall-men,Dt_02_05_2015,0,0
SD:gp:mens-tall-skinny-jeans/SD:gp:jeans-for-tall-men,Dt_03_05_2015,0,0
SD:gp:mens-tall-skinny-jeans/SD:gp:jeans-for-tall-men,Dt_04_05_2015,0,0.78
SD:gp:mens-tall-skinny-jeans/SD:gp:jeans-for-tall-men,Dt_05_05_2015,0,0
SD:gp:mens-tall-skinny-jeans/SD:gp:jeans-for-tall-men,Dt_06_05_2015,0,7.5
SD:gp:mens-tall-skinny-jeans/SD:gp:jeans-for-tall-men,Dt_07_05_2015,0,0
SD:gp:mens-tall-skinny-jeans/SD:gp:jeans-for-tall-men,Dt_08_05_2015,0,0
SD:gp:mens-tall-skinny-jeans/SD:gp:jeans-for-tall-men,Dt_09_05_2015,0,0
SD:gp:mens-tall-skinny-jeans/SD:gp:jeans-for-tall-men,Dt_10_05_2015,0,0
SD:gp:mens-tall-skinny-jeans/SD:gp:jeans-for-tall-men,Dt_11_05_2015,0,0
SD:gp:mens-tall-skinny-jeans/SD:gp:jeans-for-tall-men,Dt_12_05_2015,0,0
SD:gp:mens-tall-skinny-jeans/SD:gp:jeans-for-tall-men,Dt_13_05_2015,0,0
SD:gp:mens-tall-skinny-jeans/SD:gp:jeans-for-tall-men,Dt_14_05_2015,0,0
SD:gp:mens-tall-skinny-jeans/SD:gp:jeans-for-tall-men,Dt_15_05_2015,0,0
SD:gp:mens-tall-skinny-jeans/SD:gp:jeans-for-tall-men,Dt_16_05_2015,0,3.48
SD:gp:mens-tall-skinny-jeans/SD:gp:jeans-for-tall-men,Dt_17_05_2015,0,0
SD:gp:relaxed-jeans/SD:gp:mens-v-neck,Dt_24_03_2015,0,0
SD:gp:relaxed-jeans/SD:gp:mens-v-neck,Dt_25_03_2015,0,0
SD:gp:relaxed-jeans/SD:gp:mens-v-neck,Dt_26_03_2015,0,0
SD:gp:relaxed-jeans/SD:gp:mens-v-neck,Dt_27_03_2015,0,0
SD:gp:relaxed-jeans/SD:gp:mens-v-neck,Dt_28_03_2015,0,0
SD:gp:relaxed-jeans/SD:gp:mens-v-neck,Dt_29_03_2015,0,0
SD:gp:relaxed-jeans/SD:gp:mens-v-neck,Dt_30_03_2015,0,0
SD:gp:relaxed-jeans/SD:gp:mens-v-neck,Dt_31_03_2015,0,0
SD:gp:relaxed-jeans/SD:gp:mens-v-neck,Dt_01_04_2015,0,0
SD:gp:relaxed-jeans/SD:gp:mens-v-neck,Dt_02_04_2015,0,0
SD:gp:relaxed-jeans/SD:gp:mens-v-neck,Dt_03_04_2015,0,0
SD:gp:relaxed-jeans/SD:gp:mens-v-neck,Dt_04_04_2015,0,0
SD:gp:relaxed-jeans/SD:gp:mens-v-neck,Dt_05_04_2015,0,0
SD:gp:relaxed-jeans/SD:gp:mens-v-neck,Dt_06_04_2015,0,0
SD:gp:relaxed-jeans/SD:gp:mens-v-neck,Dt_07_04_2015,0,0
SD:gp:relaxed-jeans/SD:gp:mens-v-neck,Dt_08_04_2015,0,0
SD:gp:relaxed-jeans/SD:gp:mens-v-neck,Dt_09_04_2015,0,0
SD:gp:relaxed-jeans/SD:gp:mens-v-neck,Dt_10_04_2015,0,0
SD:gp:relaxed-jeans/SD:gp:mens-v-neck,Dt_11_04_2015,0,0
SD:gp:relaxed-jeans/SD:gp:mens-v-neck,Dt_12_04_2015,0,0
SD:gp:relaxed-jeans/SD:gp:mens-v-neck,Dt_13_04_2015,0,0
SD:gp:relaxed-jeans/SD:gp:mens-v-neck,Dt_14_04_2015,0,0
SD:gp:relaxed-jeans/SD:gp:mens-v-neck,Dt_15_04_2015,0,0
SD:gp:relaxed-jeans/SD:gp:mens-v-neck,Dt_16_04_2015,0,0
SD:gp:relaxed-jeans/SD:gp:mens-v-neck,Dt_17_04_2015,0,0
SD:gp:relaxed-jeans/SD:gp:mens-v-neck,Dt_18_04_2015,0,0
SD:gp:relaxed-jeans/SD:gp:mens-v-neck,Dt_19_04_2015,0,0
SD:gp:relaxed-jeans/SD:gp:mens-v-neck,Dt_20_04_2015,0,0
SD:gp:relaxed-jeans/SD:gp:mens-v-neck,Dt_21_04_2015,0,0
SD:gp:relaxed-jeans/SD:gp:mens-v-neck,Dt_22_04_2015,0,0
SD:gp:relaxed-jeans/SD:gp:mens-v-neck,Dt_23_04_2015,0,0
SD:gp:relaxed-jeans/SD:gp:mens-v-neck,Dt_24_04_2015,0,0
SD:gp:relaxed-jeans/SD:gp:mens-v-neck,Dt_25_04_2015,0,0
SD:gp:relaxed-jeans/SD:gp:mens-v-neck,Dt_26_04_2015,0,0
SD:gp:relaxed-jeans/SD:gp:mens-v-neck,Dt_27_04_2015,0,2.03
SD:gp:relaxed-jeans/SD:gp:mens-v-neck,Dt_28_04_2015,0,0
SD:gp:relaxed-jeans/SD:gp:mens-v-neck,Dt_29_04_2015,0,0
SD:gp:relaxed-jeans/SD:gp:mens-v-neck,Dt_30_04_2015,0.79,0
SD:gp:relaxed-jeans/SD:gp:mens-v-neck,Dt_01_05_2015,0,0
SD:gp:relaxed-jeans/SD:gp:mens-v-neck,Dt_02_05_2015,0,0
SD:gp:relaxed-jeans/SD:gp:mens-v-neck,Dt_03_05_2015,0,0
SD:gp:relaxed-jeans/SD:gp:mens-v-neck,Dt_04_05_2015,0,1.71
SD:gp:relaxed-jeans/SD:gp:mens-v-neck,Dt_05_05_2015,0,0
SD:gp:relaxed-jeans/SD:gp:mens-v-neck,Dt_06_05_2015,0,0
SD:gp:relaxed-jeans/SD:gp:mens-v-neck,Dt_07_05_2015,0,0
SD:gp:relaxed-jeans/SD:gp:mens-v-neck,Dt_08_05_2015,0,0
SD:gp:relaxed-jeans/SD:gp:mens-v-neck,Dt_09_05_2015,0.34,0
SD:gp:relaxed-jeans/SD:gp:mens-v-neck,Dt_10_05_2015,0,0.94
SD:gp:relaxed-jeans/SD:gp:mens-v-neck,Dt_11_05_2015,0,0
SD:gp:relaxed-jeans/SD:gp:mens-v-neck,Dt_12_05_2015,0,0
SD:gp:relaxed-jeans/SD:gp:mens-v-neck,Dt_13_05_2015,0,0
SD:gp:relaxed-jeans/SD:gp:mens-v-neck,Dt_14_05_2015,0,0
SD:gp:relaxed-jeans/SD:gp:mens-v-neck,Dt_15_05_2015,0,0
SD:gp:relaxed-jeans/SD:gp:mens-v-neck,Dt_16_05_2015,0,0
SD:gp:relaxed-jeans/SD:gp:mens-v-neck,Dt_17_05_2015,0,0
SD:gp:threadless-tees-for-men/SD:gp:work-clothes-for-m,Dt_24_03_2015,0,0
SD:gp:threadless-tees-for-men/SD:gp:work-clothes-for-m,Dt_25_03_2015,0,0
SD:gp:threadless-tees-for-men/SD:gp:work-clothes-for-m,Dt_26_03_2015,0,0
SD:gp:threadless-tees-for-men/SD:gp:work-clothes-for-m,Dt_27_03_2015,0,0
SD:gp:threadless-tees-for-men/SD:gp:work-clothes-for-m,Dt_28_03_2015,0,0
SD:gp:threadless-tees-for-men/SD:gp:work-clothes-for-m,Dt_29_03_2015,0,0
SD:gp:threadless-tees-for-men/SD:gp:work-clothes-for-m,Dt_30_03_2015,0,0
SD:gp:threadless-tees-for-men/SD:gp:work-clothes-for-m,Dt_31_03_2015,0,0
SD:gp:threadless-tees-for-men/SD:gp:work-clothes-for-m,Dt_01_04_2015,0,0
SD:gp:threadless-tees-for-men/SD:gp:work-clothes-for-m,Dt_02_04_2015,0,0
SD:gp:threadless-tees-for-men/SD:gp:work-clothes-for-m,Dt_03_04_2015,0,0
SD:gp:threadless-tees-for-men/SD:gp:work-clothes-for-m,Dt_04_04_2015,0,0
SD:gp:threadless-tees-for-men/SD:gp:work-clothes-for-m,Dt_05_04_2015,0,0
SD:gp:threadless-tees-for-men/SD:gp:work-clothes-for-m,Dt_06_04_2015,0,0
SD:gp:threadless-tees-for-men/SD:gp:work-clothes-for-m,Dt_07_04_2015,0,0
SD:gp:threadless-tees-for-men/SD:gp:work-clothes-for-m,Dt_08_04_2015,0,0
SD:gp:threadless-tees-for-men/SD:gp:work-clothes-for-m,Dt_09_04_2015,0,0
SD:gp:threadless-tees-for-men/SD:gp:work-clothes-for-m,Dt_10_04_2015,0,0
SD:gp:threadless-tees-for-men/SD:gp:work-clothes-for-m,Dt_11_04_2015,0,0
SD:gp:threadless-tees-for-men/SD:gp:work-clothes-for-m,Dt_12_04_2015,0,0
SD:gp:threadless-tees-for-men/SD:gp:work-clothes-for-m,Dt_13_04_2015,0,0
SD:gp:threadless-tees-for-men/SD:gp:work-clothes-for-m,Dt_14_04_2015,0,0
SD:gp:threadless-tees-for-men/SD:gp:work-clothes-for-m,Dt_15_04_2015,0,0
SD:gp:threadless-tees-for-men/SD:gp:work-clothes-for-m,Dt_16_04_2015,0,0
SD:gp:threadless-tees-for-men/SD:gp:work-clothes-for-m,Dt_17_04_2015,0,0
SD:gp:threadless-tees-for-men/SD:gp:work-clothes-for-m,Dt_18_04_2015,0,0
SD:gp:threadless-tees-for-men/SD:gp:work-clothes-for-m,Dt_19_04_2015,0,0
SD:gp:threadless-tees-for-men/SD:gp:work-clothes-for-m,Dt_20_04_2015,0,0
SD:gp:threadless-tees-for-men/SD:gp:work-clothes-for-m,Dt_21_04_2015,0,0
SD:gp:threadless-tees-for-men/SD:gp:work-clothes-for-m,Dt_22_04_2015,0,0
SD:gp:threadless-tees-for-men/SD:gp:work-clothes-for-m,Dt_23_04_2015,0,0
SD:gp:threadless-tees-for-men/SD:gp:work-clothes-for-m,Dt_24_04_2015,0,0
SD:gp:threadless-tees-for-men/SD:gp:work-clothes-for-m,Dt_25_04_2015,0,0
SD:gp:threadless-tees-for-men/SD:gp:work-clothes-for-m,Dt_26_04_2015,0,0
SD:gp:threadless-tees-for-men/SD:gp:work-clothes-for-m,Dt_27_04_2015,0,0
SD:gp:threadless-tees-for-men/SD:gp:work-clothes-for-m,Dt_28_04_2015,0,0
SD:gp:threadless-tees-for-men/SD:gp:work-clothes-for-m,Dt_29_04_2015,0,0
SD:gp:threadless-tees-for-men/SD:gp:work-clothes-for-m,Dt_30_04_2015,0,0
SD:gp:threadless-tees-for-men/SD:gp:work-clothes-for-m,Dt_01_05_2015,0,0
SD:gp:threadless-tees-for-men/SD:gp:work-clothes-for-m,Dt_02_05_2015,0,0
SD:gp:threadless-tees-for-men/SD:gp:work-clothes-for-m,Dt_03_05_2015,0,0
SD:gp:threadless-tees-for-men/SD:gp:work-clothes-for-m,Dt_04_05_2015,0,0
SD:gp:threadless-tees-for-men/SD:gp:work-clothes-for-m,Dt_05_05_2015,0,0
SD:gp:threadless-tees-for-men/SD:gp:work-clothes-for-m,Dt_06_05_2015,0,0
SD:gp:threadless-tees-for-men/SD:gp:work-clothes-for-m,Dt_07_05_2015,0,0
SD:gp:threadless-tees-for-men/SD:gp:work-clothes-for-m,Dt_08_05_2015,0,0
SD:gp:threadless-tees-for-men/SD:gp:work-clothes-for-m,Dt_09_05_2015,0,0
SD:gp:threadless-tees-for-men/SD:gp:work-clothes-for-m,Dt_10_05_2015,0,0
SD:gp:threadless-tees-for-men/SD:gp:work-clothes-for-m,Dt_11_05_2015,0,0
SD:gp:threadless-tees-for-men/SD:gp:work-clothes-for-m,Dt_12_05_2015,0,0
SD:gp:threadless-tees-for-men/SD:gp:work-clothes-for-m,Dt_13_05_2015,0,0
SD:gp:threadless-tees-for-men/SD:gp:work-clothes-for-m,Dt_14_05_2015,0,0
SD:gp:threadless-tees-for-men/SD:gp:work-clothes-for-m,Dt_15_05_2015,0,0
SD:gp:threadless-tees-for-men/SD:gp:work-clothes-for-m,Dt_16_05_2015,0,0
SD:gp:threadless-tees-for-men/SD:gp:work-clothes-for-m,Dt_17_05_2015,0,0
SD:gp:winter-coats-for-men/SD:gp:mens-fitted-short-sle,Dt_24_03_2015,0,0
SD:gp:winter-coats-for-men/SD:gp:mens-fitted-short-sle,Dt_25_03_2015,0,0
SD:gp:winter-coats-for-men/SD:gp:mens-fitted-short-sle,Dt_26_03_2015,0,0
SD:gp:winter-coats-for-men/SD:gp:mens-fitted-short-sle,Dt_27_03_2015,0,0
SD:gp:winter-coats-for-men/SD:gp:mens-fitted-short-sle,Dt_28_03_2015,0,0
SD:gp:winter-coats-for-men/SD:gp:mens-fitted-short-sle,Dt_29_03_2015,0,0
SD:gp:winter-coats-for-men/SD:gp:mens-fitted-short-sle,Dt_30_03_2015,0,0
SD:gp:winter-coats-for-men/SD:gp:mens-fitted-short-sle,Dt_31_03_2015,0,0
SD:gp:winter-coats-for-men/SD:gp:mens-fitted-short-sle,Dt_01_04_2015,0,0
SD:gp:winter-coats-for-men/SD:gp:mens-fitted-short-sle,Dt_02_04_2015,0,0
SD:gp:winter-coats-for-men/SD:gp:mens-fitted-short-sle,Dt_03_04_2015,0,0
SD:gp:winter-coats-for-men/SD:gp:mens-fitted-short-sle,Dt_04_04_2015,0,0
SD:gp:winter-coats-for-men/SD:gp:mens-fitted-short-sle,Dt_05_04_2015,0,0
SD:gp:winter-coats-for-men/SD:gp:mens-fitted-short-sle,Dt_06_04_2015,0,0
SD:gp:winter-coats-for-men/SD:gp:mens-fitted-short-sle,Dt_07_04_2015,0,0
SD:gp:winter-coats-for-men/SD:gp:mens-fitted-short-sle,Dt_08_04_2015,0,0
SD:gp:winter-coats-for-men/SD:gp:mens-fitted-short-sle,Dt_09_04_2015,0,0
SD:gp:winter-coats-for-men/SD:gp:mens-fitted-short-sle,Dt_10_04_2015,0,0
SD:gp:winter-coats-for-men/SD:gp:mens-fitted-short-sle,Dt_11_04_2015,0,0
SD:gp:winter-coats-for-men/SD:gp:mens-fitted-short-sle,Dt_12_04_2015,0,0
SD:gp:winter-coats-for-men/SD:gp:mens-fitted-short-sle,Dt_13_04_2015,0,0
SD:gp:winter-coats-for-men/SD:gp:mens-fitted-short-sle,Dt_14_04_2015,0,0
SD:gp:winter-coats-for-men/SD:gp:mens-fitted-short-sle,Dt_15_04_2015,0,0
SD:gp:winter-coats-for-men/SD:gp:mens-fitted-short-sle,Dt_16_04_2015,0,0
SD:gp:winter-coats-for-men/SD:gp:mens-fitted-short-sle,Dt_17_04_2015,0,0
SD:gp:winter-coats-for-men/SD:gp:mens-fitted-short-sle,Dt_18_04_2015,0,0
SD:gp:winter-coats-for-men/SD:gp:mens-fitted-short-sle,Dt_19_04_2015,0,0
SD:gp:winter-coats-for-men/SD:gp:mens-fitted-short-sle,Dt_20_04_2015,0,0
SD:gp:winter-coats-for-men/SD:gp:mens-fitted-short-sle,Dt_21_04_2015,0,0
SD:gp:winter-coats-for-men/SD:gp:mens-fitted-short-sle,Dt_22_04_2015,0,0
SD:gp:winter-coats-for-men/SD:gp:mens-fitted-short-sle,Dt_23_04_2015,0,0
SD:gp:winter-coats-for-men/SD:gp:mens-fitted-short-sle,Dt_24_04_2015,0,0
SD:gp:winter-coats-for-men/SD:gp:mens-fitted-short-sle,Dt_25_04_2015,0,0
SD:gp:winter-coats-for-men/SD:gp:mens-fitted-short-sle,Dt_26_04_2015,0,0
SD:gp:winter-coats-for-men/SD:gp:mens-fitted-short-sle,Dt_27_04_2015,0,0
SD:gp:winter-coats-for-men/SD:gp:mens-fitted-short-sle,Dt_28_04_2015,0,0
SD:gp:winter-coats-for-men/SD:gp:mens-fitted-short-sle,Dt_29_04_2015,0,0
SD:gp:winter-coats-for-men/SD:gp:mens-fitted-short-sle,Dt_30_04_2015,0,0
SD:gp:winter-coats-for-men/SD:gp:mens-fitted-short-sle,Dt_01_05_2015,0,0
SD:gp:winter-coats-for-men/SD:gp:mens-fitted-short-sle,Dt_02_05_2015,0,0
SD:gp:winter-coats-for-men/SD:gp:mens-fitted-short-sle,Dt_03_05_2015,0,1.17
SD:gp:winter-coats-for-men/SD:gp:mens-fitted-short-sle,Dt_04_05_2015,0,0
SD:gp:winter-coats-for-men/SD:gp:mens-fitted-short-sle,Dt_05_05_2015,0,0
SD:gp:winter-coats-for-men/SD:gp:mens-fitted-short-sle,Dt_06_05_2015,0,0
SD:gp:winter-coats-for-men/SD:gp:mens-fitted-short-sle,Dt_07_05_2015,0,0
SD:gp:winter-coats-for-men/SD:gp:mens-fitted-short-sle,Dt_08_05_2015,0,0
SD:gp:winter-coats-for-men/SD:gp:mens-fitted-short-sle,Dt_09_05_2015,0,0
SD:gp:winter-coats-for-men/SD:gp:mens-fitted-short-sle,Dt_10_05_2015,0,0
SD:gp:winter-coats-for-men/SD:gp:mens-fitted-short-sle,Dt_11_05_2015,0,0
SD:gp:winter-coats-for-men/SD:gp:mens-fitted-short-sle,Dt_12_05_2015,0,0
SD:gp:winter-coats-for-men/SD:gp:mens-fitted-short-sle,Dt_13_05_2015,0,0
SD:gp:winter-coats-for-men/SD:gp:mens-fitted-short-sle,Dt_14_05_2015,0,0
SD:gp:winter-coats-for-men/SD:gp:mens-fitted-short-sle,Dt_15_05_2015,0,0
SD:gp:winter-coats-for-men/SD:gp:mens-fitted-short-sle,Dt_16_05_2015,0,0.09
SD:gp:winter-coats-for-men/SD:gp:mens-fitted-short-sle,Dt_17_05_2015,0,0
