Pair_page,Dt,Control,Test
SD:gp:discount-mens-shirts/SD:gp:mens-shirts-sale,Dt_24_03_2015,0,0
SD:gp:discount-mens-shirts/SD:gp:mens-shirts-sale,Dt_25_03_2015,0,0
SD:gp:discount-mens-shirts/SD:gp:mens-shirts-sale,Dt_26_03_2015,0,0
SD:gp:discount-mens-shirts/SD:gp:mens-shirts-sale,Dt_27_03_2015,0,0
SD:gp:discount-mens-shirts/SD:gp:mens-shirts-sale,Dt_28_03_2015,0,0
SD:gp:discount-mens-shirts/SD:gp:mens-shirts-sale,Dt_29_03_2015,0,0
SD:gp:discount-mens-shirts/SD:gp:mens-shirts-sale,Dt_30_03_2015,0,0
SD:gp:discount-mens-shirts/SD:gp:mens-shirts-sale,Dt_31_03_2015,0,0
SD:gp:discount-mens-shirts/SD:gp:mens-shirts-sale,Dt_01_04_2015,0,0
SD:gp:discount-mens-shirts/SD:gp:mens-shirts-sale,Dt_02_04_2015,0,0
SD:gp:discount-mens-shirts/SD:gp:mens-shirts-sale,Dt_03_04_2015,0,0.46
SD:gp:discount-mens-shirts/SD:gp:mens-shirts-sale,Dt_04_04_2015,0,0
SD:gp:discount-mens-shirts/SD:gp:mens-shirts-sale,Dt_05_04_2015,0,0
SD:gp:discount-mens-shirts/SD:gp:mens-shirts-sale,Dt_06_04_2015,0,0
SD:gp:discount-mens-shirts/SD:gp:mens-shirts-sale,Dt_07_04_2015,0,0
SD:gp:discount-mens-shirts/SD:gp:mens-shirts-sale,Dt_08_04_2015,0,0
SD:gp:discount-mens-shirts/SD:gp:mens-shirts-sale,Dt_09_04_2015,0,0
SD:gp:discount-mens-shirts/SD:gp:mens-shirts-sale,Dt_10_04_2015,0,0
SD:gp:discount-mens-shirts/SD:gp:mens-shirts-sale,Dt_11_04_2015,0,0
SD:gp:discount-mens-shirts/SD:gp:mens-shirts-sale,Dt_12_04_2015,0,0
SD:gp:discount-mens-shirts/SD:gp:mens-shirts-sale,Dt_13_04_2015,0,0.12
SD:gp:discount-mens-shirts/SD:gp:mens-shirts-sale,Dt_14_04_2015,0,0
SD:gp:discount-mens-shirts/SD:gp:mens-shirts-sale,Dt_15_04_2015,0,0
SD:gp:discount-mens-shirts/SD:gp:mens-shirts-sale,Dt_16_04_2015,0,0.38
SD:gp:discount-mens-shirts/SD:gp:mens-shirts-sale,Dt_17_04_2015,0,0
SD:gp:discount-mens-shirts/SD:gp:mens-shirts-sale,Dt_18_04_2015,0,0
SD:gp:discount-mens-shirts/SD:gp:mens-shirts-sale,Dt_19_04_2015,0,0.25
SD:gp:discount-mens-shirts/SD:gp:mens-shirts-sale,Dt_20_04_2015,0,0.05
SD:gp:discount-mens-shirts/SD:gp:mens-shirts-sale,Dt_21_04_2015,0,1.21
SD:gp:discount-mens-shirts/SD:gp:mens-shirts-sale,Dt_22_04_2015,0,0.26
SD:gp:discount-mens-shirts/SD:gp:mens-shirts-sale,Dt_23_04_2015,0,0
SD:gp:discount-mens-shirts/SD:gp:mens-shirts-sale,Dt_24_04_2015,0,0
SD:gp:discount-mens-shirts/SD:gp:mens-shirts-sale,Dt_25_04_2015,0,0.07
SD:gp:discount-mens-shirts/SD:gp:mens-shirts-sale,Dt_26_04_2015,0,0
SD:gp:discount-mens-shirts/SD:gp:mens-shirts-sale,Dt_27_04_2015,0,0.29
SD:gp:discount-mens-shirts/SD:gp:mens-shirts-sale,Dt_28_04_2015,0,0.69
SD:gp:discount-mens-shirts/SD:gp:mens-shirts-sale,Dt_29_04_2015,0,0
SD:gp:discount-mens-shirts/SD:gp:mens-shirts-sale,Dt_30_04_2015,0,0.07
SD:gp:discount-mens-shirts/SD:gp:mens-shirts-sale,Dt_01_05_2015,0,0
SD:gp:discount-mens-shirts/SD:gp:mens-shirts-sale,Dt_02_05_2015,0,0
SD:gp:discount-mens-shirts/SD:gp:mens-shirts-sale,Dt_03_05_2015,0,0.47
SD:gp:discount-mens-shirts/SD:gp:mens-shirts-sale,Dt_04_05_2015,0,0
SD:gp:discount-mens-shirts/SD:gp:mens-shirts-sale,Dt_05_05_2015,0,0
SD:gp:discount-mens-shirts/SD:gp:mens-shirts-sale,Dt_06_05_2015,0,0.13
SD:gp:discount-mens-shirts/SD:gp:mens-shirts-sale,Dt_07_05_2015,0,0
SD:gp:discount-mens-shirts/SD:gp:mens-shirts-sale,Dt_08_05_2015,0,0
SD:gp:discount-mens-shirts/SD:gp:mens-shirts-sale,Dt_09_05_2015,0,0
SD:gp:discount-mens-shirts/SD:gp:mens-shirts-sale,Dt_10_05_2015,0,0
SD:gp:discount-mens-shirts/SD:gp:mens-shirts-sale,Dt_11_05_2015,0,0
SD:gp:discount-mens-shirts/SD:gp:mens-shirts-sale,Dt_12_05_2015,0,0
SD:gp:discount-mens-shirts/SD:gp:mens-shirts-sale,Dt_13_05_2015,0,0.08
SD:gp:discount-mens-shirts/SD:gp:mens-shirts-sale,Dt_14_05_2015,0,0
SD:gp:discount-mens-shirts/SD:gp:mens-shirts-sale,Dt_15_05_2015,0,0
SD:gp:discount-mens-shirts/SD:gp:mens-shirts-sale,Dt_16_05_2015,0,0
SD:gp:discount-mens-shirts/SD:gp:mens-shirts-sale,Dt_17_05_2015,0,0
SD:gp:mens-boot-cut-jeans/SD:gp:mens-straight-leg-jean,Dt_24_03_2015,0,0
SD:gp:mens-boot-cut-jeans/SD:gp:mens-straight-leg-jean,Dt_25_03_2015,1.41,0
SD:gp:mens-boot-cut-jeans/SD:gp:mens-straight-leg-jean,Dt_26_03_2015,0,0.83
SD:gp:mens-boot-cut-jeans/SD:gp:mens-straight-leg-jean,Dt_27_03_2015,0,0.2
SD:gp:mens-boot-cut-jeans/SD:gp:mens-straight-leg-jean,Dt_28_03_2015,0,3.79
SD:gp:mens-boot-cut-jeans/SD:gp:mens-straight-leg-jean,Dt_29_03_2015,0.21,0.27
SD:gp:mens-boot-cut-jeans/SD:gp:mens-straight-leg-jean,Dt_30_03_2015,0,0.29
SD:gp:mens-boot-cut-jeans/SD:gp:mens-straight-leg-jean,Dt_31_03_2015,0,0
SD:gp:mens-boot-cut-jeans/SD:gp:mens-straight-leg-jean,Dt_01_04_2015,0.19,0.43
SD:gp:mens-boot-cut-jeans/SD:gp:mens-straight-leg-jean,Dt_02_04_2015,0,0
SD:gp:mens-boot-cut-jeans/SD:gp:mens-straight-leg-jean,Dt_03_04_2015,0,0
SD:gp:mens-boot-cut-jeans/SD:gp:mens-straight-leg-jean,Dt_04_04_2015,0,0
SD:gp:mens-boot-cut-jeans/SD:gp:mens-straight-leg-jean,Dt_05_04_2015,0.17,1.08
SD:gp:mens-boot-cut-jeans/SD:gp:mens-straight-leg-jean,Dt_06_04_2015,0,0.39
SD:gp:mens-boot-cut-jeans/SD:gp:mens-straight-leg-jean,Dt_07_04_2015,0,0
SD:gp:mens-boot-cut-jeans/SD:gp:mens-straight-leg-jean,Dt_08_04_2015,0.31,0
SD:gp:mens-boot-cut-jeans/SD:gp:mens-straight-leg-jean,Dt_09_04_2015,0,0
SD:gp:mens-boot-cut-jeans/SD:gp:mens-straight-leg-jean,Dt_10_04_2015,0,0
SD:gp:mens-boot-cut-jeans/SD:gp:mens-straight-leg-jean,Dt_11_04_2015,0,0
SD:gp:mens-boot-cut-jeans/SD:gp:mens-straight-leg-jean,Dt_12_04_2015,0,0.09
SD:gp:mens-boot-cut-jeans/SD:gp:mens-straight-leg-jean,Dt_13_04_2015,0,0
SD:gp:mens-boot-cut-jeans/SD:gp:mens-straight-leg-jean,Dt_14_04_2015,0,0
SD:gp:mens-boot-cut-jeans/SD:gp:mens-straight-leg-jean,Dt_15_04_2015,0.95,0.45
SD:gp:mens-boot-cut-jeans/SD:gp:mens-straight-leg-jean,Dt_16_04_2015,0.33,0
SD:gp:mens-boot-cut-jeans/SD:gp:mens-straight-leg-jean,Dt_17_04_2015,0.57,0
SD:gp:mens-boot-cut-jeans/SD:gp:mens-straight-leg-jean,Dt_18_04_2015,0,0
SD:gp:mens-boot-cut-jeans/SD:gp:mens-straight-leg-jean,Dt_19_04_2015,0.14,4.18
SD:gp:mens-boot-cut-jeans/SD:gp:mens-straight-leg-jean,Dt_20_04_2015,0.08,1.03
SD:gp:mens-boot-cut-jeans/SD:gp:mens-straight-leg-jean,Dt_21_04_2015,0,0.36
SD:gp:mens-boot-cut-jeans/SD:gp:mens-straight-leg-jean,Dt_22_04_2015,0.28,0
SD:gp:mens-boot-cut-jeans/SD:gp:mens-straight-leg-jean,Dt_23_04_2015,0,1.82
SD:gp:mens-boot-cut-jeans/SD:gp:mens-straight-leg-jean,Dt_24_04_2015,0,0
SD:gp:mens-boot-cut-jeans/SD:gp:mens-straight-leg-jean,Dt_25_04_2015,0.53,0
SD:gp:mens-boot-cut-jeans/SD:gp:mens-straight-leg-jean,Dt_26_04_2015,0.37,0.42
SD:gp:mens-boot-cut-jeans/SD:gp:mens-straight-leg-jean,Dt_27_04_2015,0,0
SD:gp:mens-boot-cut-jeans/SD:gp:mens-straight-leg-jean,Dt_28_04_2015,0.56,0
SD:gp:mens-boot-cut-jeans/SD:gp:mens-straight-leg-jean,Dt_29_04_2015,0,0.23
SD:gp:mens-boot-cut-jeans/SD:gp:mens-straight-leg-jean,Dt_30_04_2015,0,0
SD:gp:mens-boot-cut-jeans/SD:gp:mens-straight-leg-jean,Dt_01_05_2015,0.98,0
SD:gp:mens-boot-cut-jeans/SD:gp:mens-straight-leg-jean,Dt_02_05_2015,0,0
SD:gp:mens-boot-cut-jeans/SD:gp:mens-straight-leg-jean,Dt_03_05_2015,0,0.43
SD:gp:mens-boot-cut-jeans/SD:gp:mens-straight-leg-jean,Dt_04_05_2015,0.09,0.33
SD:gp:mens-boot-cut-jeans/SD:gp:mens-straight-leg-jean,Dt_05_05_2015,0,0.26
SD:gp:mens-boot-cut-jeans/SD:gp:mens-straight-leg-jean,Dt_06_05_2015,0.57,0
SD:gp:mens-boot-cut-jeans/SD:gp:mens-straight-leg-jean,Dt_07_05_2015,0,0.97
SD:gp:mens-boot-cut-jeans/SD:gp:mens-straight-leg-jean,Dt_08_05_2015,0,0
SD:gp:mens-boot-cut-jeans/SD:gp:mens-straight-leg-jean,Dt_09_05_2015,0,0.31
SD:gp:mens-boot-cut-jeans/SD:gp:mens-straight-leg-jean,Dt_10_05_2015,0,0
SD:gp:mens-boot-cut-jeans/SD:gp:mens-straight-leg-jean,Dt_11_05_2015,0,1.28
SD:gp:mens-boot-cut-jeans/SD:gp:mens-straight-leg-jean,Dt_12_05_2015,0,0
SD:gp:mens-boot-cut-jeans/SD:gp:mens-straight-leg-jean,Dt_13_05_2015,0,0
SD:gp:mens-boot-cut-jeans/SD:gp:mens-straight-leg-jean,Dt_14_05_2015,0,1.86
SD:gp:mens-boot-cut-jeans/SD:gp:mens-straight-leg-jean,Dt_15_05_2015,0,0
SD:gp:mens-boot-cut-jeans/SD:gp:mens-straight-leg-jean,Dt_16_05_2015,0.58,0.77
SD:gp:mens-boot-cut-jeans/SD:gp:mens-straight-leg-jean,Dt_17_05_2015,0,0
SD:gp:mens-crewneck-sweaters/SD:gp:mens-sweater-sale,Dt_24_03_2015,0,0
SD:gp:mens-crewneck-sweaters/SD:gp:mens-sweater-sale,Dt_25_03_2015,0,0
SD:gp:mens-crewneck-sweaters/SD:gp:mens-sweater-sale,Dt_26_03_2015,0,0
SD:gp:mens-crewneck-sweaters/SD:gp:mens-sweater-sale,Dt_27_03_2015,0,0.35
SD:gp:mens-crewneck-sweaters/SD:gp:mens-sweater-sale,Dt_28_03_2015,0,0
SD:gp:mens-crewneck-sweaters/SD:gp:mens-sweater-sale,Dt_29_03_2015,0,0.26
SD:gp:mens-crewneck-sweaters/SD:gp:mens-sweater-sale,Dt_30_03_2015,0,0
SD:gp:mens-crewneck-sweaters/SD:gp:mens-sweater-sale,Dt_31_03_2015,0,0
SD:gp:mens-crewneck-sweaters/SD:gp:mens-sweater-sale,Dt_01_04_2015,0,0
SD:gp:mens-crewneck-sweaters/SD:gp:mens-sweater-sale,Dt_02_04_2015,0,0
SD:gp:mens-crewneck-sweaters/SD:gp:mens-sweater-sale,Dt_03_04_2015,0,0
SD:gp:mens-crewneck-sweaters/SD:gp:mens-sweater-sale,Dt_04_04_2015,0,0
SD:gp:mens-crewneck-sweaters/SD:gp:mens-sweater-sale,Dt_05_04_2015,0,0.24
SD:gp:mens-crewneck-sweaters/SD:gp:mens-sweater-sale,Dt_06_04_2015,0,0
SD:gp:mens-crewneck-sweaters/SD:gp:mens-sweater-sale,Dt_07_04_2015,0,0
SD:gp:mens-crewneck-sweaters/SD:gp:mens-sweater-sale,Dt_08_04_2015,0,0
SD:gp:mens-crewneck-sweaters/SD:gp:mens-sweater-sale,Dt_09_04_2015,0,0
SD:gp:mens-crewneck-sweaters/SD:gp:mens-sweater-sale,Dt_10_04_2015,0,0
SD:gp:mens-crewneck-sweaters/SD:gp:mens-sweater-sale,Dt_11_04_2015,0,0
SD:gp:mens-crewneck-sweaters/SD:gp:mens-sweater-sale,Dt_12_04_2015,0,0.25
SD:gp:mens-crewneck-sweaters/SD:gp:mens-sweater-sale,Dt_13_04_2015,0,0
SD:gp:mens-crewneck-sweaters/SD:gp:mens-sweater-sale,Dt_14_04_2015,0,0
SD:gp:mens-crewneck-sweaters/SD:gp:mens-sweater-sale,Dt_15_04_2015,0,0
SD:gp:mens-crewneck-sweaters/SD:gp:mens-sweater-sale,Dt_16_04_2015,0,0.09
SD:gp:mens-crewneck-sweaters/SD:gp:mens-sweater-sale,Dt_17_04_2015,0,0
SD:gp:mens-crewneck-sweaters/SD:gp:mens-sweater-sale,Dt_18_04_2015,0,0
SD:gp:mens-crewneck-sweaters/SD:gp:mens-sweater-sale,Dt_19_04_2015,0,0
SD:gp:mens-crewneck-sweaters/SD:gp:mens-sweater-sale,Dt_20_04_2015,0.5,0
SD:gp:mens-crewneck-sweaters/SD:gp:mens-sweater-sale,Dt_21_04_2015,0,0
SD:gp:mens-crewneck-sweaters/SD:gp:mens-sweater-sale,Dt_22_04_2015,0,0.35
SD:gp:mens-crewneck-sweaters/SD:gp:mens-sweater-sale,Dt_23_04_2015,0,0
SD:gp:mens-crewneck-sweaters/SD:gp:mens-sweater-sale,Dt_24_04_2015,0,0
SD:gp:mens-crewneck-sweaters/SD:gp:mens-sweater-sale,Dt_25_04_2015,0,0.67
SD:gp:mens-crewneck-sweaters/SD:gp:mens-sweater-sale,Dt_26_04_2015,0,0
SD:gp:mens-crewneck-sweaters/SD:gp:mens-sweater-sale,Dt_27_04_2015,0,0
SD:gp:mens-crewneck-sweaters/SD:gp:mens-sweater-sale,Dt_28_04_2015,0,0
SD:gp:mens-crewneck-sweaters/SD:gp:mens-sweater-sale,Dt_29_04_2015,0,0
SD:gp:mens-crewneck-sweaters/SD:gp:mens-sweater-sale,Dt_30_04_2015,0,0
SD:gp:mens-crewneck-sweaters/SD:gp:mens-sweater-sale,Dt_01_05_2015,0,0
SD:gp:mens-crewneck-sweaters/SD:gp:mens-sweater-sale,Dt_02_05_2015,0,0
SD:gp:mens-crewneck-sweaters/SD:gp:mens-sweater-sale,Dt_03_05_2015,0,0
SD:gp:mens-crewneck-sweaters/SD:gp:mens-sweater-sale,Dt_04_05_2015,0,0
SD:gp:mens-crewneck-sweaters/SD:gp:mens-sweater-sale,Dt_05_05_2015,0,0
SD:gp:mens-crewneck-sweaters/SD:gp:mens-sweater-sale,Dt_06_05_2015,0,0
SD:gp:mens-crewneck-sweaters/SD:gp:mens-sweater-sale,Dt_07_05_2015,0,0
SD:gp:mens-crewneck-sweaters/SD:gp:mens-sweater-sale,Dt_08_05_2015,0,0
SD:gp:mens-crewneck-sweaters/SD:gp:mens-sweater-sale,Dt_09_05_2015,0,0
SD:gp:mens-crewneck-sweaters/SD:gp:mens-sweater-sale,Dt_10_05_2015,0,0
SD:gp:mens-crewneck-sweaters/SD:gp:mens-sweater-sale,Dt_11_05_2015,0,0
SD:gp:mens-crewneck-sweaters/SD:gp:mens-sweater-sale,Dt_12_05_2015,0,0
SD:gp:mens-crewneck-sweaters/SD:gp:mens-sweater-sale,Dt_13_05_2015,0,0.09
SD:gp:mens-crewneck-sweaters/SD:gp:mens-sweater-sale,Dt_14_05_2015,0,0
SD:gp:mens-crewneck-sweaters/SD:gp:mens-sweater-sale,Dt_15_05_2015,0,0
SD:gp:mens-crewneck-sweaters/SD:gp:mens-sweater-sale,Dt_16_05_2015,0,0
SD:gp:mens-crewneck-sweaters/SD:gp:mens-sweater-sale,Dt_17_05_2015,0,0
SD:gp:mens-pants/SD:gp:mens-t-shirts,Dt_24_03_2015,0.02,0
SD:gp:mens-pants/SD:gp:mens-t-shirts,Dt_25_03_2015,0.04,0
SD:gp:mens-pants/SD:gp:mens-t-shirts,Dt_26_03_2015,0.1,0
SD:gp:mens-pants/SD:gp:mens-t-shirts,Dt_27_03_2015,0,0
SD:gp:mens-pants/SD:gp:mens-t-shirts,Dt_28_03_2015,0,0
SD:gp:mens-pants/SD:gp:mens-t-shirts,Dt_29_03_2015,0.2,0.02
SD:gp:mens-pants/SD:gp:mens-t-shirts,Dt_30_03_2015,0.06,0.02
SD:gp:mens-pants/SD:gp:mens-t-shirts,Dt_31_03_2015,0.06,0
SD:gp:mens-pants/SD:gp:mens-t-shirts,Dt_01_04_2015,0,0
SD:gp:mens-pants/SD:gp:mens-t-shirts,Dt_02_04_2015,0.05,0
SD:gp:mens-pants/SD:gp:mens-t-shirts,Dt_03_04_2015,0,0
SD:gp:mens-pants/SD:gp:mens-t-shirts,Dt_04_04_2015,0.05,0
SD:gp:mens-pants/SD:gp:mens-t-shirts,Dt_05_04_2015,0.14,0
SD:gp:mens-pants/SD:gp:mens-t-shirts,Dt_06_04_2015,0.15,0
SD:gp:mens-pants/SD:gp:mens-t-shirts,Dt_07_04_2015,0.22,0.12
SD:gp:mens-pants/SD:gp:mens-t-shirts,Dt_08_04_2015,0,0.01
SD:gp:mens-pants/SD:gp:mens-t-shirts,Dt_09_04_2015,0.11,0.03
SD:gp:mens-pants/SD:gp:mens-t-shirts,Dt_10_04_2015,0,0
SD:gp:mens-pants/SD:gp:mens-t-shirts,Dt_11_04_2015,0.23,0.05
SD:gp:mens-pants/SD:gp:mens-t-shirts,Dt_12_04_2015,0.12,0.05
SD:gp:mens-pants/SD:gp:mens-t-shirts,Dt_13_04_2015,0.11,0.03
SD:gp:mens-pants/SD:gp:mens-t-shirts,Dt_14_04_2015,0.03,0.09
SD:gp:mens-pants/SD:gp:mens-t-shirts,Dt_15_04_2015,0.08,0.03
SD:gp:mens-pants/SD:gp:mens-t-shirts,Dt_16_04_2015,0,0.36
SD:gp:mens-pants/SD:gp:mens-t-shirts,Dt_17_04_2015,0.05,0.11
SD:gp:mens-pants/SD:gp:mens-t-shirts,Dt_18_04_2015,0.07,0.07
SD:gp:mens-pants/SD:gp:mens-t-shirts,Dt_19_04_2015,0,0
SD:gp:mens-pants/SD:gp:mens-t-shirts,Dt_20_04_2015,0.11,0.08
SD:gp:mens-pants/SD:gp:mens-t-shirts,Dt_21_04_2015,0.16,0.07
SD:gp:mens-pants/SD:gp:mens-t-shirts,Dt_22_04_2015,0.14,0.09
SD:gp:mens-pants/SD:gp:mens-t-shirts,Dt_23_04_2015,0.09,0.15
SD:gp:mens-pants/SD:gp:mens-t-shirts,Dt_24_04_2015,0.12,0.06
SD:gp:mens-pants/SD:gp:mens-t-shirts,Dt_25_04_2015,0,0.06
SD:gp:mens-pants/SD:gp:mens-t-shirts,Dt_26_04_2015,0.05,0.11
SD:gp:mens-pants/SD:gp:mens-t-shirts,Dt_27_04_2015,0.32,0.01
SD:gp:mens-pants/SD:gp:mens-t-shirts,Dt_28_04_2015,0.2,0
SD:gp:mens-pants/SD:gp:mens-t-shirts,Dt_29_04_2015,0,0.01
SD:gp:mens-pants/SD:gp:mens-t-shirts,Dt_30_04_2015,0.08,0.07
SD:gp:mens-pants/SD:gp:mens-t-shirts,Dt_01_05_2015,0.07,0.06
SD:gp:mens-pants/SD:gp:mens-t-shirts,Dt_02_05_2015,0,0.69
SD:gp:mens-pants/SD:gp:mens-t-shirts,Dt_03_05_2015,0.08,0.05
SD:gp:mens-pants/SD:gp:mens-t-shirts,Dt_04_05_2015,0.1,0.13
SD:gp:mens-pants/SD:gp:mens-t-shirts,Dt_05_05_2015,0.26,0
SD:gp:mens-pants/SD:gp:mens-t-shirts,Dt_06_05_2015,0,0.03
SD:gp:mens-pants/SD:gp:mens-t-shirts,Dt_07_05_2015,0,0.15
SD:gp:mens-pants/SD:gp:mens-t-shirts,Dt_08_05_2015,0,0.07
SD:gp:mens-pants/SD:gp:mens-t-shirts,Dt_09_05_2015,0.37,0.28
SD:gp:mens-pants/SD:gp:mens-t-shirts,Dt_10_05_2015,0.12,0.4
SD:gp:mens-pants/SD:gp:mens-t-shirts,Dt_11_05_2015,0.07,0
SD:gp:mens-pants/SD:gp:mens-t-shirts,Dt_12_05_2015,0.06,0.17
SD:gp:mens-pants/SD:gp:mens-t-shirts,Dt_13_05_2015,0.16,0
SD:gp:mens-pants/SD:gp:mens-t-shirts,Dt_14_05_2015,0.78,0.13
SD:gp:mens-pants/SD:gp:mens-t-shirts,Dt_15_05_2015,0.19,0.21
SD:gp:mens-pants/SD:gp:mens-t-shirts,Dt_16_05_2015,0.18,0.02
SD:gp:mens-pants/SD:gp:mens-t-shirts,Dt_17_05_2015,0.45,0.06
SD:gp:mens-pique-polo-shirts/SD:gp:mens-briefs,Dt_24_03_2015,0,0
SD:gp:mens-pique-polo-shirts/SD:gp:mens-briefs,Dt_25_03_2015,0,0
SD:gp:mens-pique-polo-shirts/SD:gp:mens-briefs,Dt_26_03_2015,0,0
SD:gp:mens-pique-polo-shirts/SD:gp:mens-briefs,Dt_27_03_2015,0,0.6
SD:gp:mens-pique-polo-shirts/SD:gp:mens-briefs,Dt_28_03_2015,0,0
SD:gp:mens-pique-polo-shirts/SD:gp:mens-briefs,Dt_29_03_2015,0,5.98
SD:gp:mens-pique-polo-shirts/SD:gp:mens-briefs,Dt_30_03_2015,0,0
SD:gp:mens-pique-polo-shirts/SD:gp:mens-briefs,Dt_31_03_2015,0,0
SD:gp:mens-pique-polo-shirts/SD:gp:mens-briefs,Dt_01_04_2015,0,0
SD:gp:mens-pique-polo-shirts/SD:gp:mens-briefs,Dt_02_04_2015,0,0
SD:gp:mens-pique-polo-shirts/SD:gp:mens-briefs,Dt_03_04_2015,0,0
SD:gp:mens-pique-polo-shirts/SD:gp:mens-briefs,Dt_04_04_2015,0,0
SD:gp:mens-pique-polo-shirts/SD:gp:mens-briefs,Dt_05_04_2015,0.63,0
SD:gp:mens-pique-polo-shirts/SD:gp:mens-briefs,Dt_06_04_2015,0.58,0
SD:gp:mens-pique-polo-shirts/SD:gp:mens-briefs,Dt_07_04_2015,0,0
SD:gp:mens-pique-polo-shirts/SD:gp:mens-briefs,Dt_08_04_2015,0,0
SD:gp:mens-pique-polo-shirts/SD:gp:mens-briefs,Dt_09_04_2015,0,0
SD:gp:mens-pique-polo-shirts/SD:gp:mens-briefs,Dt_10_04_2015,0,0
SD:gp:mens-pique-polo-shirts/SD:gp:mens-briefs,Dt_11_04_2015,0,0
SD:gp:mens-pique-polo-shirts/SD:gp:mens-briefs,Dt_12_04_2015,0,0
SD:gp:mens-pique-polo-shirts/SD:gp:mens-briefs,Dt_13_04_2015,0,0
SD:gp:mens-pique-polo-shirts/SD:gp:mens-briefs,Dt_14_04_2015,0,0
SD:gp:mens-pique-polo-shirts/SD:gp:mens-briefs,Dt_15_04_2015,0,0
SD:gp:mens-pique-polo-shirts/SD:gp:mens-briefs,Dt_16_04_2015,0,0
SD:gp:mens-pique-polo-shirts/SD:gp:mens-briefs,Dt_17_04_2015,0,0
SD:gp:mens-pique-polo-shirts/SD:gp:mens-briefs,Dt_18_04_2015,0,0
SD:gp:mens-pique-polo-shirts/SD:gp:mens-briefs,Dt_19_04_2015,0,1.42
SD:gp:mens-pique-polo-shirts/SD:gp:mens-briefs,Dt_20_04_2015,0,0
SD:gp:mens-pique-polo-shirts/SD:gp:mens-briefs,Dt_21_04_2015,0,0
SD:gp:mens-pique-polo-shirts/SD:gp:mens-briefs,Dt_22_04_2015,0,0
SD:gp:mens-pique-polo-shirts/SD:gp:mens-briefs,Dt_23_04_2015,0,0
SD:gp:mens-pique-polo-shirts/SD:gp:mens-briefs,Dt_24_04_2015,0,0
SD:gp:mens-pique-polo-shirts/SD:gp:mens-briefs,Dt_25_04_2015,0,0
SD:gp:mens-pique-polo-shirts/SD:gp:mens-briefs,Dt_26_04_2015,0.38,0.58
SD:gp:mens-pique-polo-shirts/SD:gp:mens-briefs,Dt_27_04_2015,0,0
SD:gp:mens-pique-polo-shirts/SD:gp:mens-briefs,Dt_28_04_2015,0,0
SD:gp:mens-pique-polo-shirts/SD:gp:mens-briefs,Dt_29_04_2015,0,0
SD:gp:mens-pique-polo-shirts/SD:gp:mens-briefs,Dt_30_04_2015,0,0
SD:gp:mens-pique-polo-shirts/SD:gp:mens-briefs,Dt_01_05_2015,0,0
SD:gp:mens-pique-polo-shirts/SD:gp:mens-briefs,Dt_02_05_2015,0,0
SD:gp:mens-pique-polo-shirts/SD:gp:mens-briefs,Dt_03_05_2015,0,0
SD:gp:mens-pique-polo-shirts/SD:gp:mens-briefs,Dt_04_05_2015,0,0
SD:gp:mens-pique-polo-shirts/SD:gp:mens-briefs,Dt_05_05_2015,0,0
SD:gp:mens-pique-polo-shirts/SD:gp:mens-briefs,Dt_06_05_2015,0,0
SD:gp:mens-pique-polo-shirts/SD:gp:mens-briefs,Dt_07_05_2015,0,0
SD:gp:mens-pique-polo-shirts/SD:gp:mens-briefs,Dt_08_05_2015,0,0
SD:gp:mens-pique-polo-shirts/SD:gp:mens-briefs,Dt_09_05_2015,0,0
SD:gp:mens-pique-polo-shirts/SD:gp:mens-briefs,Dt_10_05_2015,0,0
SD:gp:mens-pique-polo-shirts/SD:gp:mens-briefs,Dt_11_05_2015,0,0
SD:gp:mens-pique-polo-shirts/SD:gp:mens-briefs,Dt_12_05_2015,0,0
SD:gp:mens-pique-polo-shirts/SD:gp:mens-briefs,Dt_13_05_2015,0,2.28
SD:gp:mens-pique-polo-shirts/SD:gp:mens-briefs,Dt_14_05_2015,0,0
SD:gp:mens-pique-polo-shirts/SD:gp:mens-briefs,Dt_15_05_2015,0,0
SD:gp:mens-pique-polo-shirts/SD:gp:mens-briefs,Dt_16_05_2015,0,0
SD:gp:mens-pique-polo-shirts/SD:gp:mens-briefs,Dt_17_05_2015,0,0.73
SD:gp:mens-polo-shirts/SD:gp:slim-khakis-men-C80811,Dt_24_03_2015,0,0.53
SD:gp:mens-polo-shirts/SD:gp:slim-khakis-men-C80811,Dt_25_03_2015,0,0.4
SD:gp:mens-polo-shirts/SD:gp:slim-khakis-men-C80811,Dt_26_03_2015,0,0.54
SD:gp:mens-polo-shirts/SD:gp:slim-khakis-men-C80811,Dt_27_03_2015,0,0.14
SD:gp:mens-polo-shirts/SD:gp:slim-khakis-men-C80811,Dt_28_03_2015,0.14,0
SD:gp:mens-polo-shirts/SD:gp:slim-khakis-men-C80811,Dt_29_03_2015,0,0.22
SD:gp:mens-polo-shirts/SD:gp:slim-khakis-men-C80811,Dt_30_03_2015,0.26,0.06
SD:gp:mens-polo-shirts/SD:gp:slim-khakis-men-C80811,Dt_31_03_2015,0,0.24
SD:gp:mens-polo-shirts/SD:gp:slim-khakis-men-C80811,Dt_01_04_2015,0.04,0.04
SD:gp:mens-polo-shirts/SD:gp:slim-khakis-men-C80811,Dt_02_04_2015,0.2,0
SD:gp:mens-polo-shirts/SD:gp:slim-khakis-men-C80811,Dt_03_04_2015,0,0.19
SD:gp:mens-polo-shirts/SD:gp:slim-khakis-men-C80811,Dt_04_04_2015,0.09,0
SD:gp:mens-polo-shirts/SD:gp:slim-khakis-men-C80811,Dt_05_04_2015,0,0.43
SD:gp:mens-polo-shirts/SD:gp:slim-khakis-men-C80811,Dt_06_04_2015,0.42,0.34
SD:gp:mens-polo-shirts/SD:gp:slim-khakis-men-C80811,Dt_07_04_2015,0,1.1
SD:gp:mens-polo-shirts/SD:gp:slim-khakis-men-C80811,Dt_08_04_2015,0,0
SD:gp:mens-polo-shirts/SD:gp:slim-khakis-men-C80811,Dt_09_04_2015,0,0.1
SD:gp:mens-polo-shirts/SD:gp:slim-khakis-men-C80811,Dt_10_04_2015,0,1.32
SD:gp:mens-polo-shirts/SD:gp:slim-khakis-men-C80811,Dt_11_04_2015,0.12,0
SD:gp:mens-polo-shirts/SD:gp:slim-khakis-men-C80811,Dt_12_04_2015,0,0.12
SD:gp:mens-polo-shirts/SD:gp:slim-khakis-men-C80811,Dt_13_04_2015,0,0.12
SD:gp:mens-polo-shirts/SD:gp:slim-khakis-men-C80811,Dt_14_04_2015,0,0.11
SD:gp:mens-polo-shirts/SD:gp:slim-khakis-men-C80811,Dt_15_04_2015,0,0
SD:gp:mens-polo-shirts/SD:gp:slim-khakis-men-C80811,Dt_16_04_2015,0,0
SD:gp:mens-polo-shirts/SD:gp:slim-khakis-men-C80811,Dt_17_04_2015,0.43,1.65
SD:gp:mens-polo-shirts/SD:gp:slim-khakis-men-C80811,Dt_18_04_2015,0,0
SD:gp:mens-polo-shirts/SD:gp:slim-khakis-men-C80811,Dt_19_04_2015,0.06,0.09
SD:gp:mens-polo-shirts/SD:gp:slim-khakis-men-C80811,Dt_20_04_2015,0.02,0.24
SD:gp:mens-polo-shirts/SD:gp:slim-khakis-men-C80811,Dt_21_04_2015,0,0.39
SD:gp:mens-polo-shirts/SD:gp:slim-khakis-men-C80811,Dt_22_04_2015,0.12,0.13
SD:gp:mens-polo-shirts/SD:gp:slim-khakis-men-C80811,Dt_23_04_2015,0.06,0.28
SD:gp:mens-polo-shirts/SD:gp:slim-khakis-men-C80811,Dt_24_04_2015,0,0
SD:gp:mens-polo-shirts/SD:gp:slim-khakis-men-C80811,Dt_25_04_2015,0,0
SD:gp:mens-polo-shirts/SD:gp:slim-khakis-men-C80811,Dt_26_04_2015,0,0.07
SD:gp:mens-polo-shirts/SD:gp:slim-khakis-men-C80811,Dt_27_04_2015,0.24,0.16
SD:gp:mens-polo-shirts/SD:gp:slim-khakis-men-C80811,Dt_28_04_2015,0,0.71
SD:gp:mens-polo-shirts/SD:gp:slim-khakis-men-C80811,Dt_29_04_2015,0,0.34
SD:gp:mens-polo-shirts/SD:gp:slim-khakis-men-C80811,Dt_30_04_2015,0.4,0
SD:gp:mens-polo-shirts/SD:gp:slim-khakis-men-C80811,Dt_01_05_2015,0,0
SD:gp:mens-polo-shirts/SD:gp:slim-khakis-men-C80811,Dt_02_05_2015,0.08,0.27
SD:gp:mens-polo-shirts/SD:gp:slim-khakis-men-C80811,Dt_03_05_2015,0,0.04
SD:gp:mens-polo-shirts/SD:gp:slim-khakis-men-C80811,Dt_04_05_2015,0.1,0
SD:gp:mens-polo-shirts/SD:gp:slim-khakis-men-C80811,Dt_05_05_2015,0.01,0.27
SD:gp:mens-polo-shirts/SD:gp:slim-khakis-men-C80811,Dt_06_05_2015,0,0.64
SD:gp:mens-polo-shirts/SD:gp:slim-khakis-men-C80811,Dt_07_05_2015,0,0
SD:gp:mens-polo-shirts/SD:gp:slim-khakis-men-C80811,Dt_08_05_2015,0,0.25
SD:gp:mens-polo-shirts/SD:gp:slim-khakis-men-C80811,Dt_09_05_2015,0.02,0.16
SD:gp:mens-polo-shirts/SD:gp:slim-khakis-men-C80811,Dt_10_05_2015,0.07,0.13
SD:gp:mens-polo-shirts/SD:gp:slim-khakis-men-C80811,Dt_11_05_2015,0.06,0.05
SD:gp:mens-polo-shirts/SD:gp:slim-khakis-men-C80811,Dt_12_05_2015,0,0.11
SD:gp:mens-polo-shirts/SD:gp:slim-khakis-men-C80811,Dt_13_05_2015,0.07,0
SD:gp:mens-polo-shirts/SD:gp:slim-khakis-men-C80811,Dt_14_05_2015,0.04,0
SD:gp:mens-polo-shirts/SD:gp:slim-khakis-men-C80811,Dt_15_05_2015,0.17,0
SD:gp:mens-polo-shirts/SD:gp:slim-khakis-men-C80811,Dt_16_05_2015,0.03,0.19
SD:gp:mens-polo-shirts/SD:gp:slim-khakis-men-C80811,Dt_17_05_2015,0.03,0.16
SD:gp:mens-skinny-jeans/SD:gp:shorts-for-men,Dt_24_03_2015,0.27,0.41
SD:gp:mens-skinny-jeans/SD:gp:shorts-for-men,Dt_25_03_2015,0,0
SD:gp:mens-skinny-jeans/SD:gp:shorts-for-men,Dt_26_03_2015,0,0.27
SD:gp:mens-skinny-jeans/SD:gp:shorts-for-men,Dt_27_03_2015,0,0
SD:gp:mens-skinny-jeans/SD:gp:shorts-for-men,Dt_28_03_2015,0,0.05
SD:gp:mens-skinny-jeans/SD:gp:shorts-for-men,Dt_29_03_2015,0,0.24
SD:gp:mens-skinny-jeans/SD:gp:shorts-for-men,Dt_30_03_2015,0.66,0
SD:gp:mens-skinny-jeans/SD:gp:shorts-for-men,Dt_31_03_2015,0,0.15
SD:gp:mens-skinny-jeans/SD:gp:shorts-for-men,Dt_01_04_2015,0,0
SD:gp:mens-skinny-jeans/SD:gp:shorts-for-men,Dt_02_04_2015,0.44,0.28
SD:gp:mens-skinny-jeans/SD:gp:shorts-for-men,Dt_03_04_2015,0,0
SD:gp:mens-skinny-jeans/SD:gp:shorts-for-men,Dt_04_04_2015,0,0.02
SD:gp:mens-skinny-jeans/SD:gp:shorts-for-men,Dt_05_04_2015,0,0
SD:gp:mens-skinny-jeans/SD:gp:shorts-for-men,Dt_06_04_2015,0,0.46
SD:gp:mens-skinny-jeans/SD:gp:shorts-for-men,Dt_07_04_2015,0,0.32
SD:gp:mens-skinny-jeans/SD:gp:shorts-for-men,Dt_08_04_2015,0,0
SD:gp:mens-skinny-jeans/SD:gp:shorts-for-men,Dt_09_04_2015,0,0.09
SD:gp:mens-skinny-jeans/SD:gp:shorts-for-men,Dt_10_04_2015,0,0
SD:gp:mens-skinny-jeans/SD:gp:shorts-for-men,Dt_11_04_2015,0.18,0.04
SD:gp:mens-skinny-jeans/SD:gp:shorts-for-men,Dt_12_04_2015,0,0
SD:gp:mens-skinny-jeans/SD:gp:shorts-for-men,Dt_13_04_2015,0,0.65
SD:gp:mens-skinny-jeans/SD:gp:shorts-for-men,Dt_14_04_2015,0,0
SD:gp:mens-skinny-jeans/SD:gp:shorts-for-men,Dt_15_04_2015,0,0.1
SD:gp:mens-skinny-jeans/SD:gp:shorts-for-men,Dt_16_04_2015,0.32,0.02
SD:gp:mens-skinny-jeans/SD:gp:shorts-for-men,Dt_17_04_2015,0,0.79
SD:gp:mens-skinny-jeans/SD:gp:shorts-for-men,Dt_18_04_2015,0,0.04
SD:gp:mens-skinny-jeans/SD:gp:shorts-for-men,Dt_19_04_2015,0,0.53
SD:gp:mens-skinny-jeans/SD:gp:shorts-for-men,Dt_20_04_2015,0,0.07
SD:gp:mens-skinny-jeans/SD:gp:shorts-for-men,Dt_21_04_2015,0,0.49
SD:gp:mens-skinny-jeans/SD:gp:shorts-for-men,Dt_22_04_2015,0,0
SD:gp:mens-skinny-jeans/SD:gp:shorts-for-men,Dt_23_04_2015,0,0
SD:gp:mens-skinny-jeans/SD:gp:shorts-for-men,Dt_24_04_2015,0,0.01
SD:gp:mens-skinny-jeans/SD:gp:shorts-for-men,Dt_25_04_2015,0.29,0.12
SD:gp:mens-skinny-jeans/SD:gp:shorts-for-men,Dt_26_04_2015,0,0.23
SD:gp:mens-skinny-jeans/SD:gp:shorts-for-men,Dt_27_04_2015,0.45,0.32
SD:gp:mens-skinny-jeans/SD:gp:shorts-for-men,Dt_28_04_2015,0,0.04
SD:gp:mens-skinny-jeans/SD:gp:shorts-for-men,Dt_29_04_2015,0.05,0.16
SD:gp:mens-skinny-jeans/SD:gp:shorts-for-men,Dt_30_04_2015,0,0.23
SD:gp:mens-skinny-jeans/SD:gp:shorts-for-men,Dt_01_05_2015,0,0
SD:gp:mens-skinny-jeans/SD:gp:shorts-for-men,Dt_02_05_2015,0,0.04
SD:gp:mens-skinny-jeans/SD:gp:shorts-for-men,Dt_03_05_2015,0,0.08
SD:gp:mens-skinny-jeans/SD:gp:shorts-for-men,Dt_04_05_2015,0.36,0.11
SD:gp:mens-skinny-jeans/SD:gp:shorts-for-men,Dt_05_05_2015,0,0.05
SD:gp:mens-skinny-jeans/SD:gp:shorts-for-men,Dt_06_05_2015,0,0.22
SD:gp:mens-skinny-jeans/SD:gp:shorts-for-men,Dt_07_05_2015,0,0.01
SD:gp:mens-skinny-jeans/SD:gp:shorts-for-men,Dt_08_05_2015,0,0.02
SD:gp:mens-skinny-jeans/SD:gp:shorts-for-men,Dt_09_05_2015,0.26,0.06
SD:gp:mens-skinny-jeans/SD:gp:shorts-for-men,Dt_10_05_2015,0,0.41
SD:gp:mens-skinny-jeans/SD:gp:shorts-for-men,Dt_11_05_2015,0,0.13
SD:gp:mens-skinny-jeans/SD:gp:shorts-for-men,Dt_12_05_2015,0,0.24
SD:gp:mens-skinny-jeans/SD:gp:shorts-for-men,Dt_13_05_2015,0,0.02
SD:gp:mens-skinny-jeans/SD:gp:shorts-for-men,Dt_14_05_2015,0,0.03
SD:gp:mens-skinny-jeans/SD:gp:shorts-for-men,Dt_15_05_2015,0,0.09
SD:gp:mens-skinny-jeans/SD:gp:shorts-for-men,Dt_16_05_2015,0.73,0
SD:gp:mens-skinny-jeans/SD:gp:shorts-for-men,Dt_17_05_2015,0,0.35
SD:gp:mens-socks/SD:gp:boxer-briefs,Dt_24_03_2015,0,0.48
SD:gp:mens-socks/SD:gp:boxer-briefs,Dt_25_03_2015,0.18,0
SD:gp:mens-socks/SD:gp:boxer-briefs,Dt_26_03_2015,0,0
SD:gp:mens-socks/SD:gp:boxer-briefs,Dt_27_03_2015,0,0.3
SD:gp:mens-socks/SD:gp:boxer-briefs,Dt_28_03_2015,0.2,0
SD:gp:mens-socks/SD:gp:boxer-briefs,Dt_29_03_2015,0,0
SD:gp:mens-socks/SD:gp:boxer-briefs,Dt_30_03_2015,0,0
SD:gp:mens-socks/SD:gp:boxer-briefs,Dt_31_03_2015,0,0.4
SD:gp:mens-socks/SD:gp:boxer-briefs,Dt_01_04_2015,0,0
SD:gp:mens-socks/SD:gp:boxer-briefs,Dt_02_04_2015,0,0
SD:gp:mens-socks/SD:gp:boxer-briefs,Dt_03_04_2015,0,0
SD:gp:mens-socks/SD:gp:boxer-briefs,Dt_04_04_2015,0.25,1.18
SD:gp:mens-socks/SD:gp:boxer-briefs,Dt_05_04_2015,0,0.02
SD:gp:mens-socks/SD:gp:boxer-briefs,Dt_06_04_2015,0,0
SD:gp:mens-socks/SD:gp:boxer-briefs,Dt_07_04_2015,0,0
SD:gp:mens-socks/SD:gp:boxer-briefs,Dt_08_04_2015,0,0.12
SD:gp:mens-socks/SD:gp:boxer-briefs,Dt_09_04_2015,0.21,0.16
SD:gp:mens-socks/SD:gp:boxer-briefs,Dt_10_04_2015,0,0
SD:gp:mens-socks/SD:gp:boxer-briefs,Dt_11_04_2015,0,0
SD:gp:mens-socks/SD:gp:boxer-briefs,Dt_12_04_2015,0,0
SD:gp:mens-socks/SD:gp:boxer-briefs,Dt_13_04_2015,0,0
SD:gp:mens-socks/SD:gp:boxer-briefs,Dt_14_04_2015,0.35,0.14
SD:gp:mens-socks/SD:gp:boxer-briefs,Dt_15_04_2015,0,0
SD:gp:mens-socks/SD:gp:boxer-briefs,Dt_16_04_2015,0.14,0
SD:gp:mens-socks/SD:gp:boxer-briefs,Dt_17_04_2015,0,0
SD:gp:mens-socks/SD:gp:boxer-briefs,Dt_18_04_2015,0.16,0
SD:gp:mens-socks/SD:gp:boxer-briefs,Dt_19_04_2015,0.14,0
SD:gp:mens-socks/SD:gp:boxer-briefs,Dt_20_04_2015,0,0.35
SD:gp:mens-socks/SD:gp:boxer-briefs,Dt_21_04_2015,0,0
SD:gp:mens-socks/SD:gp:boxer-briefs,Dt_22_04_2015,1.31,0
SD:gp:mens-socks/SD:gp:boxer-briefs,Dt_23_04_2015,0,0
SD:gp:mens-socks/SD:gp:boxer-briefs,Dt_24_04_2015,0,0
SD:gp:mens-socks/SD:gp:boxer-briefs,Dt_25_04_2015,0,0
SD:gp:mens-socks/SD:gp:boxer-briefs,Dt_26_04_2015,0,0
SD:gp:mens-socks/SD:gp:boxer-briefs,Dt_27_04_2015,0,0
SD:gp:mens-socks/SD:gp:boxer-briefs,Dt_28_04_2015,0,0
SD:gp:mens-socks/SD:gp:boxer-briefs,Dt_29_04_2015,0,0
SD:gp:mens-socks/SD:gp:boxer-briefs,Dt_30_04_2015,0,0
SD:gp:mens-socks/SD:gp:boxer-briefs,Dt_01_05_2015,0.21,1.81
SD:gp:mens-socks/SD:gp:boxer-briefs,Dt_02_05_2015,0,0
SD:gp:mens-socks/SD:gp:boxer-briefs,Dt_03_05_2015,0,0
SD:gp:mens-socks/SD:gp:boxer-briefs,Dt_04_05_2015,0,0
SD:gp:mens-socks/SD:gp:boxer-briefs,Dt_05_05_2015,0.09,0
SD:gp:mens-socks/SD:gp:boxer-briefs,Dt_06_05_2015,0,0
SD:gp:mens-socks/SD:gp:boxer-briefs,Dt_07_05_2015,0.2,0.85
SD:gp:mens-socks/SD:gp:boxer-briefs,Dt_08_05_2015,0,0
SD:gp:mens-socks/SD:gp:boxer-briefs,Dt_09_05_2015,0,0
SD:gp:mens-socks/SD:gp:boxer-briefs,Dt_10_05_2015,1.98,0
SD:gp:mens-socks/SD:gp:boxer-briefs,Dt_11_05_2015,0.65,0
SD:gp:mens-socks/SD:gp:boxer-briefs,Dt_12_05_2015,0,0
SD:gp:mens-socks/SD:gp:boxer-briefs,Dt_13_05_2015,0,0
SD:gp:mens-socks/SD:gp:boxer-briefs,Dt_14_05_2015,0,0
SD:gp:mens-socks/SD:gp:boxer-briefs,Dt_15_05_2015,0,0
SD:gp:mens-socks/SD:gp:boxer-briefs,Dt_16_05_2015,0,0.05
SD:gp:mens-socks/SD:gp:boxer-briefs,Dt_17_05_2015,0,0.21
SD:gp:mens-sweatshirts/SD:gp:mens-short-sleeve-shirts,Dt_24_03_2015,0,0
SD:gp:mens-sweatshirts/SD:gp:mens-short-sleeve-shirts,Dt_25_03_2015,0,0
SD:gp:mens-sweatshirts/SD:gp:mens-short-sleeve-shirts,Dt_26_03_2015,0,0
SD:gp:mens-sweatshirts/SD:gp:mens-short-sleeve-shirts,Dt_27_03_2015,0,0
SD:gp:mens-sweatshirts/SD:gp:mens-short-sleeve-shirts,Dt_28_03_2015,0,0
SD:gp:mens-sweatshirts/SD:gp:mens-short-sleeve-shirts,Dt_29_03_2015,0,0
SD:gp:mens-sweatshirts/SD:gp:mens-short-sleeve-shirts,Dt_30_03_2015,0,0
SD:gp:mens-sweatshirts/SD:gp:mens-short-sleeve-shirts,Dt_31_03_2015,0,0
SD:gp:mens-sweatshirts/SD:gp:mens-short-sleeve-shirts,Dt_01_04_2015,0,0
SD:gp:mens-sweatshirts/SD:gp:mens-short-sleeve-shirts,Dt_02_04_2015,0,0
SD:gp:mens-sweatshirts/SD:gp:mens-short-sleeve-shirts,Dt_03_04_2015,0,0
SD:gp:mens-sweatshirts/SD:gp:mens-short-sleeve-shirts,Dt_04_04_2015,0,0
SD:gp:mens-sweatshirts/SD:gp:mens-short-sleeve-shirts,Dt_05_04_2015,0,0
SD:gp:mens-sweatshirts/SD:gp:mens-short-sleeve-shirts,Dt_06_04_2015,0,0
SD:gp:mens-sweatshirts/SD:gp:mens-short-sleeve-shirts,Dt_07_04_2015,0,0
SD:gp:mens-sweatshirts/SD:gp:mens-short-sleeve-shirts,Dt_08_04_2015,0,0
SD:gp:mens-sweatshirts/SD:gp:mens-short-sleeve-shirts,Dt_09_04_2015,0,0
SD:gp:mens-sweatshirts/SD:gp:mens-short-sleeve-shirts,Dt_10_04_2015,0,0.28
SD:gp:mens-sweatshirts/SD:gp:mens-short-sleeve-shirts,Dt_11_04_2015,0,0
SD:gp:mens-sweatshirts/SD:gp:mens-short-sleeve-shirts,Dt_12_04_2015,0,0
SD:gp:mens-sweatshirts/SD:gp:mens-short-sleeve-shirts,Dt_13_04_2015,0.28,0
SD:gp:mens-sweatshirts/SD:gp:mens-short-sleeve-shirts,Dt_14_04_2015,0,0
SD:gp:mens-sweatshirts/SD:gp:mens-short-sleeve-shirts,Dt_15_04_2015,0.12,0
SD:gp:mens-sweatshirts/SD:gp:mens-short-sleeve-shirts,Dt_16_04_2015,0.08,0
SD:gp:mens-sweatshirts/SD:gp:mens-short-sleeve-shirts,Dt_17_04_2015,0,0
SD:gp:mens-sweatshirts/SD:gp:mens-short-sleeve-shirts,Dt_18_04_2015,0,0.47
SD:gp:mens-sweatshirts/SD:gp:mens-short-sleeve-shirts,Dt_19_04_2015,0,0
SD:gp:mens-sweatshirts/SD:gp:mens-short-sleeve-shirts,Dt_20_04_2015,0,0
SD:gp:mens-sweatshirts/SD:gp:mens-short-sleeve-shirts,Dt_21_04_2015,0,0
SD:gp:mens-sweatshirts/SD:gp:mens-short-sleeve-shirts,Dt_22_04_2015,0,0
SD:gp:mens-sweatshirts/SD:gp:mens-short-sleeve-shirts,Dt_23_04_2015,0,0
SD:gp:mens-sweatshirts/SD:gp:mens-short-sleeve-shirts,Dt_24_04_2015,0,0
SD:gp:mens-sweatshirts/SD:gp:mens-short-sleeve-shirts,Dt_25_04_2015,0,0
SD:gp:mens-sweatshirts/SD:gp:mens-short-sleeve-shirts,Dt_26_04_2015,0,0
SD:gp:mens-sweatshirts/SD:gp:mens-short-sleeve-shirts,Dt_27_04_2015,0,0
SD:gp:mens-sweatshirts/SD:gp:mens-short-sleeve-shirts,Dt_28_04_2015,0,0
SD:gp:mens-sweatshirts/SD:gp:mens-short-sleeve-shirts,Dt_29_04_2015,0,0.08
SD:gp:mens-sweatshirts/SD:gp:mens-short-sleeve-shirts,Dt_30_04_2015,0,0
SD:gp:mens-sweatshirts/SD:gp:mens-short-sleeve-shirts,Dt_01_05_2015,0,0
SD:gp:mens-sweatshirts/SD:gp:mens-short-sleeve-shirts,Dt_02_05_2015,0,0
SD:gp:mens-sweatshirts/SD:gp:mens-short-sleeve-shirts,Dt_03_05_2015,0,0
SD:gp:mens-sweatshirts/SD:gp:mens-short-sleeve-shirts,Dt_04_05_2015,0,0
SD:gp:mens-sweatshirts/SD:gp:mens-short-sleeve-shirts,Dt_05_05_2015,0.29,0
SD:gp:mens-sweatshirts/SD:gp:mens-short-sleeve-shirts,Dt_06_05_2015,0,0
SD:gp:mens-sweatshirts/SD:gp:mens-short-sleeve-shirts,Dt_07_05_2015,0,0
SD:gp:mens-sweatshirts/SD:gp:mens-short-sleeve-shirts,Dt_08_05_2015,0.15,0
SD:gp:mens-sweatshirts/SD:gp:mens-short-sleeve-shirts,Dt_09_05_2015,0,0
SD:gp:mens-sweatshirts/SD:gp:mens-short-sleeve-shirts,Dt_10_05_2015,0.02,0
SD:gp:mens-sweatshirts/SD:gp:mens-short-sleeve-shirts,Dt_11_05_2015,0,0.11
SD:gp:mens-sweatshirts/SD:gp:mens-short-sleeve-shirts,Dt_12_05_2015,0.07,0
SD:gp:mens-sweatshirts/SD:gp:mens-short-sleeve-shirts,Dt_13_05_2015,0,0
SD:gp:mens-sweatshirts/SD:gp:mens-short-sleeve-shirts,Dt_14_05_2015,0.38,0
SD:gp:mens-sweatshirts/SD:gp:mens-short-sleeve-shirts,Dt_15_05_2015,0,0
SD:gp:mens-sweatshirts/SD:gp:mens-short-sleeve-shirts,Dt_16_05_2015,0,0
SD:gp:mens-sweatshirts/SD:gp:mens-short-sleeve-shirts,Dt_17_05_2015,0,0
SD:gp:relaxed-fit-pants-for-men/SD:gp:straight-leg-pan,Dt_24_03_2015,0,0.52
SD:gp:relaxed-fit-pants-for-men/SD:gp:straight-leg-pan,Dt_25_03_2015,0,0.66
SD:gp:relaxed-fit-pants-for-men/SD:gp:straight-leg-pan,Dt_26_03_2015,0,0
SD:gp:relaxed-fit-pants-for-men/SD:gp:straight-leg-pan,Dt_27_03_2015,0.37,0
SD:gp:relaxed-fit-pants-for-men/SD:gp:straight-leg-pan,Dt_28_03_2015,0,0
SD:gp:relaxed-fit-pants-for-men/SD:gp:straight-leg-pan,Dt_29_03_2015,0,0
SD:gp:relaxed-fit-pants-for-men/SD:gp:straight-leg-pan,Dt_30_03_2015,0,0
SD:gp:relaxed-fit-pants-for-men/SD:gp:straight-leg-pan,Dt_31_03_2015,0,0
SD:gp:relaxed-fit-pants-for-men/SD:gp:straight-leg-pan,Dt_01_04_2015,0,0
SD:gp:relaxed-fit-pants-for-men/SD:gp:straight-leg-pan,Dt_02_04_2015,0,0
SD:gp:relaxed-fit-pants-for-men/SD:gp:straight-leg-pan,Dt_03_04_2015,0,0
SD:gp:relaxed-fit-pants-for-men/SD:gp:straight-leg-pan,Dt_04_04_2015,0.59,0
SD:gp:relaxed-fit-pants-for-men/SD:gp:straight-leg-pan,Dt_05_04_2015,0,0.42
SD:gp:relaxed-fit-pants-for-men/SD:gp:straight-leg-pan,Dt_06_04_2015,0,0
SD:gp:relaxed-fit-pants-for-men/SD:gp:straight-leg-pan,Dt_07_04_2015,0,0
SD:gp:relaxed-fit-pants-for-men/SD:gp:straight-leg-pan,Dt_08_04_2015,0,0
SD:gp:relaxed-fit-pants-for-men/SD:gp:straight-leg-pan,Dt_09_04_2015,0,0
SD:gp:relaxed-fit-pants-for-men/SD:gp:straight-leg-pan,Dt_10_04_2015,0,0
SD:gp:relaxed-fit-pants-for-men/SD:gp:straight-leg-pan,Dt_11_04_2015,0,0
SD:gp:relaxed-fit-pants-for-men/SD:gp:straight-leg-pan,Dt_12_04_2015,0,0
SD:gp:relaxed-fit-pants-for-men/SD:gp:straight-leg-pan,Dt_13_04_2015,0,0
SD:gp:relaxed-fit-pants-for-men/SD:gp:straight-leg-pan,Dt_14_04_2015,0,0
SD:gp:relaxed-fit-pants-for-men/SD:gp:straight-leg-pan,Dt_15_04_2015,0.15,0
SD:gp:relaxed-fit-pants-for-men/SD:gp:straight-leg-pan,Dt_16_04_2015,0,0
SD:gp:relaxed-fit-pants-for-men/SD:gp:straight-leg-pan,Dt_17_04_2015,0,0
SD:gp:relaxed-fit-pants-for-men/SD:gp:straight-leg-pan,Dt_18_04_2015,0,0
SD:gp:relaxed-fit-pants-for-men/SD:gp:straight-leg-pan,Dt_19_04_2015,0.15,0
SD:gp:relaxed-fit-pants-for-men/SD:gp:straight-leg-pan,Dt_20_04_2015,0,0
SD:gp:relaxed-fit-pants-for-men/SD:gp:straight-leg-pan,Dt_21_04_2015,0,0
SD:gp:relaxed-fit-pants-for-men/SD:gp:straight-leg-pan,Dt_22_04_2015,0.34,0.89
SD:gp:relaxed-fit-pants-for-men/SD:gp:straight-leg-pan,Dt_23_04_2015,0,0
SD:gp:relaxed-fit-pants-for-men/SD:gp:straight-leg-pan,Dt_24_04_2015,0,0
SD:gp:relaxed-fit-pants-for-men/SD:gp:straight-leg-pan,Dt_25_04_2015,0,0.62
SD:gp:relaxed-fit-pants-for-men/SD:gp:straight-leg-pan,Dt_26_04_2015,0,0
SD:gp:relaxed-fit-pants-for-men/SD:gp:straight-leg-pan,Dt_27_04_2015,1.12,0
SD:gp:relaxed-fit-pants-for-men/SD:gp:straight-leg-pan,Dt_28_04_2015,0,0
SD:gp:relaxed-fit-pants-for-men/SD:gp:straight-leg-pan,Dt_29_04_2015,0.34,0
SD:gp:relaxed-fit-pants-for-men/SD:gp:straight-leg-pan,Dt_30_04_2015,0,0
SD:gp:relaxed-fit-pants-for-men/SD:gp:straight-leg-pan,Dt_01_05_2015,0,0
SD:gp:relaxed-fit-pants-for-men/SD:gp:straight-leg-pan,Dt_02_05_2015,0,0
SD:gp:relaxed-fit-pants-for-men/SD:gp:straight-leg-pan,Dt_03_05_2015,0,0
SD:gp:relaxed-fit-pants-for-men/SD:gp:straight-leg-pan,Dt_04_05_2015,0,0
SD:gp:relaxed-fit-pants-for-men/SD:gp:straight-leg-pan,Dt_05_05_2015,0,0
SD:gp:relaxed-fit-pants-for-men/SD:gp:straight-leg-pan,Dt_06_05_2015,0,0
SD:gp:relaxed-fit-pants-for-men/SD:gp:straight-leg-pan,Dt_07_05_2015,0,0
SD:gp:relaxed-fit-pants-for-men/SD:gp:straight-leg-pan,Dt_08_05_2015,0,0
SD:gp:relaxed-fit-pants-for-men/SD:gp:straight-leg-pan,Dt_09_05_2015,0,0
SD:gp:relaxed-fit-pants-for-men/SD:gp:straight-leg-pan,Dt_10_05_2015,0,0
SD:gp:relaxed-fit-pants-for-men/SD:gp:straight-leg-pan,Dt_11_05_2015,0,0
SD:gp:relaxed-fit-pants-for-men/SD:gp:straight-leg-pan,Dt_12_05_2015,0,0
SD:gp:relaxed-fit-pants-for-men/SD:gp:straight-leg-pan,Dt_13_05_2015,0,0
SD:gp:relaxed-fit-pants-for-men/SD:gp:straight-leg-pan,Dt_14_05_2015,0.24,0
SD:gp:relaxed-fit-pants-for-men/SD:gp:straight-leg-pan,Dt_15_05_2015,0,0
SD:gp:relaxed-fit-pants-for-men/SD:gp:straight-leg-pan,Dt_16_05_2015,0.23,0
SD:gp:relaxed-fit-pants-for-men/SD:gp:straight-leg-pan,Dt_17_05_2015,0,0
SD:gp:slim-jeans-for-men/SD:gp:mens-cargo-shorts,Dt_24_03_2015,0.82,0
SD:gp:slim-jeans-for-men/SD:gp:mens-cargo-shorts,Dt_25_03_2015,0,0
SD:gp:slim-jeans-for-men/SD:gp:mens-cargo-shorts,Dt_26_03_2015,0,0
SD:gp:slim-jeans-for-men/SD:gp:mens-cargo-shorts,Dt_27_03_2015,0.9,4.21
SD:gp:slim-jeans-for-men/SD:gp:mens-cargo-shorts,Dt_28_03_2015,0,0
SD:gp:slim-jeans-for-men/SD:gp:mens-cargo-shorts,Dt_29_03_2015,0.87,0.98
SD:gp:slim-jeans-for-men/SD:gp:mens-cargo-shorts,Dt_30_03_2015,2.33,0
SD:gp:slim-jeans-for-men/SD:gp:mens-cargo-shorts,Dt_31_03_2015,0.27,0.41
SD:gp:slim-jeans-for-men/SD:gp:mens-cargo-shorts,Dt_01_04_2015,0,0
SD:gp:slim-jeans-for-men/SD:gp:mens-cargo-shorts,Dt_02_04_2015,0,0
SD:gp:slim-jeans-for-men/SD:gp:mens-cargo-shorts,Dt_03_04_2015,0,0
SD:gp:slim-jeans-for-men/SD:gp:mens-cargo-shorts,Dt_04_04_2015,0,0.09
SD:gp:slim-jeans-for-men/SD:gp:mens-cargo-shorts,Dt_05_04_2015,0,0
SD:gp:slim-jeans-for-men/SD:gp:mens-cargo-shorts,Dt_06_04_2015,0,0
SD:gp:slim-jeans-for-men/SD:gp:mens-cargo-shorts,Dt_07_04_2015,0,0
SD:gp:slim-jeans-for-men/SD:gp:mens-cargo-shorts,Dt_08_04_2015,0,0
SD:gp:slim-jeans-for-men/SD:gp:mens-cargo-shorts,Dt_09_04_2015,0.58,0
SD:gp:slim-jeans-for-men/SD:gp:mens-cargo-shorts,Dt_10_04_2015,0,0
SD:gp:slim-jeans-for-men/SD:gp:mens-cargo-shorts,Dt_11_04_2015,0.64,0
SD:gp:slim-jeans-for-men/SD:gp:mens-cargo-shorts,Dt_12_04_2015,0,0
SD:gp:slim-jeans-for-men/SD:gp:mens-cargo-shorts,Dt_13_04_2015,0,0
SD:gp:slim-jeans-for-men/SD:gp:mens-cargo-shorts,Dt_14_04_2015,0,0
SD:gp:slim-jeans-for-men/SD:gp:mens-cargo-shorts,Dt_15_04_2015,0,0
SD:gp:slim-jeans-for-men/SD:gp:mens-cargo-shorts,Dt_16_04_2015,0.23,0
SD:gp:slim-jeans-for-men/SD:gp:mens-cargo-shorts,Dt_17_04_2015,0,0
SD:gp:slim-jeans-for-men/SD:gp:mens-cargo-shorts,Dt_18_04_2015,0,0
SD:gp:slim-jeans-for-men/SD:gp:mens-cargo-shorts,Dt_19_04_2015,0,0
SD:gp:slim-jeans-for-men/SD:gp:mens-cargo-shorts,Dt_20_04_2015,0,0.63
SD:gp:slim-jeans-for-men/SD:gp:mens-cargo-shorts,Dt_21_04_2015,1.58,0
SD:gp:slim-jeans-for-men/SD:gp:mens-cargo-shorts,Dt_22_04_2015,0,0
SD:gp:slim-jeans-for-men/SD:gp:mens-cargo-shorts,Dt_23_04_2015,0,0
SD:gp:slim-jeans-for-men/SD:gp:mens-cargo-shorts,Dt_24_04_2015,0.1,0.31
SD:gp:slim-jeans-for-men/SD:gp:mens-cargo-shorts,Dt_25_04_2015,0.83,0
SD:gp:slim-jeans-for-men/SD:gp:mens-cargo-shorts,Dt_26_04_2015,0.33,3.17
SD:gp:slim-jeans-for-men/SD:gp:mens-cargo-shorts,Dt_27_04_2015,0,0
SD:gp:slim-jeans-for-men/SD:gp:mens-cargo-shorts,Dt_28_04_2015,0,0
SD:gp:slim-jeans-for-men/SD:gp:mens-cargo-shorts,Dt_29_04_2015,0.22,0.55
SD:gp:slim-jeans-for-men/SD:gp:mens-cargo-shorts,Dt_30_04_2015,0,0
SD:gp:slim-jeans-for-men/SD:gp:mens-cargo-shorts,Dt_01_05_2015,0,0
SD:gp:slim-jeans-for-men/SD:gp:mens-cargo-shorts,Dt_02_05_2015,0,0
SD:gp:slim-jeans-for-men/SD:gp:mens-cargo-shorts,Dt_03_05_2015,0,0
SD:gp:slim-jeans-for-men/SD:gp:mens-cargo-shorts,Dt_04_05_2015,0,0
SD:gp:slim-jeans-for-men/SD:gp:mens-cargo-shorts,Dt_05_05_2015,0,0
SD:gp:slim-jeans-for-men/SD:gp:mens-cargo-shorts,Dt_06_05_2015,0.27,0
SD:gp:slim-jeans-for-men/SD:gp:mens-cargo-shorts,Dt_07_05_2015,0,0
SD:gp:slim-jeans-for-men/SD:gp:mens-cargo-shorts,Dt_08_05_2015,0.83,0
SD:gp:slim-jeans-for-men/SD:gp:mens-cargo-shorts,Dt_09_05_2015,0.31,0.24
SD:gp:slim-jeans-for-men/SD:gp:mens-cargo-shorts,Dt_10_05_2015,0.49,0
SD:gp:slim-jeans-for-men/SD:gp:mens-cargo-shorts,Dt_11_05_2015,0,0.2
SD:gp:slim-jeans-for-men/SD:gp:mens-cargo-shorts,Dt_12_05_2015,0.2,0
SD:gp:slim-jeans-for-men/SD:gp:mens-cargo-shorts,Dt_13_05_2015,2.43,0
SD:gp:slim-jeans-for-men/SD:gp:mens-cargo-shorts,Dt_14_05_2015,0.12,0
SD:gp:slim-jeans-for-men/SD:gp:mens-cargo-shorts,Dt_15_05_2015,0,0
SD:gp:slim-jeans-for-men/SD:gp:mens-cargo-shorts,Dt_16_05_2015,0,0
SD:gp:slim-jeans-for-men/SD:gp:mens-cargo-shorts,Dt_17_05_2015,0,0.07
