Pair_page,Dt,Control,Test
SD:gp:baggy-fit-jeans/SD:gp:men-shorts,Dt_24_03_2015,1,1
SD:gp:baggy-fit-jeans/SD:gp:men-shorts,Dt_25_03_2015,1,2
SD:gp:baggy-fit-jeans/SD:gp:men-shorts,Dt_26_03_2015,3,3
SD:gp:baggy-fit-jeans/SD:gp:men-shorts,Dt_27_03_2015,1,3
SD:gp:baggy-fit-jeans/SD:gp:men-shorts,Dt_28_03_2015,2,1
SD:gp:baggy-fit-jeans/SD:gp:men-shorts,Dt_29_03_2015,1,0
SD:gp:baggy-fit-jeans/SD:gp:men-shorts,Dt_30_03_2015,3,0
SD:gp:baggy-fit-jeans/SD:gp:men-shorts,Dt_31_03_2015,1,1
SD:gp:baggy-fit-jeans/SD:gp:men-shorts,Dt_01_04_2015,1,0
SD:gp:baggy-fit-jeans/SD:gp:men-shorts,Dt_02_04_2015,1,1
SD:gp:baggy-fit-jeans/SD:gp:men-shorts,Dt_03_04_2015,2,1
SD:gp:baggy-fit-jeans/SD:gp:men-shorts,Dt_04_04_2015,2,0
SD:gp:baggy-fit-jeans/SD:gp:men-shorts,Dt_05_04_2015,2,1
SD:gp:baggy-fit-jeans/SD:gp:men-shorts,Dt_06_04_2015,1,2
SD:gp:baggy-fit-jeans/SD:gp:men-shorts,Dt_07_04_2015,0,0
SD:gp:baggy-fit-jeans/SD:gp:men-shorts,Dt_08_04_2015,1,1
SD:gp:baggy-fit-jeans/SD:gp:men-shorts,Dt_09_04_2015,0,3
SD:gp:baggy-fit-jeans/SD:gp:men-shorts,Dt_10_04_2015,2,2
SD:gp:baggy-fit-jeans/SD:gp:men-shorts,Dt_11_04_2015,3,2
SD:gp:baggy-fit-jeans/SD:gp:men-shorts,Dt_12_04_2015,2,5
SD:gp:baggy-fit-jeans/SD:gp:men-shorts,Dt_13_04_2015,1,4
SD:gp:baggy-fit-jeans/SD:gp:men-shorts,Dt_14_04_2015,3,3
SD:gp:baggy-fit-jeans/SD:gp:men-shorts,Dt_15_04_2015,0,1
SD:gp:baggy-fit-jeans/SD:gp:men-shorts,Dt_16_04_2015,3,9
SD:gp:baggy-fit-jeans/SD:gp:men-shorts,Dt_17_04_2015,0,5
SD:gp:baggy-fit-jeans/SD:gp:men-shorts,Dt_18_04_2015,2,5
SD:gp:baggy-fit-jeans/SD:gp:men-shorts,Dt_19_04_2015,1,2
SD:gp:baggy-fit-jeans/SD:gp:men-shorts,Dt_20_04_2015,0,1
SD:gp:baggy-fit-jeans/SD:gp:men-shorts,Dt_21_04_2015,2,2
SD:gp:baggy-fit-jeans/SD:gp:men-shorts,Dt_22_04_2015,2,3
SD:gp:baggy-fit-jeans/SD:gp:men-shorts,Dt_23_04_2015,1,3
SD:gp:baggy-fit-jeans/SD:gp:men-shorts,Dt_24_04_2015,2,1
SD:gp:baggy-fit-jeans/SD:gp:men-shorts,Dt_25_04_2015,1,3
SD:gp:baggy-fit-jeans/SD:gp:men-shorts,Dt_26_04_2015,2,5
SD:gp:baggy-fit-jeans/SD:gp:men-shorts,Dt_27_04_2015,1,3
SD:gp:baggy-fit-jeans/SD:gp:men-shorts,Dt_28_04_2015,2,2
SD:gp:baggy-fit-jeans/SD:gp:men-shorts,Dt_29_04_2015,1,0
SD:gp:baggy-fit-jeans/SD:gp:men-shorts,Dt_30_04_2015,2,0
SD:gp:baggy-fit-jeans/SD:gp:men-shorts,Dt_01_05_2015,3,4
SD:gp:baggy-fit-jeans/SD:gp:men-shorts,Dt_02_05_2015,1,7
SD:gp:baggy-fit-jeans/SD:gp:men-shorts,Dt_03_05_2015,1,10
SD:gp:baggy-fit-jeans/SD:gp:men-shorts,Dt_04_05_2015,2,10
SD:gp:baggy-fit-jeans/SD:gp:men-shorts,Dt_05_05_2015,0,9
SD:gp:baggy-fit-jeans/SD:gp:men-shorts,Dt_06_05_2015,2,5
SD:gp:baggy-fit-jeans/SD:gp:men-shorts,Dt_07_05_2015,1,10
SD:gp:baggy-fit-jeans/SD:gp:men-shorts,Dt_08_05_2015,1,7
SD:gp:baggy-fit-jeans/SD:gp:men-shorts,Dt_09_05_2015,1,11
SD:gp:baggy-fit-jeans/SD:gp:men-shorts,Dt_10_05_2015,3,8
SD:gp:baggy-fit-jeans/SD:gp:men-shorts,Dt_11_05_2015,0,9
SD:gp:baggy-fit-jeans/SD:gp:men-shorts,Dt_12_05_2015,0,10
SD:gp:baggy-fit-jeans/SD:gp:men-shorts,Dt_13_05_2015,4,6
SD:gp:baggy-fit-jeans/SD:gp:men-shorts,Dt_14_05_2015,2,3
SD:gp:baggy-fit-jeans/SD:gp:men-shorts,Dt_15_05_2015,2,1
SD:gp:baggy-fit-jeans/SD:gp:men-shorts,Dt_16_05_2015,5,1
SD:gp:baggy-fit-jeans/SD:gp:men-shorts,Dt_17_05_2015,1,5
SD:gp:big-and-tall-clothing/SD:gp:mens-fleece-hoodie,Dt_24_03_2015,41,1
SD:gp:big-and-tall-clothing/SD:gp:mens-fleece-hoodie,Dt_25_03_2015,30,0
SD:gp:big-and-tall-clothing/SD:gp:mens-fleece-hoodie,Dt_26_03_2015,40,1
SD:gp:big-and-tall-clothing/SD:gp:mens-fleece-hoodie,Dt_27_03_2015,31,1
SD:gp:big-and-tall-clothing/SD:gp:mens-fleece-hoodie,Dt_28_03_2015,36,2
SD:gp:big-and-tall-clothing/SD:gp:mens-fleece-hoodie,Dt_29_03_2015,38,5
SD:gp:big-and-tall-clothing/SD:gp:mens-fleece-hoodie,Dt_30_03_2015,27,0
SD:gp:big-and-tall-clothing/SD:gp:mens-fleece-hoodie,Dt_31_03_2015,47,2
SD:gp:big-and-tall-clothing/SD:gp:mens-fleece-hoodie,Dt_01_04_2015,25,1
SD:gp:big-and-tall-clothing/SD:gp:mens-fleece-hoodie,Dt_02_04_2015,33,0
SD:gp:big-and-tall-clothing/SD:gp:mens-fleece-hoodie,Dt_03_04_2015,30,0
SD:gp:big-and-tall-clothing/SD:gp:mens-fleece-hoodie,Dt_04_04_2015,32,0
SD:gp:big-and-tall-clothing/SD:gp:mens-fleece-hoodie,Dt_05_04_2015,32,2
SD:gp:big-and-tall-clothing/SD:gp:mens-fleece-hoodie,Dt_06_04_2015,47,1
SD:gp:big-and-tall-clothing/SD:gp:mens-fleece-hoodie,Dt_07_04_2015,33,2
SD:gp:big-and-tall-clothing/SD:gp:mens-fleece-hoodie,Dt_08_04_2015,27,1
SD:gp:big-and-tall-clothing/SD:gp:mens-fleece-hoodie,Dt_09_04_2015,25,2
SD:gp:big-and-tall-clothing/SD:gp:mens-fleece-hoodie,Dt_10_04_2015,29,2
SD:gp:big-and-tall-clothing/SD:gp:mens-fleece-hoodie,Dt_11_04_2015,27,0
SD:gp:big-and-tall-clothing/SD:gp:mens-fleece-hoodie,Dt_12_04_2015,40,4
SD:gp:big-and-tall-clothing/SD:gp:mens-fleece-hoodie,Dt_13_04_2015,36,2
SD:gp:big-and-tall-clothing/SD:gp:mens-fleece-hoodie,Dt_14_04_2015,26,2
SD:gp:big-and-tall-clothing/SD:gp:mens-fleece-hoodie,Dt_15_04_2015,30,1
SD:gp:big-and-tall-clothing/SD:gp:mens-fleece-hoodie,Dt_16_04_2015,23,3
SD:gp:big-and-tall-clothing/SD:gp:mens-fleece-hoodie,Dt_17_04_2015,26,1
SD:gp:big-and-tall-clothing/SD:gp:mens-fleece-hoodie,Dt_18_04_2015,37,7
SD:gp:big-and-tall-clothing/SD:gp:mens-fleece-hoodie,Dt_19_04_2015,50,3
SD:gp:big-and-tall-clothing/SD:gp:mens-fleece-hoodie,Dt_20_04_2015,38,3
SD:gp:big-and-tall-clothing/SD:gp:mens-fleece-hoodie,Dt_21_04_2015,46,4
SD:gp:big-and-tall-clothing/SD:gp:mens-fleece-hoodie,Dt_22_04_2015,40,4
SD:gp:big-and-tall-clothing/SD:gp:mens-fleece-hoodie,Dt_23_04_2015,31,3
SD:gp:big-and-tall-clothing/SD:gp:mens-fleece-hoodie,Dt_24_04_2015,28,2
SD:gp:big-and-tall-clothing/SD:gp:mens-fleece-hoodie,Dt_25_04_2015,35,3
SD:gp:big-and-tall-clothing/SD:gp:mens-fleece-hoodie,Dt_26_04_2015,47,8
SD:gp:big-and-tall-clothing/SD:gp:mens-fleece-hoodie,Dt_27_04_2015,38,5
SD:gp:big-and-tall-clothing/SD:gp:mens-fleece-hoodie,Dt_28_04_2015,25,4
SD:gp:big-and-tall-clothing/SD:gp:mens-fleece-hoodie,Dt_29_04_2015,30,2
SD:gp:big-and-tall-clothing/SD:gp:mens-fleece-hoodie,Dt_30_04_2015,33,7
SD:gp:big-and-tall-clothing/SD:gp:mens-fleece-hoodie,Dt_01_05_2015,21,2
SD:gp:big-and-tall-clothing/SD:gp:mens-fleece-hoodie,Dt_02_05_2015,26,2
SD:gp:big-and-tall-clothing/SD:gp:mens-fleece-hoodie,Dt_03_05_2015,40,2
SD:gp:big-and-tall-clothing/SD:gp:mens-fleece-hoodie,Dt_04_05_2015,31,1
SD:gp:big-and-tall-clothing/SD:gp:mens-fleece-hoodie,Dt_05_05_2015,39,2
SD:gp:big-and-tall-clothing/SD:gp:mens-fleece-hoodie,Dt_06_05_2015,24,2
SD:gp:big-and-tall-clothing/SD:gp:mens-fleece-hoodie,Dt_07_05_2015,30,1
SD:gp:big-and-tall-clothing/SD:gp:mens-fleece-hoodie,Dt_08_05_2015,24,2
SD:gp:big-and-tall-clothing/SD:gp:mens-fleece-hoodie,Dt_09_05_2015,29,0
SD:gp:big-and-tall-clothing/SD:gp:mens-fleece-hoodie,Dt_10_05_2015,51,5
SD:gp:big-and-tall-clothing/SD:gp:mens-fleece-hoodie,Dt_11_05_2015,46,5
SD:gp:big-and-tall-clothing/SD:gp:mens-fleece-hoodie,Dt_12_05_2015,52,2
SD:gp:big-and-tall-clothing/SD:gp:mens-fleece-hoodie,Dt_13_05_2015,39,2
SD:gp:big-and-tall-clothing/SD:gp:mens-fleece-hoodie,Dt_14_05_2015,37,2
SD:gp:big-and-tall-clothing/SD:gp:mens-fleece-hoodie,Dt_15_05_2015,27,3
SD:gp:big-and-tall-clothing/SD:gp:mens-fleece-hoodie,Dt_16_05_2015,31,3
SD:gp:big-and-tall-clothing/SD:gp:mens-fleece-hoodie,Dt_17_05_2015,39,2
SD:gp:big-and-tall-shirts/SD:gp:mens-low-rise-jeans,Dt_24_03_2015,4,4
SD:gp:big-and-tall-shirts/SD:gp:mens-low-rise-jeans,Dt_25_03_2015,14,0
SD:gp:big-and-tall-shirts/SD:gp:mens-low-rise-jeans,Dt_26_03_2015,6,4
SD:gp:big-and-tall-shirts/SD:gp:mens-low-rise-jeans,Dt_27_03_2015,7,1
SD:gp:big-and-tall-shirts/SD:gp:mens-low-rise-jeans,Dt_28_03_2015,7,1
SD:gp:big-and-tall-shirts/SD:gp:mens-low-rise-jeans,Dt_29_03_2015,5,3
SD:gp:big-and-tall-shirts/SD:gp:mens-low-rise-jeans,Dt_30_03_2015,6,1
SD:gp:big-and-tall-shirts/SD:gp:mens-low-rise-jeans,Dt_31_03_2015,7,4
SD:gp:big-and-tall-shirts/SD:gp:mens-low-rise-jeans,Dt_01_04_2015,4,1
SD:gp:big-and-tall-shirts/SD:gp:mens-low-rise-jeans,Dt_02_04_2015,4,2
SD:gp:big-and-tall-shirts/SD:gp:mens-low-rise-jeans,Dt_03_04_2015,5,3
SD:gp:big-and-tall-shirts/SD:gp:mens-low-rise-jeans,Dt_04_04_2015,5,4
SD:gp:big-and-tall-shirts/SD:gp:mens-low-rise-jeans,Dt_05_04_2015,8,2
SD:gp:big-and-tall-shirts/SD:gp:mens-low-rise-jeans,Dt_06_04_2015,10,2
SD:gp:big-and-tall-shirts/SD:gp:mens-low-rise-jeans,Dt_07_04_2015,7,1
SD:gp:big-and-tall-shirts/SD:gp:mens-low-rise-jeans,Dt_08_04_2015,8,0
SD:gp:big-and-tall-shirts/SD:gp:mens-low-rise-jeans,Dt_09_04_2015,6,7
SD:gp:big-and-tall-shirts/SD:gp:mens-low-rise-jeans,Dt_10_04_2015,5,3
SD:gp:big-and-tall-shirts/SD:gp:mens-low-rise-jeans,Dt_11_04_2015,6,3
SD:gp:big-and-tall-shirts/SD:gp:mens-low-rise-jeans,Dt_12_04_2015,7,3
SD:gp:big-and-tall-shirts/SD:gp:mens-low-rise-jeans,Dt_13_04_2015,8,4
SD:gp:big-and-tall-shirts/SD:gp:mens-low-rise-jeans,Dt_14_04_2015,8,4
SD:gp:big-and-tall-shirts/SD:gp:mens-low-rise-jeans,Dt_15_04_2015,7,1
SD:gp:big-and-tall-shirts/SD:gp:mens-low-rise-jeans,Dt_16_04_2015,5,5
SD:gp:big-and-tall-shirts/SD:gp:mens-low-rise-jeans,Dt_17_04_2015,4,3
SD:gp:big-and-tall-shirts/SD:gp:mens-low-rise-jeans,Dt_18_04_2015,8,6
SD:gp:big-and-tall-shirts/SD:gp:mens-low-rise-jeans,Dt_19_04_2015,13,5
SD:gp:big-and-tall-shirts/SD:gp:mens-low-rise-jeans,Dt_20_04_2015,10,5
SD:gp:big-and-tall-shirts/SD:gp:mens-low-rise-jeans,Dt_21_04_2015,12,6
SD:gp:big-and-tall-shirts/SD:gp:mens-low-rise-jeans,Dt_22_04_2015,10,4
SD:gp:big-and-tall-shirts/SD:gp:mens-low-rise-jeans,Dt_23_04_2015,6,3
SD:gp:big-and-tall-shirts/SD:gp:mens-low-rise-jeans,Dt_24_04_2015,0,5
SD:gp:big-and-tall-shirts/SD:gp:mens-low-rise-jeans,Dt_25_04_2015,5,2
SD:gp:big-and-tall-shirts/SD:gp:mens-low-rise-jeans,Dt_26_04_2015,13,8
SD:gp:big-and-tall-shirts/SD:gp:mens-low-rise-jeans,Dt_27_04_2015,9,4
SD:gp:big-and-tall-shirts/SD:gp:mens-low-rise-jeans,Dt_28_04_2015,6,3
SD:gp:big-and-tall-shirts/SD:gp:mens-low-rise-jeans,Dt_29_04_2015,3,4
SD:gp:big-and-tall-shirts/SD:gp:mens-low-rise-jeans,Dt_30_04_2015,9,5
SD:gp:big-and-tall-shirts/SD:gp:mens-low-rise-jeans,Dt_01_05_2015,9,5
SD:gp:big-and-tall-shirts/SD:gp:mens-low-rise-jeans,Dt_02_05_2015,7,2
SD:gp:big-and-tall-shirts/SD:gp:mens-low-rise-jeans,Dt_03_05_2015,9,1
SD:gp:big-and-tall-shirts/SD:gp:mens-low-rise-jeans,Dt_04_05_2015,7,6
SD:gp:big-and-tall-shirts/SD:gp:mens-low-rise-jeans,Dt_05_05_2015,6,6
SD:gp:big-and-tall-shirts/SD:gp:mens-low-rise-jeans,Dt_06_05_2015,3,1
SD:gp:big-and-tall-shirts/SD:gp:mens-low-rise-jeans,Dt_07_05_2015,7,3
SD:gp:big-and-tall-shirts/SD:gp:mens-low-rise-jeans,Dt_08_05_2015,9,4
SD:gp:big-and-tall-shirts/SD:gp:mens-low-rise-jeans,Dt_09_05_2015,8,3
SD:gp:big-and-tall-shirts/SD:gp:mens-low-rise-jeans,Dt_10_05_2015,7,5
SD:gp:big-and-tall-shirts/SD:gp:mens-low-rise-jeans,Dt_11_05_2015,8,7
SD:gp:big-and-tall-shirts/SD:gp:mens-low-rise-jeans,Dt_12_05_2015,9,6
SD:gp:big-and-tall-shirts/SD:gp:mens-low-rise-jeans,Dt_13_05_2015,14,8
SD:gp:big-and-tall-shirts/SD:gp:mens-low-rise-jeans,Dt_14_05_2015,9,2
SD:gp:big-and-tall-shirts/SD:gp:mens-low-rise-jeans,Dt_15_05_2015,9,2
SD:gp:big-and-tall-shirts/SD:gp:mens-low-rise-jeans,Dt_16_05_2015,2,6
SD:gp:big-and-tall-shirts/SD:gp:mens-low-rise-jeans,Dt_17_05_2015,7,4
SD:gp:cardigans-for-men/SD:gp:denim-shirts-for-men,Dt_24_03_2015,4,7
SD:gp:cardigans-for-men/SD:gp:denim-shirts-for-men,Dt_25_03_2015,4,6
SD:gp:cardigans-for-men/SD:gp:denim-shirts-for-men,Dt_26_03_2015,4,5
SD:gp:cardigans-for-men/SD:gp:denim-shirts-for-men,Dt_27_03_2015,3,4
SD:gp:cardigans-for-men/SD:gp:denim-shirts-for-men,Dt_28_03_2015,4,5
SD:gp:cardigans-for-men/SD:gp:denim-shirts-for-men,Dt_29_03_2015,4,7
SD:gp:cardigans-for-men/SD:gp:denim-shirts-for-men,Dt_30_03_2015,7,2
SD:gp:cardigans-for-men/SD:gp:denim-shirts-for-men,Dt_31_03_2015,2,4
SD:gp:cardigans-for-men/SD:gp:denim-shirts-for-men,Dt_01_04_2015,0,5
SD:gp:cardigans-for-men/SD:gp:denim-shirts-for-men,Dt_02_04_2015,2,7
SD:gp:cardigans-for-men/SD:gp:denim-shirts-for-men,Dt_03_04_2015,2,10
SD:gp:cardigans-for-men/SD:gp:denim-shirts-for-men,Dt_04_04_2015,5,3
SD:gp:cardigans-for-men/SD:gp:denim-shirts-for-men,Dt_05_04_2015,4,8
SD:gp:cardigans-for-men/SD:gp:denim-shirts-for-men,Dt_06_04_2015,4,5
SD:gp:cardigans-for-men/SD:gp:denim-shirts-for-men,Dt_07_04_2015,4,6
SD:gp:cardigans-for-men/SD:gp:denim-shirts-for-men,Dt_08_04_2015,1,8
SD:gp:cardigans-for-men/SD:gp:denim-shirts-for-men,Dt_09_04_2015,2,6
SD:gp:cardigans-for-men/SD:gp:denim-shirts-for-men,Dt_10_04_2015,3,5
SD:gp:cardigans-for-men/SD:gp:denim-shirts-for-men,Dt_11_04_2015,3,6
SD:gp:cardigans-for-men/SD:gp:denim-shirts-for-men,Dt_12_04_2015,4,6
SD:gp:cardigans-for-men/SD:gp:denim-shirts-for-men,Dt_13_04_2015,2,9
SD:gp:cardigans-for-men/SD:gp:denim-shirts-for-men,Dt_14_04_2015,4,5
SD:gp:cardigans-for-men/SD:gp:denim-shirts-for-men,Dt_15_04_2015,9,7
SD:gp:cardigans-for-men/SD:gp:denim-shirts-for-men,Dt_16_04_2015,3,11
SD:gp:cardigans-for-men/SD:gp:denim-shirts-for-men,Dt_17_04_2015,1,5
SD:gp:cardigans-for-men/SD:gp:denim-shirts-for-men,Dt_18_04_2015,2,9
SD:gp:cardigans-for-men/SD:gp:denim-shirts-for-men,Dt_19_04_2015,2,12
SD:gp:cardigans-for-men/SD:gp:denim-shirts-for-men,Dt_20_04_2015,5,5
SD:gp:cardigans-for-men/SD:gp:denim-shirts-for-men,Dt_21_04_2015,2,4
SD:gp:cardigans-for-men/SD:gp:denim-shirts-for-men,Dt_22_04_2015,4,3
SD:gp:cardigans-for-men/SD:gp:denim-shirts-for-men,Dt_23_04_2015,5,7
SD:gp:cardigans-for-men/SD:gp:denim-shirts-for-men,Dt_24_04_2015,1,5
SD:gp:cardigans-for-men/SD:gp:denim-shirts-for-men,Dt_25_04_2015,6,2
SD:gp:cardigans-for-men/SD:gp:denim-shirts-for-men,Dt_26_04_2015,4,5
SD:gp:cardigans-for-men/SD:gp:denim-shirts-for-men,Dt_27_04_2015,4,6
SD:gp:cardigans-for-men/SD:gp:denim-shirts-for-men,Dt_28_04_2015,1,11
SD:gp:cardigans-for-men/SD:gp:denim-shirts-for-men,Dt_29_04_2015,3,9
SD:gp:cardigans-for-men/SD:gp:denim-shirts-for-men,Dt_30_04_2015,2,5
SD:gp:cardigans-for-men/SD:gp:denim-shirts-for-men,Dt_01_05_2015,3,6
SD:gp:cardigans-for-men/SD:gp:denim-shirts-for-men,Dt_02_05_2015,2,6
SD:gp:cardigans-for-men/SD:gp:denim-shirts-for-men,Dt_03_05_2015,2,10
SD:gp:cardigans-for-men/SD:gp:denim-shirts-for-men,Dt_04_05_2015,2,8
SD:gp:cardigans-for-men/SD:gp:denim-shirts-for-men,Dt_05_05_2015,3,7
SD:gp:cardigans-for-men/SD:gp:denim-shirts-for-men,Dt_06_05_2015,2,5
SD:gp:cardigans-for-men/SD:gp:denim-shirts-for-men,Dt_07_05_2015,5,5
SD:gp:cardigans-for-men/SD:gp:denim-shirts-for-men,Dt_08_05_2015,4,6
SD:gp:cardigans-for-men/SD:gp:denim-shirts-for-men,Dt_09_05_2015,1,6
SD:gp:cardigans-for-men/SD:gp:denim-shirts-for-men,Dt_10_05_2015,6,12
SD:gp:cardigans-for-men/SD:gp:denim-shirts-for-men,Dt_11_05_2015,6,4
SD:gp:cardigans-for-men/SD:gp:denim-shirts-for-men,Dt_12_05_2015,4,5
SD:gp:cardigans-for-men/SD:gp:denim-shirts-for-men,Dt_13_05_2015,2,12
SD:gp:cardigans-for-men/SD:gp:denim-shirts-for-men,Dt_14_05_2015,4,10
SD:gp:cardigans-for-men/SD:gp:denim-shirts-for-men,Dt_15_05_2015,0,7
SD:gp:cardigans-for-men/SD:gp:denim-shirts-for-men,Dt_16_05_2015,4,9
SD:gp:cardigans-for-men/SD:gp:denim-shirts-for-men,Dt_17_05_2015,2,2
SD:gp:mens-cargo-pants/SD:gp:mens-vests,Dt_24_03_2015,9,5
SD:gp:mens-cargo-pants/SD:gp:mens-vests,Dt_25_03_2015,2,5
SD:gp:mens-cargo-pants/SD:gp:mens-vests,Dt_26_03_2015,4,1
SD:gp:mens-cargo-pants/SD:gp:mens-vests,Dt_27_03_2015,8,4
SD:gp:mens-cargo-pants/SD:gp:mens-vests,Dt_28_03_2015,8,3
SD:gp:mens-cargo-pants/SD:gp:mens-vests,Dt_29_03_2015,6,2
SD:gp:mens-cargo-pants/SD:gp:mens-vests,Dt_30_03_2015,5,1
SD:gp:mens-cargo-pants/SD:gp:mens-vests,Dt_31_03_2015,6,1
SD:gp:mens-cargo-pants/SD:gp:mens-vests,Dt_01_04_2015,7,2
SD:gp:mens-cargo-pants/SD:gp:mens-vests,Dt_02_04_2015,9,1
SD:gp:mens-cargo-pants/SD:gp:mens-vests,Dt_03_04_2015,4,4
SD:gp:mens-cargo-pants/SD:gp:mens-vests,Dt_04_04_2015,8,2
SD:gp:mens-cargo-pants/SD:gp:mens-vests,Dt_05_04_2015,7,0
SD:gp:mens-cargo-pants/SD:gp:mens-vests,Dt_06_04_2015,7,0
SD:gp:mens-cargo-pants/SD:gp:mens-vests,Dt_07_04_2015,7,3
SD:gp:mens-cargo-pants/SD:gp:mens-vests,Dt_08_04_2015,5,5
SD:gp:mens-cargo-pants/SD:gp:mens-vests,Dt_09_04_2015,8,1
SD:gp:mens-cargo-pants/SD:gp:mens-vests,Dt_10_04_2015,9,2
SD:gp:mens-cargo-pants/SD:gp:mens-vests,Dt_11_04_2015,8,2
SD:gp:mens-cargo-pants/SD:gp:mens-vests,Dt_12_04_2015,8,3
SD:gp:mens-cargo-pants/SD:gp:mens-vests,Dt_13_04_2015,7,2
SD:gp:mens-cargo-pants/SD:gp:mens-vests,Dt_14_04_2015,8,4
SD:gp:mens-cargo-pants/SD:gp:mens-vests,Dt_15_04_2015,11,2
SD:gp:mens-cargo-pants/SD:gp:mens-vests,Dt_16_04_2015,4,3
SD:gp:mens-cargo-pants/SD:gp:mens-vests,Dt_17_04_2015,4,1
SD:gp:mens-cargo-pants/SD:gp:mens-vests,Dt_18_04_2015,4,1
SD:gp:mens-cargo-pants/SD:gp:mens-vests,Dt_19_04_2015,13,5
SD:gp:mens-cargo-pants/SD:gp:mens-vests,Dt_20_04_2015,12,4
SD:gp:mens-cargo-pants/SD:gp:mens-vests,Dt_21_04_2015,6,4
SD:gp:mens-cargo-pants/SD:gp:mens-vests,Dt_22_04_2015,13,0
SD:gp:mens-cargo-pants/SD:gp:mens-vests,Dt_23_04_2015,9,3
SD:gp:mens-cargo-pants/SD:gp:mens-vests,Dt_24_04_2015,8,2
SD:gp:mens-cargo-pants/SD:gp:mens-vests,Dt_25_04_2015,12,4
SD:gp:mens-cargo-pants/SD:gp:mens-vests,Dt_26_04_2015,15,2
SD:gp:mens-cargo-pants/SD:gp:mens-vests,Dt_27_04_2015,7,2
SD:gp:mens-cargo-pants/SD:gp:mens-vests,Dt_28_04_2015,10,2
SD:gp:mens-cargo-pants/SD:gp:mens-vests,Dt_29_04_2015,9,1
SD:gp:mens-cargo-pants/SD:gp:mens-vests,Dt_30_04_2015,8,6
SD:gp:mens-cargo-pants/SD:gp:mens-vests,Dt_01_05_2015,7,4
SD:gp:mens-cargo-pants/SD:gp:mens-vests,Dt_02_05_2015,8,1
SD:gp:mens-cargo-pants/SD:gp:mens-vests,Dt_03_05_2015,8,0
SD:gp:mens-cargo-pants/SD:gp:mens-vests,Dt_04_05_2015,10,0
SD:gp:mens-cargo-pants/SD:gp:mens-vests,Dt_05_05_2015,8,3
SD:gp:mens-cargo-pants/SD:gp:mens-vests,Dt_06_05_2015,14,4
SD:gp:mens-cargo-pants/SD:gp:mens-vests,Dt_07_05_2015,5,1
SD:gp:mens-cargo-pants/SD:gp:mens-vests,Dt_08_05_2015,9,2
SD:gp:mens-cargo-pants/SD:gp:mens-vests,Dt_09_05_2015,7,4
SD:gp:mens-cargo-pants/SD:gp:mens-vests,Dt_10_05_2015,11,1
SD:gp:mens-cargo-pants/SD:gp:mens-vests,Dt_11_05_2015,14,4
SD:gp:mens-cargo-pants/SD:gp:mens-vests,Dt_12_05_2015,8,6
SD:gp:mens-cargo-pants/SD:gp:mens-vests,Dt_13_05_2015,10,3
SD:gp:mens-cargo-pants/SD:gp:mens-vests,Dt_14_05_2015,7,2
SD:gp:mens-cargo-pants/SD:gp:mens-vests,Dt_15_05_2015,5,0
SD:gp:mens-cargo-pants/SD:gp:mens-vests,Dt_16_05_2015,8,3
SD:gp:mens-cargo-pants/SD:gp:mens-vests,Dt_17_05_2015,7,2
SD:gp:mens-coats/SD:gp:mens-denim-jackets,Dt_24_03_2015,2,0
SD:gp:mens-coats/SD:gp:mens-denim-jackets,Dt_25_03_2015,2,0
SD:gp:mens-coats/SD:gp:mens-denim-jackets,Dt_26_03_2015,3,4
SD:gp:mens-coats/SD:gp:mens-denim-jackets,Dt_27_03_2015,5,3
SD:gp:mens-coats/SD:gp:mens-denim-jackets,Dt_28_03_2015,2,2
SD:gp:mens-coats/SD:gp:mens-denim-jackets,Dt_29_03_2015,5,5
SD:gp:mens-coats/SD:gp:mens-denim-jackets,Dt_30_03_2015,1,3
SD:gp:mens-coats/SD:gp:mens-denim-jackets,Dt_31_03_2015,3,3
SD:gp:mens-coats/SD:gp:mens-denim-jackets,Dt_01_04_2015,4,2
SD:gp:mens-coats/SD:gp:mens-denim-jackets,Dt_02_04_2015,1,3
SD:gp:mens-coats/SD:gp:mens-denim-jackets,Dt_03_04_2015,4,4
SD:gp:mens-coats/SD:gp:mens-denim-jackets,Dt_04_04_2015,2,1
SD:gp:mens-coats/SD:gp:mens-denim-jackets,Dt_05_04_2015,2,1
SD:gp:mens-coats/SD:gp:mens-denim-jackets,Dt_06_04_2015,4,3
SD:gp:mens-coats/SD:gp:mens-denim-jackets,Dt_07_04_2015,4,0
SD:gp:mens-coats/SD:gp:mens-denim-jackets,Dt_08_04_2015,1,3
SD:gp:mens-coats/SD:gp:mens-denim-jackets,Dt_09_04_2015,2,0
SD:gp:mens-coats/SD:gp:mens-denim-jackets,Dt_10_04_2015,4,5
SD:gp:mens-coats/SD:gp:mens-denim-jackets,Dt_11_04_2015,2,3
SD:gp:mens-coats/SD:gp:mens-denim-jackets,Dt_12_04_2015,1,3
SD:gp:mens-coats/SD:gp:mens-denim-jackets,Dt_13_04_2015,2,5
SD:gp:mens-coats/SD:gp:mens-denim-jackets,Dt_14_04_2015,2,3
SD:gp:mens-coats/SD:gp:mens-denim-jackets,Dt_15_04_2015,1,2
SD:gp:mens-coats/SD:gp:mens-denim-jackets,Dt_16_04_2015,1,5
SD:gp:mens-coats/SD:gp:mens-denim-jackets,Dt_17_04_2015,2,4
SD:gp:mens-coats/SD:gp:mens-denim-jackets,Dt_18_04_2015,2,7
SD:gp:mens-coats/SD:gp:mens-denim-jackets,Dt_19_04_2015,2,8
SD:gp:mens-coats/SD:gp:mens-denim-jackets,Dt_20_04_2015,4,8
SD:gp:mens-coats/SD:gp:mens-denim-jackets,Dt_21_04_2015,1,7
SD:gp:mens-coats/SD:gp:mens-denim-jackets,Dt_22_04_2015,1,4
SD:gp:mens-coats/SD:gp:mens-denim-jackets,Dt_23_04_2015,2,5
SD:gp:mens-coats/SD:gp:mens-denim-jackets,Dt_24_04_2015,1,5
SD:gp:mens-coats/SD:gp:mens-denim-jackets,Dt_25_04_2015,1,2
SD:gp:mens-coats/SD:gp:mens-denim-jackets,Dt_26_04_2015,2,7
SD:gp:mens-coats/SD:gp:mens-denim-jackets,Dt_27_04_2015,0,11
SD:gp:mens-coats/SD:gp:mens-denim-jackets,Dt_28_04_2015,4,1
SD:gp:mens-coats/SD:gp:mens-denim-jackets,Dt_29_04_2015,2,7
SD:gp:mens-coats/SD:gp:mens-denim-jackets,Dt_30_04_2015,0,3
SD:gp:mens-coats/SD:gp:mens-denim-jackets,Dt_01_05_2015,4,1
SD:gp:mens-coats/SD:gp:mens-denim-jackets,Dt_02_05_2015,3,2
SD:gp:mens-coats/SD:gp:mens-denim-jackets,Dt_03_05_2015,2,5
SD:gp:mens-coats/SD:gp:mens-denim-jackets,Dt_04_05_2015,2,2
SD:gp:mens-coats/SD:gp:mens-denim-jackets,Dt_05_05_2015,4,0
SD:gp:mens-coats/SD:gp:mens-denim-jackets,Dt_06_05_2015,1,8
SD:gp:mens-coats/SD:gp:mens-denim-jackets,Dt_07_05_2015,2,6
SD:gp:mens-coats/SD:gp:mens-denim-jackets,Dt_08_05_2015,2,4
SD:gp:mens-coats/SD:gp:mens-denim-jackets,Dt_09_05_2015,1,1
SD:gp:mens-coats/SD:gp:mens-denim-jackets,Dt_10_05_2015,4,5
SD:gp:mens-coats/SD:gp:mens-denim-jackets,Dt_11_05_2015,1,2
SD:gp:mens-coats/SD:gp:mens-denim-jackets,Dt_12_05_2015,1,5
SD:gp:mens-coats/SD:gp:mens-denim-jackets,Dt_13_05_2015,0,0
SD:gp:mens-coats/SD:gp:mens-denim-jackets,Dt_14_05_2015,2,5
SD:gp:mens-coats/SD:gp:mens-denim-jackets,Dt_15_05_2015,0,4
SD:gp:mens-coats/SD:gp:mens-denim-jackets,Dt_16_05_2015,0,5
SD:gp:mens-coats/SD:gp:mens-denim-jackets,Dt_17_05_2015,0,5
SD:gp:mens-cotton-pants/SD:gp:mens-fitted-dress-shirts,Dt_24_03_2015,6,5
SD:gp:mens-cotton-pants/SD:gp:mens-fitted-dress-shirts,Dt_25_03_2015,0,5
SD:gp:mens-cotton-pants/SD:gp:mens-fitted-dress-shirts,Dt_26_03_2015,7,3
SD:gp:mens-cotton-pants/SD:gp:mens-fitted-dress-shirts,Dt_27_03_2015,3,5
SD:gp:mens-cotton-pants/SD:gp:mens-fitted-dress-shirts,Dt_28_03_2015,4,1
SD:gp:mens-cotton-pants/SD:gp:mens-fitted-dress-shirts,Dt_29_03_2015,1,2
SD:gp:mens-cotton-pants/SD:gp:mens-fitted-dress-shirts,Dt_30_03_2015,8,5
SD:gp:mens-cotton-pants/SD:gp:mens-fitted-dress-shirts,Dt_31_03_2015,4,3
SD:gp:mens-cotton-pants/SD:gp:mens-fitted-dress-shirts,Dt_01_04_2015,1,5
SD:gp:mens-cotton-pants/SD:gp:mens-fitted-dress-shirts,Dt_02_04_2015,4,4
SD:gp:mens-cotton-pants/SD:gp:mens-fitted-dress-shirts,Dt_03_04_2015,4,5
SD:gp:mens-cotton-pants/SD:gp:mens-fitted-dress-shirts,Dt_04_04_2015,3,2
SD:gp:mens-cotton-pants/SD:gp:mens-fitted-dress-shirts,Dt_05_04_2015,7,4
SD:gp:mens-cotton-pants/SD:gp:mens-fitted-dress-shirts,Dt_06_04_2015,7,5
SD:gp:mens-cotton-pants/SD:gp:mens-fitted-dress-shirts,Dt_07_04_2015,3,4
SD:gp:mens-cotton-pants/SD:gp:mens-fitted-dress-shirts,Dt_08_04_2015,5,3
SD:gp:mens-cotton-pants/SD:gp:mens-fitted-dress-shirts,Dt_09_04_2015,7,4
SD:gp:mens-cotton-pants/SD:gp:mens-fitted-dress-shirts,Dt_10_04_2015,3,5
SD:gp:mens-cotton-pants/SD:gp:mens-fitted-dress-shirts,Dt_11_04_2015,4,8
SD:gp:mens-cotton-pants/SD:gp:mens-fitted-dress-shirts,Dt_12_04_2015,7,2
SD:gp:mens-cotton-pants/SD:gp:mens-fitted-dress-shirts,Dt_13_04_2015,9,5
SD:gp:mens-cotton-pants/SD:gp:mens-fitted-dress-shirts,Dt_14_04_2015,3,5
SD:gp:mens-cotton-pants/SD:gp:mens-fitted-dress-shirts,Dt_15_04_2015,7,4
SD:gp:mens-cotton-pants/SD:gp:mens-fitted-dress-shirts,Dt_16_04_2015,4,5
SD:gp:mens-cotton-pants/SD:gp:mens-fitted-dress-shirts,Dt_17_04_2015,4,2
SD:gp:mens-cotton-pants/SD:gp:mens-fitted-dress-shirts,Dt_18_04_2015,6,2
SD:gp:mens-cotton-pants/SD:gp:mens-fitted-dress-shirts,Dt_19_04_2015,12,9
SD:gp:mens-cotton-pants/SD:gp:mens-fitted-dress-shirts,Dt_20_04_2015,6,3
SD:gp:mens-cotton-pants/SD:gp:mens-fitted-dress-shirts,Dt_21_04_2015,6,5
SD:gp:mens-cotton-pants/SD:gp:mens-fitted-dress-shirts,Dt_22_04_2015,6,3
SD:gp:mens-cotton-pants/SD:gp:mens-fitted-dress-shirts,Dt_23_04_2015,7,6
SD:gp:mens-cotton-pants/SD:gp:mens-fitted-dress-shirts,Dt_24_04_2015,3,3
SD:gp:mens-cotton-pants/SD:gp:mens-fitted-dress-shirts,Dt_25_04_2015,12,3
SD:gp:mens-cotton-pants/SD:gp:mens-fitted-dress-shirts,Dt_26_04_2015,6,4
SD:gp:mens-cotton-pants/SD:gp:mens-fitted-dress-shirts,Dt_27_04_2015,4,6
SD:gp:mens-cotton-pants/SD:gp:mens-fitted-dress-shirts,Dt_28_04_2015,4,9
SD:gp:mens-cotton-pants/SD:gp:mens-fitted-dress-shirts,Dt_29_04_2015,2,4
SD:gp:mens-cotton-pants/SD:gp:mens-fitted-dress-shirts,Dt_30_04_2015,5,3
SD:gp:mens-cotton-pants/SD:gp:mens-fitted-dress-shirts,Dt_01_05_2015,5,3
SD:gp:mens-cotton-pants/SD:gp:mens-fitted-dress-shirts,Dt_02_05_2015,7,2
SD:gp:mens-cotton-pants/SD:gp:mens-fitted-dress-shirts,Dt_03_05_2015,5,6
SD:gp:mens-cotton-pants/SD:gp:mens-fitted-dress-shirts,Dt_04_05_2015,6,10
SD:gp:mens-cotton-pants/SD:gp:mens-fitted-dress-shirts,Dt_05_05_2015,7,5
SD:gp:mens-cotton-pants/SD:gp:mens-fitted-dress-shirts,Dt_06_05_2015,10,3
SD:gp:mens-cotton-pants/SD:gp:mens-fitted-dress-shirts,Dt_07_05_2015,8,7
SD:gp:mens-cotton-pants/SD:gp:mens-fitted-dress-shirts,Dt_08_05_2015,7,3
SD:gp:mens-cotton-pants/SD:gp:mens-fitted-dress-shirts,Dt_09_05_2015,4,6
SD:gp:mens-cotton-pants/SD:gp:mens-fitted-dress-shirts,Dt_10_05_2015,12,2
SD:gp:mens-cotton-pants/SD:gp:mens-fitted-dress-shirts,Dt_11_05_2015,4,6
SD:gp:mens-cotton-pants/SD:gp:mens-fitted-dress-shirts,Dt_12_05_2015,11,4
SD:gp:mens-cotton-pants/SD:gp:mens-fitted-dress-shirts,Dt_13_05_2015,5,7
SD:gp:mens-cotton-pants/SD:gp:mens-fitted-dress-shirts,Dt_14_05_2015,6,9
SD:gp:mens-cotton-pants/SD:gp:mens-fitted-dress-shirts,Dt_15_05_2015,3,1
SD:gp:mens-cotton-pants/SD:gp:mens-fitted-dress-shirts,Dt_16_05_2015,6,5
SD:gp:mens-cotton-pants/SD:gp:mens-fitted-dress-shirts,Dt_17_05_2015,9,7
SD:gp:mens-leather-jackets/SD:gp:mens-flannel-shirt,Dt_24_03_2015,3,0
SD:gp:mens-leather-jackets/SD:gp:mens-flannel-shirt,Dt_25_03_2015,4,0
SD:gp:mens-leather-jackets/SD:gp:mens-flannel-shirt,Dt_26_03_2015,1,1
SD:gp:mens-leather-jackets/SD:gp:mens-flannel-shirt,Dt_27_03_2015,2,0
SD:gp:mens-leather-jackets/SD:gp:mens-flannel-shirt,Dt_28_03_2015,2,0
SD:gp:mens-leather-jackets/SD:gp:mens-flannel-shirt,Dt_29_03_2015,4,0
SD:gp:mens-leather-jackets/SD:gp:mens-flannel-shirt,Dt_30_03_2015,4,1
SD:gp:mens-leather-jackets/SD:gp:mens-flannel-shirt,Dt_31_03_2015,4,0
SD:gp:mens-leather-jackets/SD:gp:mens-flannel-shirt,Dt_01_04_2015,2,1
SD:gp:mens-leather-jackets/SD:gp:mens-flannel-shirt,Dt_02_04_2015,3,2
SD:gp:mens-leather-jackets/SD:gp:mens-flannel-shirt,Dt_03_04_2015,6,1
SD:gp:mens-leather-jackets/SD:gp:mens-flannel-shirt,Dt_04_04_2015,6,0
SD:gp:mens-leather-jackets/SD:gp:mens-flannel-shirt,Dt_05_04_2015,2,0
SD:gp:mens-leather-jackets/SD:gp:mens-flannel-shirt,Dt_06_04_2015,6,2
SD:gp:mens-leather-jackets/SD:gp:mens-flannel-shirt,Dt_07_04_2015,5,1
SD:gp:mens-leather-jackets/SD:gp:mens-flannel-shirt,Dt_08_04_2015,1,0
SD:gp:mens-leather-jackets/SD:gp:mens-flannel-shirt,Dt_09_04_2015,5,1
SD:gp:mens-leather-jackets/SD:gp:mens-flannel-shirt,Dt_10_04_2015,6,4
SD:gp:mens-leather-jackets/SD:gp:mens-flannel-shirt,Dt_11_04_2015,3,2
SD:gp:mens-leather-jackets/SD:gp:mens-flannel-shirt,Dt_12_04_2015,2,1
SD:gp:mens-leather-jackets/SD:gp:mens-flannel-shirt,Dt_13_04_2015,3,2
SD:gp:mens-leather-jackets/SD:gp:mens-flannel-shirt,Dt_14_04_2015,1,0
SD:gp:mens-leather-jackets/SD:gp:mens-flannel-shirt,Dt_15_04_2015,4,0
SD:gp:mens-leather-jackets/SD:gp:mens-flannel-shirt,Dt_16_04_2015,1,1
SD:gp:mens-leather-jackets/SD:gp:mens-flannel-shirt,Dt_17_04_2015,0,0
SD:gp:mens-leather-jackets/SD:gp:mens-flannel-shirt,Dt_18_04_2015,5,1
SD:gp:mens-leather-jackets/SD:gp:mens-flannel-shirt,Dt_19_04_2015,9,0
SD:gp:mens-leather-jackets/SD:gp:mens-flannel-shirt,Dt_20_04_2015,2,1
SD:gp:mens-leather-jackets/SD:gp:mens-flannel-shirt,Dt_21_04_2015,1,0
SD:gp:mens-leather-jackets/SD:gp:mens-flannel-shirt,Dt_22_04_2015,9,0
SD:gp:mens-leather-jackets/SD:gp:mens-flannel-shirt,Dt_23_04_2015,4,2
SD:gp:mens-leather-jackets/SD:gp:mens-flannel-shirt,Dt_24_04_2015,4,2
SD:gp:mens-leather-jackets/SD:gp:mens-flannel-shirt,Dt_25_04_2015,5,0
SD:gp:mens-leather-jackets/SD:gp:mens-flannel-shirt,Dt_26_04_2015,2,0
SD:gp:mens-leather-jackets/SD:gp:mens-flannel-shirt,Dt_27_04_2015,9,0
SD:gp:mens-leather-jackets/SD:gp:mens-flannel-shirt,Dt_28_04_2015,1,2
SD:gp:mens-leather-jackets/SD:gp:mens-flannel-shirt,Dt_29_04_2015,5,1
SD:gp:mens-leather-jackets/SD:gp:mens-flannel-shirt,Dt_30_04_2015,4,0
SD:gp:mens-leather-jackets/SD:gp:mens-flannel-shirt,Dt_01_05_2015,2,2
SD:gp:mens-leather-jackets/SD:gp:mens-flannel-shirt,Dt_02_05_2015,7,0
SD:gp:mens-leather-jackets/SD:gp:mens-flannel-shirt,Dt_03_05_2015,10,0
SD:gp:mens-leather-jackets/SD:gp:mens-flannel-shirt,Dt_04_05_2015,7,2
SD:gp:mens-leather-jackets/SD:gp:mens-flannel-shirt,Dt_05_05_2015,2,0
SD:gp:mens-leather-jackets/SD:gp:mens-flannel-shirt,Dt_06_05_2015,2,1
SD:gp:mens-leather-jackets/SD:gp:mens-flannel-shirt,Dt_07_05_2015,2,0
SD:gp:mens-leather-jackets/SD:gp:mens-flannel-shirt,Dt_08_05_2015,8,0
SD:gp:mens-leather-jackets/SD:gp:mens-flannel-shirt,Dt_09_05_2015,2,3
SD:gp:mens-leather-jackets/SD:gp:mens-flannel-shirt,Dt_10_05_2015,3,1
SD:gp:mens-leather-jackets/SD:gp:mens-flannel-shirt,Dt_11_05_2015,4,1
SD:gp:mens-leather-jackets/SD:gp:mens-flannel-shirt,Dt_12_05_2015,4,1
SD:gp:mens-leather-jackets/SD:gp:mens-flannel-shirt,Dt_13_05_2015,2,2
SD:gp:mens-leather-jackets/SD:gp:mens-flannel-shirt,Dt_14_05_2015,3,1
SD:gp:mens-leather-jackets/SD:gp:mens-flannel-shirt,Dt_15_05_2015,1,1
SD:gp:mens-leather-jackets/SD:gp:mens-flannel-shirt,Dt_16_05_2015,6,0
SD:gp:mens-leather-jackets/SD:gp:mens-flannel-shirt,Dt_17_05_2015,5,2
SD:gp:mens-plaid-shirts/SD:gp:mens-wool-coats,Dt_24_03_2015,2,1
SD:gp:mens-plaid-shirts/SD:gp:mens-wool-coats,Dt_25_03_2015,1,3
SD:gp:mens-plaid-shirts/SD:gp:mens-wool-coats,Dt_26_03_2015,1,0
SD:gp:mens-plaid-shirts/SD:gp:mens-wool-coats,Dt_27_03_2015,0,0
SD:gp:mens-plaid-shirts/SD:gp:mens-wool-coats,Dt_28_03_2015,0,0
SD:gp:mens-plaid-shirts/SD:gp:mens-wool-coats,Dt_29_03_2015,0,1
SD:gp:mens-plaid-shirts/SD:gp:mens-wool-coats,Dt_30_03_2015,0,0
SD:gp:mens-plaid-shirts/SD:gp:mens-wool-coats,Dt_31_03_2015,1,1
SD:gp:mens-plaid-shirts/SD:gp:mens-wool-coats,Dt_01_04_2015,0,0
SD:gp:mens-plaid-shirts/SD:gp:mens-wool-coats,Dt_02_04_2015,0,0
SD:gp:mens-plaid-shirts/SD:gp:mens-wool-coats,Dt_03_04_2015,0,0
SD:gp:mens-plaid-shirts/SD:gp:mens-wool-coats,Dt_04_04_2015,1,1
SD:gp:mens-plaid-shirts/SD:gp:mens-wool-coats,Dt_05_04_2015,2,1
SD:gp:mens-plaid-shirts/SD:gp:mens-wool-coats,Dt_06_04_2015,0,0
SD:gp:mens-plaid-shirts/SD:gp:mens-wool-coats,Dt_07_04_2015,0,0
SD:gp:mens-plaid-shirts/SD:gp:mens-wool-coats,Dt_08_04_2015,0,0
SD:gp:mens-plaid-shirts/SD:gp:mens-wool-coats,Dt_09_04_2015,0,0
SD:gp:mens-plaid-shirts/SD:gp:mens-wool-coats,Dt_10_04_2015,0,1
SD:gp:mens-plaid-shirts/SD:gp:mens-wool-coats,Dt_11_04_2015,0,0
SD:gp:mens-plaid-shirts/SD:gp:mens-wool-coats,Dt_12_04_2015,1,1
SD:gp:mens-plaid-shirts/SD:gp:mens-wool-coats,Dt_13_04_2015,0,0
SD:gp:mens-plaid-shirts/SD:gp:mens-wool-coats,Dt_14_04_2015,1,0
SD:gp:mens-plaid-shirts/SD:gp:mens-wool-coats,Dt_15_04_2015,0,3
SD:gp:mens-plaid-shirts/SD:gp:mens-wool-coats,Dt_16_04_2015,0,1
SD:gp:mens-plaid-shirts/SD:gp:mens-wool-coats,Dt_17_04_2015,0,0
SD:gp:mens-plaid-shirts/SD:gp:mens-wool-coats,Dt_18_04_2015,0,0
SD:gp:mens-plaid-shirts/SD:gp:mens-wool-coats,Dt_19_04_2015,2,1
SD:gp:mens-plaid-shirts/SD:gp:mens-wool-coats,Dt_20_04_2015,2,0
SD:gp:mens-plaid-shirts/SD:gp:mens-wool-coats,Dt_21_04_2015,0,1
SD:gp:mens-plaid-shirts/SD:gp:mens-wool-coats,Dt_22_04_2015,1,1
SD:gp:mens-plaid-shirts/SD:gp:mens-wool-coats,Dt_23_04_2015,1,1
SD:gp:mens-plaid-shirts/SD:gp:mens-wool-coats,Dt_24_04_2015,0,3
SD:gp:mens-plaid-shirts/SD:gp:mens-wool-coats,Dt_25_04_2015,0,0
SD:gp:mens-plaid-shirts/SD:gp:mens-wool-coats,Dt_26_04_2015,1,0
SD:gp:mens-plaid-shirts/SD:gp:mens-wool-coats,Dt_27_04_2015,4,1
SD:gp:mens-plaid-shirts/SD:gp:mens-wool-coats,Dt_28_04_2015,0,3
SD:gp:mens-plaid-shirts/SD:gp:mens-wool-coats,Dt_29_04_2015,2,1
SD:gp:mens-plaid-shirts/SD:gp:mens-wool-coats,Dt_30_04_2015,1,0
SD:gp:mens-plaid-shirts/SD:gp:mens-wool-coats,Dt_01_05_2015,0,0
SD:gp:mens-plaid-shirts/SD:gp:mens-wool-coats,Dt_02_05_2015,1,1
SD:gp:mens-plaid-shirts/SD:gp:mens-wool-coats,Dt_03_05_2015,1,1
SD:gp:mens-plaid-shirts/SD:gp:mens-wool-coats,Dt_04_05_2015,1,0
SD:gp:mens-plaid-shirts/SD:gp:mens-wool-coats,Dt_05_05_2015,1,1
SD:gp:mens-plaid-shirts/SD:gp:mens-wool-coats,Dt_06_05_2015,1,0
SD:gp:mens-plaid-shirts/SD:gp:mens-wool-coats,Dt_07_05_2015,0,0
SD:gp:mens-plaid-shirts/SD:gp:mens-wool-coats,Dt_08_05_2015,0,0
SD:gp:mens-plaid-shirts/SD:gp:mens-wool-coats,Dt_09_05_2015,2,3
SD:gp:mens-plaid-shirts/SD:gp:mens-wool-coats,Dt_10_05_2015,0,0
SD:gp:mens-plaid-shirts/SD:gp:mens-wool-coats,Dt_11_05_2015,1,1
SD:gp:mens-plaid-shirts/SD:gp:mens-wool-coats,Dt_12_05_2015,1,0
SD:gp:mens-plaid-shirts/SD:gp:mens-wool-coats,Dt_13_05_2015,1,1
SD:gp:mens-plaid-shirts/SD:gp:mens-wool-coats,Dt_14_05_2015,0,1
SD:gp:mens-plaid-shirts/SD:gp:mens-wool-coats,Dt_15_05_2015,2,1
SD:gp:mens-plaid-shirts/SD:gp:mens-wool-coats,Dt_16_05_2015,0,2
SD:gp:mens-plaid-shirts/SD:gp:mens-wool-coats,Dt_17_05_2015,1,0
SD:gp:mens-scarves/SD:gp:mens-jean-jacket,Dt_24_03_2015,5,4
SD:gp:mens-scarves/SD:gp:mens-jean-jacket,Dt_25_03_2015,1,1
SD:gp:mens-scarves/SD:gp:mens-jean-jacket,Dt_26_03_2015,1,3
SD:gp:mens-scarves/SD:gp:mens-jean-jacket,Dt_27_03_2015,1,4
SD:gp:mens-scarves/SD:gp:mens-jean-jacket,Dt_28_03_2015,3,1
SD:gp:mens-scarves/SD:gp:mens-jean-jacket,Dt_29_03_2015,0,0
SD:gp:mens-scarves/SD:gp:mens-jean-jacket,Dt_30_03_2015,0,1
SD:gp:mens-scarves/SD:gp:mens-jean-jacket,Dt_31_03_2015,1,1
SD:gp:mens-scarves/SD:gp:mens-jean-jacket,Dt_01_04_2015,0,3
SD:gp:mens-scarves/SD:gp:mens-jean-jacket,Dt_02_04_2015,1,2
SD:gp:mens-scarves/SD:gp:mens-jean-jacket,Dt_03_04_2015,1,3
SD:gp:mens-scarves/SD:gp:mens-jean-jacket,Dt_04_04_2015,0,2
SD:gp:mens-scarves/SD:gp:mens-jean-jacket,Dt_05_04_2015,1,2
SD:gp:mens-scarves/SD:gp:mens-jean-jacket,Dt_06_04_2015,0,1
SD:gp:mens-scarves/SD:gp:mens-jean-jacket,Dt_07_04_2015,0,0
SD:gp:mens-scarves/SD:gp:mens-jean-jacket,Dt_08_04_2015,2,0
SD:gp:mens-scarves/SD:gp:mens-jean-jacket,Dt_09_04_2015,1,2
SD:gp:mens-scarves/SD:gp:mens-jean-jacket,Dt_10_04_2015,1,2
SD:gp:mens-scarves/SD:gp:mens-jean-jacket,Dt_11_04_2015,0,5
SD:gp:mens-scarves/SD:gp:mens-jean-jacket,Dt_12_04_2015,2,2
SD:gp:mens-scarves/SD:gp:mens-jean-jacket,Dt_13_04_2015,0,0
SD:gp:mens-scarves/SD:gp:mens-jean-jacket,Dt_14_04_2015,1,4
SD:gp:mens-scarves/SD:gp:mens-jean-jacket,Dt_15_04_2015,0,3
SD:gp:mens-scarves/SD:gp:mens-jean-jacket,Dt_16_04_2015,2,3
SD:gp:mens-scarves/SD:gp:mens-jean-jacket,Dt_17_04_2015,0,4
SD:gp:mens-scarves/SD:gp:mens-jean-jacket,Dt_18_04_2015,0,2
SD:gp:mens-scarves/SD:gp:mens-jean-jacket,Dt_19_04_2015,1,13
SD:gp:mens-scarves/SD:gp:mens-jean-jacket,Dt_20_04_2015,1,7
SD:gp:mens-scarves/SD:gp:mens-jean-jacket,Dt_21_04_2015,0,5
SD:gp:mens-scarves/SD:gp:mens-jean-jacket,Dt_22_04_2015,0,6
SD:gp:mens-scarves/SD:gp:mens-jean-jacket,Dt_23_04_2015,1,3
SD:gp:mens-scarves/SD:gp:mens-jean-jacket,Dt_24_04_2015,0,3
SD:gp:mens-scarves/SD:gp:mens-jean-jacket,Dt_25_04_2015,1,2
SD:gp:mens-scarves/SD:gp:mens-jean-jacket,Dt_26_04_2015,2,3
SD:gp:mens-scarves/SD:gp:mens-jean-jacket,Dt_27_04_2015,2,5
SD:gp:mens-scarves/SD:gp:mens-jean-jacket,Dt_28_04_2015,0,7
SD:gp:mens-scarves/SD:gp:mens-jean-jacket,Dt_29_04_2015,0,1
SD:gp:mens-scarves/SD:gp:mens-jean-jacket,Dt_30_04_2015,0,2
SD:gp:mens-scarves/SD:gp:mens-jean-jacket,Dt_01_05_2015,1,1
SD:gp:mens-scarves/SD:gp:mens-jean-jacket,Dt_02_05_2015,1,4
SD:gp:mens-scarves/SD:gp:mens-jean-jacket,Dt_03_05_2015,1,4
SD:gp:mens-scarves/SD:gp:mens-jean-jacket,Dt_04_05_2015,0,1
SD:gp:mens-scarves/SD:gp:mens-jean-jacket,Dt_05_05_2015,1,4
SD:gp:mens-scarves/SD:gp:mens-jean-jacket,Dt_06_05_2015,2,5
SD:gp:mens-scarves/SD:gp:mens-jean-jacket,Dt_07_05_2015,1,1
SD:gp:mens-scarves/SD:gp:mens-jean-jacket,Dt_08_05_2015,0,2
SD:gp:mens-scarves/SD:gp:mens-jean-jacket,Dt_09_05_2015,1,3
SD:gp:mens-scarves/SD:gp:mens-jean-jacket,Dt_10_05_2015,1,3
SD:gp:mens-scarves/SD:gp:mens-jean-jacket,Dt_11_05_2015,1,2
SD:gp:mens-scarves/SD:gp:mens-jean-jacket,Dt_12_05_2015,1,2
SD:gp:mens-scarves/SD:gp:mens-jean-jacket,Dt_13_05_2015,2,0
SD:gp:mens-scarves/SD:gp:mens-jean-jacket,Dt_14_05_2015,0,4
SD:gp:mens-scarves/SD:gp:mens-jean-jacket,Dt_15_05_2015,0,5
SD:gp:mens-scarves/SD:gp:mens-jean-jacket,Dt_16_05_2015,1,4
SD:gp:mens-scarves/SD:gp:mens-jean-jacket,Dt_17_05_2015,1,7
SD:gp:mens-slim-fit-pants/SD:gp:mens-shirts,Dt_24_03_2015,8,40
SD:gp:mens-slim-fit-pants/SD:gp:mens-shirts,Dt_25_03_2015,3,38
SD:gp:mens-slim-fit-pants/SD:gp:mens-shirts,Dt_26_03_2015,10,37
SD:gp:mens-slim-fit-pants/SD:gp:mens-shirts,Dt_27_03_2015,5,49
SD:gp:mens-slim-fit-pants/SD:gp:mens-shirts,Dt_28_03_2015,2,33
SD:gp:mens-slim-fit-pants/SD:gp:mens-shirts,Dt_29_03_2015,5,50
SD:gp:mens-slim-fit-pants/SD:gp:mens-shirts,Dt_30_03_2015,10,42
SD:gp:mens-slim-fit-pants/SD:gp:mens-shirts,Dt_31_03_2015,3,51
SD:gp:mens-slim-fit-pants/SD:gp:mens-shirts,Dt_01_04_2015,2,39
SD:gp:mens-slim-fit-pants/SD:gp:mens-shirts,Dt_02_04_2015,3,38
SD:gp:mens-slim-fit-pants/SD:gp:mens-shirts,Dt_03_04_2015,6,37
SD:gp:mens-slim-fit-pants/SD:gp:mens-shirts,Dt_04_04_2015,9,41
SD:gp:mens-slim-fit-pants/SD:gp:mens-shirts,Dt_05_04_2015,5,51
SD:gp:mens-slim-fit-pants/SD:gp:mens-shirts,Dt_06_04_2015,6,38
SD:gp:mens-slim-fit-pants/SD:gp:mens-shirts,Dt_07_04_2015,11,40
SD:gp:mens-slim-fit-pants/SD:gp:mens-shirts,Dt_08_04_2015,8,42
SD:gp:mens-slim-fit-pants/SD:gp:mens-shirts,Dt_09_04_2015,4,34
SD:gp:mens-slim-fit-pants/SD:gp:mens-shirts,Dt_10_04_2015,5,42
SD:gp:mens-slim-fit-pants/SD:gp:mens-shirts,Dt_11_04_2015,2,29
SD:gp:mens-slim-fit-pants/SD:gp:mens-shirts,Dt_12_04_2015,6,42
SD:gp:mens-slim-fit-pants/SD:gp:mens-shirts,Dt_13_04_2015,2,58
SD:gp:mens-slim-fit-pants/SD:gp:mens-shirts,Dt_14_04_2015,5,73
SD:gp:mens-slim-fit-pants/SD:gp:mens-shirts,Dt_15_04_2015,2,54
SD:gp:mens-slim-fit-pants/SD:gp:mens-shirts,Dt_16_04_2015,8,53
SD:gp:mens-slim-fit-pants/SD:gp:mens-shirts,Dt_17_04_2015,3,42
SD:gp:mens-slim-fit-pants/SD:gp:mens-shirts,Dt_18_04_2015,5,60
SD:gp:mens-slim-fit-pants/SD:gp:mens-shirts,Dt_19_04_2015,7,69
SD:gp:mens-slim-fit-pants/SD:gp:mens-shirts,Dt_20_04_2015,9,72
SD:gp:mens-slim-fit-pants/SD:gp:mens-shirts,Dt_21_04_2015,8,74
SD:gp:mens-slim-fit-pants/SD:gp:mens-shirts,Dt_22_04_2015,12,70
SD:gp:mens-slim-fit-pants/SD:gp:mens-shirts,Dt_23_04_2015,6,54
SD:gp:mens-slim-fit-pants/SD:gp:mens-shirts,Dt_24_04_2015,6,62
SD:gp:mens-slim-fit-pants/SD:gp:mens-shirts,Dt_25_04_2015,6,54
SD:gp:mens-slim-fit-pants/SD:gp:mens-shirts,Dt_26_04_2015,10,63
SD:gp:mens-slim-fit-pants/SD:gp:mens-shirts,Dt_27_04_2015,4,58
SD:gp:mens-slim-fit-pants/SD:gp:mens-shirts,Dt_28_04_2015,9,69
SD:gp:mens-slim-fit-pants/SD:gp:mens-shirts,Dt_29_04_2015,10,50
SD:gp:mens-slim-fit-pants/SD:gp:mens-shirts,Dt_30_04_2015,3,65
SD:gp:mens-slim-fit-pants/SD:gp:mens-shirts,Dt_01_05_2015,5,57
SD:gp:mens-slim-fit-pants/SD:gp:mens-shirts,Dt_02_05_2015,5,50
SD:gp:mens-slim-fit-pants/SD:gp:mens-shirts,Dt_03_05_2015,11,64
SD:gp:mens-slim-fit-pants/SD:gp:mens-shirts,Dt_04_05_2015,10,59
SD:gp:mens-slim-fit-pants/SD:gp:mens-shirts,Dt_05_05_2015,6,54
SD:gp:mens-slim-fit-pants/SD:gp:mens-shirts,Dt_06_05_2015,9,69
SD:gp:mens-slim-fit-pants/SD:gp:mens-shirts,Dt_07_05_2015,6,53
SD:gp:mens-slim-fit-pants/SD:gp:mens-shirts,Dt_08_05_2015,6,50
SD:gp:mens-slim-fit-pants/SD:gp:mens-shirts,Dt_09_05_2015,10,53
SD:gp:mens-slim-fit-pants/SD:gp:mens-shirts,Dt_10_05_2015,7,66
SD:gp:mens-slim-fit-pants/SD:gp:mens-shirts,Dt_11_05_2015,11,76
SD:gp:mens-slim-fit-pants/SD:gp:mens-shirts,Dt_12_05_2015,12,72
SD:gp:mens-slim-fit-pants/SD:gp:mens-shirts,Dt_13_05_2015,5,83
SD:gp:mens-slim-fit-pants/SD:gp:mens-shirts,Dt_14_05_2015,5,66
SD:gp:mens-slim-fit-pants/SD:gp:mens-shirts,Dt_15_05_2015,7,54
SD:gp:mens-slim-fit-pants/SD:gp:mens-shirts,Dt_16_05_2015,5,64
SD:gp:mens-slim-fit-pants/SD:gp:mens-shirts,Dt_17_05_2015,5,84
SD:gp:mens-tall-skinny-jeans/SD:gp:jeans-for-tall-men,Dt_24_03_2015,2,0
SD:gp:mens-tall-skinny-jeans/SD:gp:jeans-for-tall-men,Dt_25_03_2015,5,0
SD:gp:mens-tall-skinny-jeans/SD:gp:jeans-for-tall-men,Dt_26_03_2015,0,2
SD:gp:mens-tall-skinny-jeans/SD:gp:jeans-for-tall-men,Dt_27_03_2015,2,5
SD:gp:mens-tall-skinny-jeans/SD:gp:jeans-for-tall-men,Dt_28_03_2015,2,3
SD:gp:mens-tall-skinny-jeans/SD:gp:jeans-for-tall-men,Dt_29_03_2015,2,2
SD:gp:mens-tall-skinny-jeans/SD:gp:jeans-for-tall-men,Dt_30_03_2015,2,4
SD:gp:mens-tall-skinny-jeans/SD:gp:jeans-for-tall-men,Dt_31_03_2015,1,5
SD:gp:mens-tall-skinny-jeans/SD:gp:jeans-for-tall-men,Dt_01_04_2015,1,4
SD:gp:mens-tall-skinny-jeans/SD:gp:jeans-for-tall-men,Dt_02_04_2015,2,2
SD:gp:mens-tall-skinny-jeans/SD:gp:jeans-for-tall-men,Dt_03_04_2015,1,5
SD:gp:mens-tall-skinny-jeans/SD:gp:jeans-for-tall-men,Dt_04_04_2015,1,3
SD:gp:mens-tall-skinny-jeans/SD:gp:jeans-for-tall-men,Dt_05_04_2015,1,7
SD:gp:mens-tall-skinny-jeans/SD:gp:jeans-for-tall-men,Dt_06_04_2015,1,7
SD:gp:mens-tall-skinny-jeans/SD:gp:jeans-for-tall-men,Dt_07_04_2015,1,6
SD:gp:mens-tall-skinny-jeans/SD:gp:jeans-for-tall-men,Dt_08_04_2015,0,3
SD:gp:mens-tall-skinny-jeans/SD:gp:jeans-for-tall-men,Dt_09_04_2015,0,6
SD:gp:mens-tall-skinny-jeans/SD:gp:jeans-for-tall-men,Dt_10_04_2015,0,4
SD:gp:mens-tall-skinny-jeans/SD:gp:jeans-for-tall-men,Dt_11_04_2015,3,2
SD:gp:mens-tall-skinny-jeans/SD:gp:jeans-for-tall-men,Dt_12_04_2015,1,6
SD:gp:mens-tall-skinny-jeans/SD:gp:jeans-for-tall-men,Dt_13_04_2015,0,6
SD:gp:mens-tall-skinny-jeans/SD:gp:jeans-for-tall-men,Dt_14_04_2015,0,7
SD:gp:mens-tall-skinny-jeans/SD:gp:jeans-for-tall-men,Dt_15_04_2015,1,8
SD:gp:mens-tall-skinny-jeans/SD:gp:jeans-for-tall-men,Dt_16_04_2015,1,5
SD:gp:mens-tall-skinny-jeans/SD:gp:jeans-for-tall-men,Dt_17_04_2015,1,3
SD:gp:mens-tall-skinny-jeans/SD:gp:jeans-for-tall-men,Dt_18_04_2015,0,4
SD:gp:mens-tall-skinny-jeans/SD:gp:jeans-for-tall-men,Dt_19_04_2015,1,8
SD:gp:mens-tall-skinny-jeans/SD:gp:jeans-for-tall-men,Dt_20_04_2015,0,9
SD:gp:mens-tall-skinny-jeans/SD:gp:jeans-for-tall-men,Dt_21_04_2015,4,6
SD:gp:mens-tall-skinny-jeans/SD:gp:jeans-for-tall-men,Dt_22_04_2015,2,6
SD:gp:mens-tall-skinny-jeans/SD:gp:jeans-for-tall-men,Dt_23_04_2015,0,5
SD:gp:mens-tall-skinny-jeans/SD:gp:jeans-for-tall-men,Dt_24_04_2015,1,7
SD:gp:mens-tall-skinny-jeans/SD:gp:jeans-for-tall-men,Dt_25_04_2015,1,12
SD:gp:mens-tall-skinny-jeans/SD:gp:jeans-for-tall-men,Dt_26_04_2015,1,6
SD:gp:mens-tall-skinny-jeans/SD:gp:jeans-for-tall-men,Dt_27_04_2015,1,6
SD:gp:mens-tall-skinny-jeans/SD:gp:jeans-for-tall-men,Dt_28_04_2015,0,6
SD:gp:mens-tall-skinny-jeans/SD:gp:jeans-for-tall-men,Dt_29_04_2015,1,5
SD:gp:mens-tall-skinny-jeans/SD:gp:jeans-for-tall-men,Dt_30_04_2015,5,3
SD:gp:mens-tall-skinny-jeans/SD:gp:jeans-for-tall-men,Dt_01_05_2015,2,9
SD:gp:mens-tall-skinny-jeans/SD:gp:jeans-for-tall-men,Dt_02_05_2015,2,5
SD:gp:mens-tall-skinny-jeans/SD:gp:jeans-for-tall-men,Dt_03_05_2015,1,9
SD:gp:mens-tall-skinny-jeans/SD:gp:jeans-for-tall-men,Dt_04_05_2015,1,3
SD:gp:mens-tall-skinny-jeans/SD:gp:jeans-for-tall-men,Dt_05_05_2015,0,6
SD:gp:mens-tall-skinny-jeans/SD:gp:jeans-for-tall-men,Dt_06_05_2015,0,3
SD:gp:mens-tall-skinny-jeans/SD:gp:jeans-for-tall-men,Dt_07_05_2015,3,4
SD:gp:mens-tall-skinny-jeans/SD:gp:jeans-for-tall-men,Dt_08_05_2015,0,2
SD:gp:mens-tall-skinny-jeans/SD:gp:jeans-for-tall-men,Dt_09_05_2015,0,7
SD:gp:mens-tall-skinny-jeans/SD:gp:jeans-for-tall-men,Dt_10_05_2015,0,4
SD:gp:mens-tall-skinny-jeans/SD:gp:jeans-for-tall-men,Dt_11_05_2015,2,4
SD:gp:mens-tall-skinny-jeans/SD:gp:jeans-for-tall-men,Dt_12_05_2015,1,4
SD:gp:mens-tall-skinny-jeans/SD:gp:jeans-for-tall-men,Dt_13_05_2015,3,3
SD:gp:mens-tall-skinny-jeans/SD:gp:jeans-for-tall-men,Dt_14_05_2015,0,4
SD:gp:mens-tall-skinny-jeans/SD:gp:jeans-for-tall-men,Dt_15_05_2015,1,3
SD:gp:mens-tall-skinny-jeans/SD:gp:jeans-for-tall-men,Dt_16_05_2015,1,8
SD:gp:mens-tall-skinny-jeans/SD:gp:jeans-for-tall-men,Dt_17_05_2015,3,4
SD:gp:relaxed-jeans/SD:gp:mens-v-neck,Dt_24_03_2015,2,0
SD:gp:relaxed-jeans/SD:gp:mens-v-neck,Dt_25_03_2015,1,0
SD:gp:relaxed-jeans/SD:gp:mens-v-neck,Dt_26_03_2015,0,0
SD:gp:relaxed-jeans/SD:gp:mens-v-neck,Dt_27_03_2015,0,0
SD:gp:relaxed-jeans/SD:gp:mens-v-neck,Dt_28_03_2015,0,0
SD:gp:relaxed-jeans/SD:gp:mens-v-neck,Dt_29_03_2015,0,0
SD:gp:relaxed-jeans/SD:gp:mens-v-neck,Dt_30_03_2015,0,1
SD:gp:relaxed-jeans/SD:gp:mens-v-neck,Dt_31_03_2015,3,0
SD:gp:relaxed-jeans/SD:gp:mens-v-neck,Dt_01_04_2015,1,0
SD:gp:relaxed-jeans/SD:gp:mens-v-neck,Dt_02_04_2015,0,1
SD:gp:relaxed-jeans/SD:gp:mens-v-neck,Dt_03_04_2015,1,1
SD:gp:relaxed-jeans/SD:gp:mens-v-neck,Dt_04_04_2015,0,0
SD:gp:relaxed-jeans/SD:gp:mens-v-neck,Dt_05_04_2015,1,0
SD:gp:relaxed-jeans/SD:gp:mens-v-neck,Dt_06_04_2015,1,0
SD:gp:relaxed-jeans/SD:gp:mens-v-neck,Dt_07_04_2015,0,0
SD:gp:relaxed-jeans/SD:gp:mens-v-neck,Dt_08_04_2015,0,0
SD:gp:relaxed-jeans/SD:gp:mens-v-neck,Dt_09_04_2015,1,0
SD:gp:relaxed-jeans/SD:gp:mens-v-neck,Dt_10_04_2015,0,2
SD:gp:relaxed-jeans/SD:gp:mens-v-neck,Dt_11_04_2015,1,0
SD:gp:relaxed-jeans/SD:gp:mens-v-neck,Dt_12_04_2015,1,0
SD:gp:relaxed-jeans/SD:gp:mens-v-neck,Dt_13_04_2015,0,0
SD:gp:relaxed-jeans/SD:gp:mens-v-neck,Dt_14_04_2015,2,2
SD:gp:relaxed-jeans/SD:gp:mens-v-neck,Dt_15_04_2015,2,0
SD:gp:relaxed-jeans/SD:gp:mens-v-neck,Dt_16_04_2015,3,1
SD:gp:relaxed-jeans/SD:gp:mens-v-neck,Dt_17_04_2015,1,0
SD:gp:relaxed-jeans/SD:gp:mens-v-neck,Dt_18_04_2015,0,0
SD:gp:relaxed-jeans/SD:gp:mens-v-neck,Dt_19_04_2015,2,0
SD:gp:relaxed-jeans/SD:gp:mens-v-neck,Dt_20_04_2015,1,0
SD:gp:relaxed-jeans/SD:gp:mens-v-neck,Dt_21_04_2015,4,1
SD:gp:relaxed-jeans/SD:gp:mens-v-neck,Dt_22_04_2015,0,1
SD:gp:relaxed-jeans/SD:gp:mens-v-neck,Dt_23_04_2015,0,0
SD:gp:relaxed-jeans/SD:gp:mens-v-neck,Dt_24_04_2015,0,0
SD:gp:relaxed-jeans/SD:gp:mens-v-neck,Dt_25_04_2015,5,0
SD:gp:relaxed-jeans/SD:gp:mens-v-neck,Dt_26_04_2015,1,1
SD:gp:relaxed-jeans/SD:gp:mens-v-neck,Dt_27_04_2015,1,1
SD:gp:relaxed-jeans/SD:gp:mens-v-neck,Dt_28_04_2015,0,1
SD:gp:relaxed-jeans/SD:gp:mens-v-neck,Dt_29_04_2015,2,2
SD:gp:relaxed-jeans/SD:gp:mens-v-neck,Dt_30_04_2015,3,1
SD:gp:relaxed-jeans/SD:gp:mens-v-neck,Dt_01_05_2015,0,1
SD:gp:relaxed-jeans/SD:gp:mens-v-neck,Dt_02_05_2015,1,0
SD:gp:relaxed-jeans/SD:gp:mens-v-neck,Dt_03_05_2015,2,1
SD:gp:relaxed-jeans/SD:gp:mens-v-neck,Dt_04_05_2015,1,2
SD:gp:relaxed-jeans/SD:gp:mens-v-neck,Dt_05_05_2015,3,0
SD:gp:relaxed-jeans/SD:gp:mens-v-neck,Dt_06_05_2015,2,1
SD:gp:relaxed-jeans/SD:gp:mens-v-neck,Dt_07_05_2015,3,1
SD:gp:relaxed-jeans/SD:gp:mens-v-neck,Dt_08_05_2015,1,0
SD:gp:relaxed-jeans/SD:gp:mens-v-neck,Dt_09_05_2015,4,0
SD:gp:relaxed-jeans/SD:gp:mens-v-neck,Dt_10_05_2015,3,1
SD:gp:relaxed-jeans/SD:gp:mens-v-neck,Dt_11_05_2015,1,1
SD:gp:relaxed-jeans/SD:gp:mens-v-neck,Dt_12_05_2015,4,1
SD:gp:relaxed-jeans/SD:gp:mens-v-neck,Dt_13_05_2015,2,2
SD:gp:relaxed-jeans/SD:gp:mens-v-neck,Dt_14_05_2015,4,0
SD:gp:relaxed-jeans/SD:gp:mens-v-neck,Dt_15_05_2015,3,3
SD:gp:relaxed-jeans/SD:gp:mens-v-neck,Dt_16_05_2015,2,0
SD:gp:relaxed-jeans/SD:gp:mens-v-neck,Dt_17_05_2015,6,1
SD:gp:threadless-tees-for-men/SD:gp:work-clothes-for-m,Dt_24_03_2015,1,0
SD:gp:threadless-tees-for-men/SD:gp:work-clothes-for-m,Dt_25_03_2015,3,0
SD:gp:threadless-tees-for-men/SD:gp:work-clothes-for-m,Dt_26_03_2015,2,1
SD:gp:threadless-tees-for-men/SD:gp:work-clothes-for-m,Dt_27_03_2015,0,0
SD:gp:threadless-tees-for-men/SD:gp:work-clothes-for-m,Dt_28_03_2015,0,1
SD:gp:threadless-tees-for-men/SD:gp:work-clothes-for-m,Dt_29_03_2015,0,0
SD:gp:threadless-tees-for-men/SD:gp:work-clothes-for-m,Dt_30_03_2015,1,1
SD:gp:threadless-tees-for-men/SD:gp:work-clothes-for-m,Dt_31_03_2015,0,0
SD:gp:threadless-tees-for-men/SD:gp:work-clothes-for-m,Dt_01_04_2015,0,1
SD:gp:threadless-tees-for-men/SD:gp:work-clothes-for-m,Dt_02_04_2015,0,1
SD:gp:threadless-tees-for-men/SD:gp:work-clothes-for-m,Dt_03_04_2015,1,1
SD:gp:threadless-tees-for-men/SD:gp:work-clothes-for-m,Dt_04_04_2015,1,1
SD:gp:threadless-tees-for-men/SD:gp:work-clothes-for-m,Dt_05_04_2015,0,1
SD:gp:threadless-tees-for-men/SD:gp:work-clothes-for-m,Dt_06_04_2015,0,0
SD:gp:threadless-tees-for-men/SD:gp:work-clothes-for-m,Dt_07_04_2015,0,0
SD:gp:threadless-tees-for-men/SD:gp:work-clothes-for-m,Dt_08_04_2015,1,1
SD:gp:threadless-tees-for-men/SD:gp:work-clothes-for-m,Dt_09_04_2015,2,0
SD:gp:threadless-tees-for-men/SD:gp:work-clothes-for-m,Dt_10_04_2015,0,2
SD:gp:threadless-tees-for-men/SD:gp:work-clothes-for-m,Dt_11_04_2015,1,0
SD:gp:threadless-tees-for-men/SD:gp:work-clothes-for-m,Dt_12_04_2015,0,0
SD:gp:threadless-tees-for-men/SD:gp:work-clothes-for-m,Dt_13_04_2015,1,1
SD:gp:threadless-tees-for-men/SD:gp:work-clothes-for-m,Dt_14_04_2015,3,0
SD:gp:threadless-tees-for-men/SD:gp:work-clothes-for-m,Dt_15_04_2015,2,0
SD:gp:threadless-tees-for-men/SD:gp:work-clothes-for-m,Dt_16_04_2015,2,2
SD:gp:threadless-tees-for-men/SD:gp:work-clothes-for-m,Dt_17_04_2015,0,1
SD:gp:threadless-tees-for-men/SD:gp:work-clothes-for-m,Dt_18_04_2015,1,0
SD:gp:threadless-tees-for-men/SD:gp:work-clothes-for-m,Dt_19_04_2015,3,1
SD:gp:threadless-tees-for-men/SD:gp:work-clothes-for-m,Dt_20_04_2015,2,1
SD:gp:threadless-tees-for-men/SD:gp:work-clothes-for-m,Dt_21_04_2015,0,0
SD:gp:threadless-tees-for-men/SD:gp:work-clothes-for-m,Dt_22_04_2015,1,1
SD:gp:threadless-tees-for-men/SD:gp:work-clothes-for-m,Dt_23_04_2015,0,1
SD:gp:threadless-tees-for-men/SD:gp:work-clothes-for-m,Dt_24_04_2015,0,0
SD:gp:threadless-tees-for-men/SD:gp:work-clothes-for-m,Dt_25_04_2015,1,0
SD:gp:threadless-tees-for-men/SD:gp:work-clothes-for-m,Dt_26_04_2015,1,0
SD:gp:threadless-tees-for-men/SD:gp:work-clothes-for-m,Dt_27_04_2015,1,0
SD:gp:threadless-tees-for-men/SD:gp:work-clothes-for-m,Dt_28_04_2015,0,0
SD:gp:threadless-tees-for-men/SD:gp:work-clothes-for-m,Dt_29_04_2015,0,0
SD:gp:threadless-tees-for-men/SD:gp:work-clothes-for-m,Dt_30_04_2015,0,1
SD:gp:threadless-tees-for-men/SD:gp:work-clothes-for-m,Dt_01_05_2015,0,0
SD:gp:threadless-tees-for-men/SD:gp:work-clothes-for-m,Dt_02_05_2015,1,0
SD:gp:threadless-tees-for-men/SD:gp:work-clothes-for-m,Dt_03_05_2015,1,0
SD:gp:threadless-tees-for-men/SD:gp:work-clothes-for-m,Dt_04_05_2015,0,0
SD:gp:threadless-tees-for-men/SD:gp:work-clothes-for-m,Dt_05_05_2015,0,1
SD:gp:threadless-tees-for-men/SD:gp:work-clothes-for-m,Dt_06_05_2015,2,0
SD:gp:threadless-tees-for-men/SD:gp:work-clothes-for-m,Dt_07_05_2015,2,0
SD:gp:threadless-tees-for-men/SD:gp:work-clothes-for-m,Dt_08_05_2015,0,0
SD:gp:threadless-tees-for-men/SD:gp:work-clothes-for-m,Dt_09_05_2015,2,1
SD:gp:threadless-tees-for-men/SD:gp:work-clothes-for-m,Dt_10_05_2015,1,1
SD:gp:threadless-tees-for-men/SD:gp:work-clothes-for-m,Dt_11_05_2015,2,1
SD:gp:threadless-tees-for-men/SD:gp:work-clothes-for-m,Dt_12_05_2015,3,0
SD:gp:threadless-tees-for-men/SD:gp:work-clothes-for-m,Dt_13_05_2015,0,0
SD:gp:threadless-tees-for-men/SD:gp:work-clothes-for-m,Dt_14_05_2015,1,2
SD:gp:threadless-tees-for-men/SD:gp:work-clothes-for-m,Dt_15_05_2015,0,1
SD:gp:threadless-tees-for-men/SD:gp:work-clothes-for-m,Dt_16_05_2015,2,2
SD:gp:threadless-tees-for-men/SD:gp:work-clothes-for-m,Dt_17_05_2015,0,0
SD:gp:winter-coats-for-men/SD:gp:mens-fitted-short-sle,Dt_24_03_2015,1,2
SD:gp:winter-coats-for-men/SD:gp:mens-fitted-short-sle,Dt_25_03_2015,1,2
SD:gp:winter-coats-for-men/SD:gp:mens-fitted-short-sle,Dt_26_03_2015,1,2
SD:gp:winter-coats-for-men/SD:gp:mens-fitted-short-sle,Dt_27_03_2015,2,0
SD:gp:winter-coats-for-men/SD:gp:mens-fitted-short-sle,Dt_28_03_2015,0,0
SD:gp:winter-coats-for-men/SD:gp:mens-fitted-short-sle,Dt_29_03_2015,1,2
SD:gp:winter-coats-for-men/SD:gp:mens-fitted-short-sle,Dt_30_03_2015,3,2
SD:gp:winter-coats-for-men/SD:gp:mens-fitted-short-sle,Dt_31_03_2015,0,1
SD:gp:winter-coats-for-men/SD:gp:mens-fitted-short-sle,Dt_01_04_2015,2,2
SD:gp:winter-coats-for-men/SD:gp:mens-fitted-short-sle,Dt_02_04_2015,0,0
SD:gp:winter-coats-for-men/SD:gp:mens-fitted-short-sle,Dt_03_04_2015,0,1
SD:gp:winter-coats-for-men/SD:gp:mens-fitted-short-sle,Dt_04_04_2015,1,0
SD:gp:winter-coats-for-men/SD:gp:mens-fitted-short-sle,Dt_05_04_2015,0,3
SD:gp:winter-coats-for-men/SD:gp:mens-fitted-short-sle,Dt_06_04_2015,1,2
SD:gp:winter-coats-for-men/SD:gp:mens-fitted-short-sle,Dt_07_04_2015,1,6
SD:gp:winter-coats-for-men/SD:gp:mens-fitted-short-sle,Dt_08_04_2015,0,1
SD:gp:winter-coats-for-men/SD:gp:mens-fitted-short-sle,Dt_09_04_2015,0,4
SD:gp:winter-coats-for-men/SD:gp:mens-fitted-short-sle,Dt_10_04_2015,0,2
SD:gp:winter-coats-for-men/SD:gp:mens-fitted-short-sle,Dt_11_04_2015,1,1
SD:gp:winter-coats-for-men/SD:gp:mens-fitted-short-sle,Dt_12_04_2015,2,1
SD:gp:winter-coats-for-men/SD:gp:mens-fitted-short-sle,Dt_13_04_2015,0,3
SD:gp:winter-coats-for-men/SD:gp:mens-fitted-short-sle,Dt_14_04_2015,0,4
SD:gp:winter-coats-for-men/SD:gp:mens-fitted-short-sle,Dt_15_04_2015,0,2
SD:gp:winter-coats-for-men/SD:gp:mens-fitted-short-sle,Dt_16_04_2015,0,2
SD:gp:winter-coats-for-men/SD:gp:mens-fitted-short-sle,Dt_17_04_2015,0,3
SD:gp:winter-coats-for-men/SD:gp:mens-fitted-short-sle,Dt_18_04_2015,0,8
SD:gp:winter-coats-for-men/SD:gp:mens-fitted-short-sle,Dt_19_04_2015,0,3
SD:gp:winter-coats-for-men/SD:gp:mens-fitted-short-sle,Dt_20_04_2015,1,3
SD:gp:winter-coats-for-men/SD:gp:mens-fitted-short-sle,Dt_21_04_2015,0,7
SD:gp:winter-coats-for-men/SD:gp:mens-fitted-short-sle,Dt_22_04_2015,0,2
SD:gp:winter-coats-for-men/SD:gp:mens-fitted-short-sle,Dt_23_04_2015,1,7
SD:gp:winter-coats-for-men/SD:gp:mens-fitted-short-sle,Dt_24_04_2015,1,3
SD:gp:winter-coats-for-men/SD:gp:mens-fitted-short-sle,Dt_25_04_2015,2,6
SD:gp:winter-coats-for-men/SD:gp:mens-fitted-short-sle,Dt_26_04_2015,1,5
SD:gp:winter-coats-for-men/SD:gp:mens-fitted-short-sle,Dt_27_04_2015,0,2
SD:gp:winter-coats-for-men/SD:gp:mens-fitted-short-sle,Dt_28_04_2015,1,1
SD:gp:winter-coats-for-men/SD:gp:mens-fitted-short-sle,Dt_29_04_2015,1,2
SD:gp:winter-coats-for-men/SD:gp:mens-fitted-short-sle,Dt_30_04_2015,0,5
SD:gp:winter-coats-for-men/SD:gp:mens-fitted-short-sle,Dt_01_05_2015,1,4
SD:gp:winter-coats-for-men/SD:gp:mens-fitted-short-sle,Dt_02_05_2015,0,3
SD:gp:winter-coats-for-men/SD:gp:mens-fitted-short-sle,Dt_03_05_2015,0,1
SD:gp:winter-coats-for-men/SD:gp:mens-fitted-short-sle,Dt_04_05_2015,1,7
SD:gp:winter-coats-for-men/SD:gp:mens-fitted-short-sle,Dt_05_05_2015,1,6
SD:gp:winter-coats-for-men/SD:gp:mens-fitted-short-sle,Dt_06_05_2015,0,7
SD:gp:winter-coats-for-men/SD:gp:mens-fitted-short-sle,Dt_07_05_2015,1,6
SD:gp:winter-coats-for-men/SD:gp:mens-fitted-short-sle,Dt_08_05_2015,0,6
SD:gp:winter-coats-for-men/SD:gp:mens-fitted-short-sle,Dt_09_05_2015,0,5
SD:gp:winter-coats-for-men/SD:gp:mens-fitted-short-sle,Dt_10_05_2015,0,7
SD:gp:winter-coats-for-men/SD:gp:mens-fitted-short-sle,Dt_11_05_2015,1,7
SD:gp:winter-coats-for-men/SD:gp:mens-fitted-short-sle,Dt_12_05_2015,0,4
SD:gp:winter-coats-for-men/SD:gp:mens-fitted-short-sle,Dt_13_05_2015,1,5
SD:gp:winter-coats-for-men/SD:gp:mens-fitted-short-sle,Dt_14_05_2015,1,5
SD:gp:winter-coats-for-men/SD:gp:mens-fitted-short-sle,Dt_15_05_2015,0,2
SD:gp:winter-coats-for-men/SD:gp:mens-fitted-short-sle,Dt_16_05_2015,0,10
SD:gp:winter-coats-for-men/SD:gp:mens-fitted-short-sle,Dt_17_05_2015,1,7
