Pair_page,Dt,Control,Test
SD:gp:discount-mens-shirts/SD:gp:mens-shirts-sale,Dt_24_03_2015,1,0.454545455
SD:gp:discount-mens-shirts/SD:gp:mens-shirts-sale,Dt_25_03_2015,0,0.416666667
SD:gp:discount-mens-shirts/SD:gp:mens-shirts-sale,Dt_26_03_2015,0.75,0.5
SD:gp:discount-mens-shirts/SD:gp:mens-shirts-sale,Dt_27_03_2015,0,0.555555556
SD:gp:discount-mens-shirts/SD:gp:mens-shirts-sale,Dt_28_03_2015,1,0.571428571
SD:gp:discount-mens-shirts/SD:gp:mens-shirts-sale,Dt_29_03_2015,0.4,0.5
SD:gp:discount-mens-shirts/SD:gp:mens-shirts-sale,Dt_30_03_2015,0.5,0.5
SD:gp:discount-mens-shirts/SD:gp:mens-shirts-sale,Dt_31_03_2015,0.333333333,0.333333333
SD:gp:discount-mens-shirts/SD:gp:mens-shirts-sale,Dt_01_04_2015,0.625,0.5
SD:gp:discount-mens-shirts/SD:gp:mens-shirts-sale,Dt_02_04_2015,0.5,0.363636364
SD:gp:discount-mens-shirts/SD:gp:mens-shirts-sale,Dt_03_04_2015,0.833333333,0.6
SD:gp:discount-mens-shirts/SD:gp:mens-shirts-sale,Dt_04_04_2015,0.5,0.6
SD:gp:discount-mens-shirts/SD:gp:mens-shirts-sale,Dt_05_04_2015,0.333333333,0.833333333
SD:gp:discount-mens-shirts/SD:gp:mens-shirts-sale,Dt_06_04_2015,0,0.666666667
SD:gp:discount-mens-shirts/SD:gp:mens-shirts-sale,Dt_07_04_2015,0.833333333,0.428571429
SD:gp:discount-mens-shirts/SD:gp:mens-shirts-sale,Dt_08_04_2015,1,0.5
SD:gp:discount-mens-shirts/SD:gp:mens-shirts-sale,Dt_09_04_2015,0.428571429,0.6
SD:gp:discount-mens-shirts/SD:gp:mens-shirts-sale,Dt_10_04_2015,0.5,0.777777778
SD:gp:discount-mens-shirts/SD:gp:mens-shirts-sale,Dt_11_04_2015,0,0.333333333
SD:gp:discount-mens-shirts/SD:gp:mens-shirts-sale,Dt_12_04_2015,0.2,0.615384615
SD:gp:discount-mens-shirts/SD:gp:mens-shirts-sale,Dt_13_04_2015,0.333333333,0.6
SD:gp:discount-mens-shirts/SD:gp:mens-shirts-sale,Dt_14_04_2015,0,0.666666667
SD:gp:discount-mens-shirts/SD:gp:mens-shirts-sale,Dt_15_04_2015,0.75,0.583333333
SD:gp:discount-mens-shirts/SD:gp:mens-shirts-sale,Dt_16_04_2015,0,0.777777778
SD:gp:discount-mens-shirts/SD:gp:mens-shirts-sale,Dt_17_04_2015,0,0.583333333
SD:gp:discount-mens-shirts/SD:gp:mens-shirts-sale,Dt_18_04_2015,0,0.3
SD:gp:discount-mens-shirts/SD:gp:mens-shirts-sale,Dt_19_04_2015,0,0.636363636
SD:gp:discount-mens-shirts/SD:gp:mens-shirts-sale,Dt_20_04_2015,0,0.666666667
SD:gp:discount-mens-shirts/SD:gp:mens-shirts-sale,Dt_21_04_2015,0,0.714285714
SD:gp:discount-mens-shirts/SD:gp:mens-shirts-sale,Dt_22_04_2015,0,0.888888889
SD:gp:discount-mens-shirts/SD:gp:mens-shirts-sale,Dt_23_04_2015,0,0.6
SD:gp:discount-mens-shirts/SD:gp:mens-shirts-sale,Dt_24_04_2015,0,0.5
SD:gp:discount-mens-shirts/SD:gp:mens-shirts-sale,Dt_25_04_2015,0,0.666666667
SD:gp:discount-mens-shirts/SD:gp:mens-shirts-sale,Dt_26_04_2015,0,0.545454545
SD:gp:discount-mens-shirts/SD:gp:mens-shirts-sale,Dt_27_04_2015,0,0.684210526
SD:gp:discount-mens-shirts/SD:gp:mens-shirts-sale,Dt_28_04_2015,0,0.764705882
SD:gp:discount-mens-shirts/SD:gp:mens-shirts-sale,Dt_29_04_2015,0,0.538461538
SD:gp:discount-mens-shirts/SD:gp:mens-shirts-sale,Dt_30_04_2015,0,0.6
SD:gp:discount-mens-shirts/SD:gp:mens-shirts-sale,Dt_01_05_2015,0,0.583333333
SD:gp:discount-mens-shirts/SD:gp:mens-shirts-sale,Dt_02_05_2015,0,0.454545455
SD:gp:discount-mens-shirts/SD:gp:mens-shirts-sale,Dt_03_05_2015,0,0.65
SD:gp:discount-mens-shirts/SD:gp:mens-shirts-sale,Dt_04_05_2015,0,0.461538462
SD:gp:discount-mens-shirts/SD:gp:mens-shirts-sale,Dt_05_05_2015,0,0.857142857
SD:gp:discount-mens-shirts/SD:gp:mens-shirts-sale,Dt_06_05_2015,0,0.727272727
SD:gp:discount-mens-shirts/SD:gp:mens-shirts-sale,Dt_07_05_2015,0,0.615384615
SD:gp:discount-mens-shirts/SD:gp:mens-shirts-sale,Dt_08_05_2015,0,0.75
SD:gp:discount-mens-shirts/SD:gp:mens-shirts-sale,Dt_09_05_2015,0,0.571428571
SD:gp:discount-mens-shirts/SD:gp:mens-shirts-sale,Dt_10_05_2015,0,0.647058824
SD:gp:discount-mens-shirts/SD:gp:mens-shirts-sale,Dt_11_05_2015,0,0.888888889
SD:gp:discount-mens-shirts/SD:gp:mens-shirts-sale,Dt_12_05_2015,0,0.55
SD:gp:discount-mens-shirts/SD:gp:mens-shirts-sale,Dt_13_05_2015,0,0.75
SD:gp:discount-mens-shirts/SD:gp:mens-shirts-sale,Dt_14_05_2015,0,0.6
SD:gp:discount-mens-shirts/SD:gp:mens-shirts-sale,Dt_15_05_2015,0,0.636363636
SD:gp:discount-mens-shirts/SD:gp:mens-shirts-sale,Dt_16_05_2015,0,0.619047619
SD:gp:discount-mens-shirts/SD:gp:mens-shirts-sale,Dt_17_05_2015,0,0.8
SD:gp:mens-boot-cut-jeans/SD:gp:mens-straight-leg-jean,Dt_24_03_2015,0.7,0.75
SD:gp:mens-boot-cut-jeans/SD:gp:mens-straight-leg-jean,Dt_25_03_2015,0.733333333,0.769230769
SD:gp:mens-boot-cut-jeans/SD:gp:mens-straight-leg-jean,Dt_26_03_2015,0.545454545,1
SD:gp:mens-boot-cut-jeans/SD:gp:mens-straight-leg-jean,Dt_27_03_2015,0.571428571,1
SD:gp:mens-boot-cut-jeans/SD:gp:mens-straight-leg-jean,Dt_28_03_2015,0.666666667,0.8
SD:gp:mens-boot-cut-jeans/SD:gp:mens-straight-leg-jean,Dt_29_03_2015,0.684210526,0.615384615
SD:gp:mens-boot-cut-jeans/SD:gp:mens-straight-leg-jean,Dt_30_03_2015,0.6,0.923076923
SD:gp:mens-boot-cut-jeans/SD:gp:mens-straight-leg-jean,Dt_31_03_2015,0.625,0.9
SD:gp:mens-boot-cut-jeans/SD:gp:mens-straight-leg-jean,Dt_01_04_2015,0.642857143,0.571428571
SD:gp:mens-boot-cut-jeans/SD:gp:mens-straight-leg-jean,Dt_02_04_2015,0.631578947,0.833333333
SD:gp:mens-boot-cut-jeans/SD:gp:mens-straight-leg-jean,Dt_03_04_2015,0.545454545,0.8
SD:gp:mens-boot-cut-jeans/SD:gp:mens-straight-leg-jean,Dt_04_04_2015,0.571428571,0.6
SD:gp:mens-boot-cut-jeans/SD:gp:mens-straight-leg-jean,Dt_05_04_2015,0.8,0.818181818
SD:gp:mens-boot-cut-jeans/SD:gp:mens-straight-leg-jean,Dt_06_04_2015,0.538461538,0.692307692
SD:gp:mens-boot-cut-jeans/SD:gp:mens-straight-leg-jean,Dt_07_04_2015,0.428571429,0.666666667
SD:gp:mens-boot-cut-jeans/SD:gp:mens-straight-leg-jean,Dt_08_04_2015,0.461538462,0.571428571
SD:gp:mens-boot-cut-jeans/SD:gp:mens-straight-leg-jean,Dt_09_04_2015,0.4,0.818181818
SD:gp:mens-boot-cut-jeans/SD:gp:mens-straight-leg-jean,Dt_10_04_2015,0.538461538,0.75
SD:gp:mens-boot-cut-jeans/SD:gp:mens-straight-leg-jean,Dt_11_04_2015,0.666666667,0.636363636
SD:gp:mens-boot-cut-jeans/SD:gp:mens-straight-leg-jean,Dt_12_04_2015,0.384615385,0.764705882
SD:gp:mens-boot-cut-jeans/SD:gp:mens-straight-leg-jean,Dt_13_04_2015,0.5,0.555555556
SD:gp:mens-boot-cut-jeans/SD:gp:mens-straight-leg-jean,Dt_14_04_2015,0.454545455,0.727272727
SD:gp:mens-boot-cut-jeans/SD:gp:mens-straight-leg-jean,Dt_15_04_2015,0.75,0.5
SD:gp:mens-boot-cut-jeans/SD:gp:mens-straight-leg-jean,Dt_16_04_2015,0.75,0.666666667
SD:gp:mens-boot-cut-jeans/SD:gp:mens-straight-leg-jean,Dt_17_04_2015,0.857142857,0.6
SD:gp:mens-boot-cut-jeans/SD:gp:mens-straight-leg-jean,Dt_18_04_2015,0.333333333,0.777777778
SD:gp:mens-boot-cut-jeans/SD:gp:mens-straight-leg-jean,Dt_19_04_2015,0.590909091,0.9
SD:gp:mens-boot-cut-jeans/SD:gp:mens-straight-leg-jean,Dt_20_04_2015,0.857142857,0.833333333
SD:gp:mens-boot-cut-jeans/SD:gp:mens-straight-leg-jean,Dt_21_04_2015,0.733333333,0.785714286
SD:gp:mens-boot-cut-jeans/SD:gp:mens-straight-leg-jean,Dt_22_04_2015,0.48,0.6
SD:gp:mens-boot-cut-jeans/SD:gp:mens-straight-leg-jean,Dt_23_04_2015,0.6,0.666666667
SD:gp:mens-boot-cut-jeans/SD:gp:mens-straight-leg-jean,Dt_24_04_2015,0.888888889,0.714285714
SD:gp:mens-boot-cut-jeans/SD:gp:mens-straight-leg-jean,Dt_25_04_2015,0.416666667,0.75
SD:gp:mens-boot-cut-jeans/SD:gp:mens-straight-leg-jean,Dt_26_04_2015,0.736842105,0.818181818
SD:gp:mens-boot-cut-jeans/SD:gp:mens-straight-leg-jean,Dt_27_04_2015,0.909090909,0.857142857
SD:gp:mens-boot-cut-jeans/SD:gp:mens-straight-leg-jean,Dt_28_04_2015,0.8125,0.833333333
SD:gp:mens-boot-cut-jeans/SD:gp:mens-straight-leg-jean,Dt_29_04_2015,0.583333333,1
SD:gp:mens-boot-cut-jeans/SD:gp:mens-straight-leg-jean,Dt_30_04_2015,0.833333333,0.785714286
SD:gp:mens-boot-cut-jeans/SD:gp:mens-straight-leg-jean,Dt_01_05_2015,0.764705882,0.928571429
SD:gp:mens-boot-cut-jeans/SD:gp:mens-straight-leg-jean,Dt_02_05_2015,0.285714286,0.666666667
SD:gp:mens-boot-cut-jeans/SD:gp:mens-straight-leg-jean,Dt_03_05_2015,0.769230769,0.833333333
SD:gp:mens-boot-cut-jeans/SD:gp:mens-straight-leg-jean,Dt_04_05_2015,0.538461538,0.916666667
SD:gp:mens-boot-cut-jeans/SD:gp:mens-straight-leg-jean,Dt_05_05_2015,0.714285714,0.727272727
SD:gp:mens-boot-cut-jeans/SD:gp:mens-straight-leg-jean,Dt_06_05_2015,0.75,0.636363636
SD:gp:mens-boot-cut-jeans/SD:gp:mens-straight-leg-jean,Dt_07_05_2015,0.6,0.75
SD:gp:mens-boot-cut-jeans/SD:gp:mens-straight-leg-jean,Dt_08_05_2015,1,0.777777778
SD:gp:mens-boot-cut-jeans/SD:gp:mens-straight-leg-jean,Dt_09_05_2015,0.75,0.642857143
SD:gp:mens-boot-cut-jeans/SD:gp:mens-straight-leg-jean,Dt_10_05_2015,0.416666667,0.538461538
SD:gp:mens-boot-cut-jeans/SD:gp:mens-straight-leg-jean,Dt_11_05_2015,0.272727273,0.923076923
SD:gp:mens-boot-cut-jeans/SD:gp:mens-straight-leg-jean,Dt_12_05_2015,0.5,0.8
SD:gp:mens-boot-cut-jeans/SD:gp:mens-straight-leg-jean,Dt_13_05_2015,0.692307692,1
SD:gp:mens-boot-cut-jeans/SD:gp:mens-straight-leg-jean,Dt_14_05_2015,0.5,0.857142857
SD:gp:mens-boot-cut-jeans/SD:gp:mens-straight-leg-jean,Dt_15_05_2015,0.666666667,0.666666667
SD:gp:mens-boot-cut-jeans/SD:gp:mens-straight-leg-jean,Dt_16_05_2015,0.666666667,0.692307692
SD:gp:mens-boot-cut-jeans/SD:gp:mens-straight-leg-jean,Dt_17_05_2015,0.411764706,0.642857143
SD:gp:mens-crewneck-sweaters/SD:gp:mens-sweater-sale,Dt_24_03_2015,0.571428571,0.7
SD:gp:mens-crewneck-sweaters/SD:gp:mens-sweater-sale,Dt_25_03_2015,0.666666667,0.5
SD:gp:mens-crewneck-sweaters/SD:gp:mens-sweater-sale,Dt_26_03_2015,0,0.6
SD:gp:mens-crewneck-sweaters/SD:gp:mens-sweater-sale,Dt_27_03_2015,0.714285714,0.583333333
SD:gp:mens-crewneck-sweaters/SD:gp:mens-sweater-sale,Dt_28_03_2015,0,0.625
SD:gp:mens-crewneck-sweaters/SD:gp:mens-sweater-sale,Dt_29_03_2015,0,0.5
SD:gp:mens-crewneck-sweaters/SD:gp:mens-sweater-sale,Dt_30_03_2015,0.75,0.6875
SD:gp:mens-crewneck-sweaters/SD:gp:mens-sweater-sale,Dt_31_03_2015,0.2,0.4
SD:gp:mens-crewneck-sweaters/SD:gp:mens-sweater-sale,Dt_01_04_2015,0.333333333,0.555555556
SD:gp:mens-crewneck-sweaters/SD:gp:mens-sweater-sale,Dt_02_04_2015,0.5,0.181818182
SD:gp:mens-crewneck-sweaters/SD:gp:mens-sweater-sale,Dt_03_04_2015,0.5,0.5
SD:gp:mens-crewneck-sweaters/SD:gp:mens-sweater-sale,Dt_04_04_2015,0,0.5
SD:gp:mens-crewneck-sweaters/SD:gp:mens-sweater-sale,Dt_05_04_2015,0.5,0.285714286
SD:gp:mens-crewneck-sweaters/SD:gp:mens-sweater-sale,Dt_06_04_2015,0.4,0.4
SD:gp:mens-crewneck-sweaters/SD:gp:mens-sweater-sale,Dt_07_04_2015,0,0.444444444
SD:gp:mens-crewneck-sweaters/SD:gp:mens-sweater-sale,Dt_08_04_2015,0.428571429,0.545454545
SD:gp:mens-crewneck-sweaters/SD:gp:mens-sweater-sale,Dt_09_04_2015,1,0.555555556
SD:gp:mens-crewneck-sweaters/SD:gp:mens-sweater-sale,Dt_10_04_2015,0,0.666666667
SD:gp:mens-crewneck-sweaters/SD:gp:mens-sweater-sale,Dt_11_04_2015,0.4,0.142857143
SD:gp:mens-crewneck-sweaters/SD:gp:mens-sweater-sale,Dt_12_04_2015,0.4,0.666666667
SD:gp:mens-crewneck-sweaters/SD:gp:mens-sweater-sale,Dt_13_04_2015,0.5,1
SD:gp:mens-crewneck-sweaters/SD:gp:mens-sweater-sale,Dt_14_04_2015,0.25,0.555555556
SD:gp:mens-crewneck-sweaters/SD:gp:mens-sweater-sale,Dt_15_04_2015,0,0.428571429
SD:gp:mens-crewneck-sweaters/SD:gp:mens-sweater-sale,Dt_16_04_2015,0.666666667,0.714285714
SD:gp:mens-crewneck-sweaters/SD:gp:mens-sweater-sale,Dt_17_04_2015,0,0.4
SD:gp:mens-crewneck-sweaters/SD:gp:mens-sweater-sale,Dt_18_04_2015,0,0.333333333
SD:gp:mens-crewneck-sweaters/SD:gp:mens-sweater-sale,Dt_19_04_2015,0,0.666666667
SD:gp:mens-crewneck-sweaters/SD:gp:mens-sweater-sale,Dt_20_04_2015,1,0.571428571
SD:gp:mens-crewneck-sweaters/SD:gp:mens-sweater-sale,Dt_21_04_2015,0,0.6
SD:gp:mens-crewneck-sweaters/SD:gp:mens-sweater-sale,Dt_22_04_2015,0.333333333,0.777777778
SD:gp:mens-crewneck-sweaters/SD:gp:mens-sweater-sale,Dt_23_04_2015,0.875,0.866666667
SD:gp:mens-crewneck-sweaters/SD:gp:mens-sweater-sale,Dt_24_04_2015,0.5,0.571428571
SD:gp:mens-crewneck-sweaters/SD:gp:mens-sweater-sale,Dt_25_04_2015,0.666666667,0.75
SD:gp:mens-crewneck-sweaters/SD:gp:mens-sweater-sale,Dt_26_04_2015,0.166666667,0.6
SD:gp:mens-crewneck-sweaters/SD:gp:mens-sweater-sale,Dt_27_04_2015,0.666666667,0.857142857
SD:gp:mens-crewneck-sweaters/SD:gp:mens-sweater-sale,Dt_28_04_2015,0.333333333,0.285714286
SD:gp:mens-crewneck-sweaters/SD:gp:mens-sweater-sale,Dt_29_04_2015,0.714285714,0.5
SD:gp:mens-crewneck-sweaters/SD:gp:mens-sweater-sale,Dt_30_04_2015,1,0.555555556
SD:gp:mens-crewneck-sweaters/SD:gp:mens-sweater-sale,Dt_01_05_2015,0,0.2
SD:gp:mens-crewneck-sweaters/SD:gp:mens-sweater-sale,Dt_02_05_2015,0,0
SD:gp:mens-crewneck-sweaters/SD:gp:mens-sweater-sale,Dt_03_05_2015,0,0.333333333
SD:gp:mens-crewneck-sweaters/SD:gp:mens-sweater-sale,Dt_04_05_2015,1,0.875
SD:gp:mens-crewneck-sweaters/SD:gp:mens-sweater-sale,Dt_05_05_2015,0.428571429,0.8
SD:gp:mens-crewneck-sweaters/SD:gp:mens-sweater-sale,Dt_06_05_2015,0,1
SD:gp:mens-crewneck-sweaters/SD:gp:mens-sweater-sale,Dt_07_05_2015,0,0.555555556
SD:gp:mens-crewneck-sweaters/SD:gp:mens-sweater-sale,Dt_08_05_2015,0,0.6
SD:gp:mens-crewneck-sweaters/SD:gp:mens-sweater-sale,Dt_09_05_2015,0,0.2
SD:gp:mens-crewneck-sweaters/SD:gp:mens-sweater-sale,Dt_10_05_2015,0,0.666666667
SD:gp:mens-crewneck-sweaters/SD:gp:mens-sweater-sale,Dt_11_05_2015,0,1
SD:gp:mens-crewneck-sweaters/SD:gp:mens-sweater-sale,Dt_12_05_2015,0,0.714285714
SD:gp:mens-crewneck-sweaters/SD:gp:mens-sweater-sale,Dt_13_05_2015,0,0.571428571
SD:gp:mens-crewneck-sweaters/SD:gp:mens-sweater-sale,Dt_14_05_2015,0,0.444444444
SD:gp:mens-crewneck-sweaters/SD:gp:mens-sweater-sale,Dt_15_05_2015,0,0.666666667
SD:gp:mens-crewneck-sweaters/SD:gp:mens-sweater-sale,Dt_16_05_2015,0,0.625
SD:gp:mens-crewneck-sweaters/SD:gp:mens-sweater-sale,Dt_17_05_2015,0,0.666666667
SD:gp:mens-pants/SD:gp:mens-t-shirts,Dt_24_03_2015,0.6875,0.582278481
SD:gp:mens-pants/SD:gp:mens-t-shirts,Dt_25_03_2015,0.569444444,0.590163934
SD:gp:mens-pants/SD:gp:mens-t-shirts,Dt_26_03_2015,0.678571429,0.446428571
SD:gp:mens-pants/SD:gp:mens-t-shirts,Dt_27_03_2015,0.68852459,0.6
SD:gp:mens-pants/SD:gp:mens-t-shirts,Dt_28_03_2015,0.666666667,0.492753623
SD:gp:mens-pants/SD:gp:mens-t-shirts,Dt_29_03_2015,0.661971831,0.465116279
SD:gp:mens-pants/SD:gp:mens-t-shirts,Dt_30_03_2015,0.746031746,0.592592593
SD:gp:mens-pants/SD:gp:mens-t-shirts,Dt_31_03_2015,0.688311688,0.569767442
SD:gp:mens-pants/SD:gp:mens-t-shirts,Dt_01_04_2015,0.719298246,0.578947368
SD:gp:mens-pants/SD:gp:mens-t-shirts,Dt_02_04_2015,0.730769231,0.513513514
SD:gp:mens-pants/SD:gp:mens-t-shirts,Dt_03_04_2015,0.782608696,0.526315789
SD:gp:mens-pants/SD:gp:mens-t-shirts,Dt_04_04_2015,0.848484848,0.513157895
SD:gp:mens-pants/SD:gp:mens-t-shirts,Dt_05_04_2015,0.847457627,0.539473684
SD:gp:mens-pants/SD:gp:mens-t-shirts,Dt_06_04_2015,0.819672131,0.456790123
SD:gp:mens-pants/SD:gp:mens-t-shirts,Dt_07_04_2015,0.828125,0.621212121
SD:gp:mens-pants/SD:gp:mens-t-shirts,Dt_08_04_2015,0.737704918,0.504950495
SD:gp:mens-pants/SD:gp:mens-t-shirts,Dt_09_04_2015,0.79245283,0.463414634
SD:gp:mens-pants/SD:gp:mens-t-shirts,Dt_10_04_2015,0.75,0.725806452
SD:gp:mens-pants/SD:gp:mens-t-shirts,Dt_11_04_2015,0.813559322,0.540540541
SD:gp:mens-pants/SD:gp:mens-t-shirts,Dt_12_04_2015,0.859649123,0.597938144
SD:gp:mens-pants/SD:gp:mens-t-shirts,Dt_13_04_2015,0.779661017,0.552631579
SD:gp:mens-pants/SD:gp:mens-t-shirts,Dt_14_04_2015,0.762711864,0.588888889
SD:gp:mens-pants/SD:gp:mens-t-shirts,Dt_15_04_2015,0.830188679,0.565656566
SD:gp:mens-pants/SD:gp:mens-t-shirts,Dt_16_04_2015,0.837209302,0.565217391
SD:gp:mens-pants/SD:gp:mens-t-shirts,Dt_17_04_2015,0.945945946,0.771428571
SD:gp:mens-pants/SD:gp:mens-t-shirts,Dt_18_04_2015,0.8,0.652173913
SD:gp:mens-pants/SD:gp:mens-t-shirts,Dt_19_04_2015,0.776119403,0.604166667
SD:gp:mens-pants/SD:gp:mens-t-shirts,Dt_20_04_2015,0.824561404,0.722222222
SD:gp:mens-pants/SD:gp:mens-t-shirts,Dt_21_04_2015,0.838235294,0.64
SD:gp:mens-pants/SD:gp:mens-t-shirts,Dt_22_04_2015,0.84375,0.65
SD:gp:mens-pants/SD:gp:mens-t-shirts,Dt_23_04_2015,0.783333333,0.472972973
SD:gp:mens-pants/SD:gp:mens-t-shirts,Dt_24_04_2015,0.808510638,0.6125
SD:gp:mens-pants/SD:gp:mens-t-shirts,Dt_25_04_2015,0.904761905,0.611940299
SD:gp:mens-pants/SD:gp:mens-t-shirts,Dt_26_04_2015,0.686567164,0.611111111
SD:gp:mens-pants/SD:gp:mens-t-shirts,Dt_27_04_2015,0.848484848,0.670454545
SD:gp:mens-pants/SD:gp:mens-t-shirts,Dt_28_04_2015,0.694915254,0.784615385
SD:gp:mens-pants/SD:gp:mens-t-shirts,Dt_29_04_2015,0.724137931,0.556818182
SD:gp:mens-pants/SD:gp:mens-t-shirts,Dt_30_04_2015,0.830769231,0.672131148
SD:gp:mens-pants/SD:gp:mens-t-shirts,Dt_01_05_2015,0.76119403,0.53030303
SD:gp:mens-pants/SD:gp:mens-t-shirts,Dt_02_05_2015,0.788461538,0.62962963
SD:gp:mens-pants/SD:gp:mens-t-shirts,Dt_03_05_2015,0.8,0.636363636
SD:gp:mens-pants/SD:gp:mens-t-shirts,Dt_04_05_2015,0.833333333,0.521126761
SD:gp:mens-pants/SD:gp:mens-t-shirts,Dt_05_05_2015,0.784313725,0.604938272
SD:gp:mens-pants/SD:gp:mens-t-shirts,Dt_06_05_2015,0.710144928,0.611111111
SD:gp:mens-pants/SD:gp:mens-t-shirts,Dt_07_05_2015,0.685714286,0.659793814
SD:gp:mens-pants/SD:gp:mens-t-shirts,Dt_08_05_2015,0.770491803,0.627906977
SD:gp:mens-pants/SD:gp:mens-t-shirts,Dt_09_05_2015,0.717391304,0.53164557
SD:gp:mens-pants/SD:gp:mens-t-shirts,Dt_10_05_2015,0.765432099,0.64893617
SD:gp:mens-pants/SD:gp:mens-t-shirts,Dt_11_05_2015,0.837837838,0.547368421
SD:gp:mens-pants/SD:gp:mens-t-shirts,Dt_12_05_2015,0.818181818,0.632183908
SD:gp:mens-pants/SD:gp:mens-t-shirts,Dt_13_05_2015,0.775862069,0.647727273
SD:gp:mens-pants/SD:gp:mens-t-shirts,Dt_14_05_2015,0.765625,0.592592593
SD:gp:mens-pants/SD:gp:mens-t-shirts,Dt_15_05_2015,0.763636364,0.641025641
SD:gp:mens-pants/SD:gp:mens-t-shirts,Dt_16_05_2015,0.789473684,0.5625
SD:gp:mens-pants/SD:gp:mens-t-shirts,Dt_17_05_2015,0.723684211,0.614583333
SD:gp:mens-pique-polo-shirts/SD:gp:mens-briefs,Dt_24_03_2015,0.625,1
SD:gp:mens-pique-polo-shirts/SD:gp:mens-briefs,Dt_25_03_2015,0.5,0
SD:gp:mens-pique-polo-shirts/SD:gp:mens-briefs,Dt_26_03_2015,0.5,0
SD:gp:mens-pique-polo-shirts/SD:gp:mens-briefs,Dt_27_03_2015,0.4,1
SD:gp:mens-pique-polo-shirts/SD:gp:mens-briefs,Dt_28_03_2015,0.5,0.5
SD:gp:mens-pique-polo-shirts/SD:gp:mens-briefs,Dt_29_03_2015,0.428571429,1
SD:gp:mens-pique-polo-shirts/SD:gp:mens-briefs,Dt_30_03_2015,0.583333333,1
SD:gp:mens-pique-polo-shirts/SD:gp:mens-briefs,Dt_31_03_2015,0.5,1
SD:gp:mens-pique-polo-shirts/SD:gp:mens-briefs,Dt_01_04_2015,0.6,0
SD:gp:mens-pique-polo-shirts/SD:gp:mens-briefs,Dt_02_04_2015,0.6,0.4
SD:gp:mens-pique-polo-shirts/SD:gp:mens-briefs,Dt_03_04_2015,0.5,0
SD:gp:mens-pique-polo-shirts/SD:gp:mens-briefs,Dt_04_04_2015,0.333333333,1
SD:gp:mens-pique-polo-shirts/SD:gp:mens-briefs,Dt_05_04_2015,1,0.5
SD:gp:mens-pique-polo-shirts/SD:gp:mens-briefs,Dt_06_04_2015,0.6,0.75
SD:gp:mens-pique-polo-shirts/SD:gp:mens-briefs,Dt_07_04_2015,0.5,1
SD:gp:mens-pique-polo-shirts/SD:gp:mens-briefs,Dt_08_04_2015,0.692307692,0
SD:gp:mens-pique-polo-shirts/SD:gp:mens-briefs,Dt_09_04_2015,0.416666667,1
SD:gp:mens-pique-polo-shirts/SD:gp:mens-briefs,Dt_10_04_2015,0.8,0
SD:gp:mens-pique-polo-shirts/SD:gp:mens-briefs,Dt_11_04_2015,0.75,1
SD:gp:mens-pique-polo-shirts/SD:gp:mens-briefs,Dt_12_04_2015,0.5,1
SD:gp:mens-pique-polo-shirts/SD:gp:mens-briefs,Dt_13_04_2015,0.5,0
SD:gp:mens-pique-polo-shirts/SD:gp:mens-briefs,Dt_14_04_2015,0.571428571,0.75
SD:gp:mens-pique-polo-shirts/SD:gp:mens-briefs,Dt_15_04_2015,0.333333333,0.5
SD:gp:mens-pique-polo-shirts/SD:gp:mens-briefs,Dt_16_04_2015,0.5,1
SD:gp:mens-pique-polo-shirts/SD:gp:mens-briefs,Dt_17_04_2015,0.333333333,0
SD:gp:mens-pique-polo-shirts/SD:gp:mens-briefs,Dt_18_04_2015,1,0
SD:gp:mens-pique-polo-shirts/SD:gp:mens-briefs,Dt_19_04_2015,0.8,1
SD:gp:mens-pique-polo-shirts/SD:gp:mens-briefs,Dt_20_04_2015,0.6,1
SD:gp:mens-pique-polo-shirts/SD:gp:mens-briefs,Dt_21_04_2015,0.833333333,0
SD:gp:mens-pique-polo-shirts/SD:gp:mens-briefs,Dt_22_04_2015,0.6,0.8
SD:gp:mens-pique-polo-shirts/SD:gp:mens-briefs,Dt_23_04_2015,0.333333333,0
SD:gp:mens-pique-polo-shirts/SD:gp:mens-briefs,Dt_24_04_2015,0.857142857,0.5
SD:gp:mens-pique-polo-shirts/SD:gp:mens-briefs,Dt_25_04_2015,0.7,0.333333333
SD:gp:mens-pique-polo-shirts/SD:gp:mens-briefs,Dt_26_04_2015,0.5,1
SD:gp:mens-pique-polo-shirts/SD:gp:mens-briefs,Dt_27_04_2015,0.666666667,0
SD:gp:mens-pique-polo-shirts/SD:gp:mens-briefs,Dt_28_04_2015,0.571428571,1
SD:gp:mens-pique-polo-shirts/SD:gp:mens-briefs,Dt_29_04_2015,0.555555556,0.666666667
SD:gp:mens-pique-polo-shirts/SD:gp:mens-briefs,Dt_30_04_2015,0.6,0.666666667
SD:gp:mens-pique-polo-shirts/SD:gp:mens-briefs,Dt_01_05_2015,0.6,0
SD:gp:mens-pique-polo-shirts/SD:gp:mens-briefs,Dt_02_05_2015,0.142857143,0.333333333
SD:gp:mens-pique-polo-shirts/SD:gp:mens-briefs,Dt_03_05_2015,0.6,0.666666667
SD:gp:mens-pique-polo-shirts/SD:gp:mens-briefs,Dt_04_05_2015,0.6,1
SD:gp:mens-pique-polo-shirts/SD:gp:mens-briefs,Dt_05_05_2015,0.666666667,1
SD:gp:mens-pique-polo-shirts/SD:gp:mens-briefs,Dt_06_05_2015,0,1
SD:gp:mens-pique-polo-shirts/SD:gp:mens-briefs,Dt_07_05_2015,0,1
SD:gp:mens-pique-polo-shirts/SD:gp:mens-briefs,Dt_08_05_2015,0,1
SD:gp:mens-pique-polo-shirts/SD:gp:mens-briefs,Dt_09_05_2015,0,1
SD:gp:mens-pique-polo-shirts/SD:gp:mens-briefs,Dt_10_05_2015,0,0.5
SD:gp:mens-pique-polo-shirts/SD:gp:mens-briefs,Dt_11_05_2015,0,0
SD:gp:mens-pique-polo-shirts/SD:gp:mens-briefs,Dt_12_05_2015,0,1
SD:gp:mens-pique-polo-shirts/SD:gp:mens-briefs,Dt_13_05_2015,0,1
SD:gp:mens-pique-polo-shirts/SD:gp:mens-briefs,Dt_14_05_2015,0,1
SD:gp:mens-pique-polo-shirts/SD:gp:mens-briefs,Dt_15_05_2015,0,0
SD:gp:mens-pique-polo-shirts/SD:gp:mens-briefs,Dt_16_05_2015,0,1
SD:gp:mens-pique-polo-shirts/SD:gp:mens-briefs,Dt_17_05_2015,0,1
SD:gp:mens-polo-shirts/SD:gp:slim-khakis-men-C80811,Dt_24_03_2015,0.411764706,0.649122807
SD:gp:mens-polo-shirts/SD:gp:slim-khakis-men-C80811,Dt_25_03_2015,0.486486486,0.595238095
SD:gp:mens-polo-shirts/SD:gp:slim-khakis-men-C80811,Dt_26_03_2015,0.580645161,0.627906977
SD:gp:mens-polo-shirts/SD:gp:slim-khakis-men-C80811,Dt_27_03_2015,0.5,0.555555556
SD:gp:mens-polo-shirts/SD:gp:slim-khakis-men-C80811,Dt_28_03_2015,0.666666667,0.613636364
SD:gp:mens-polo-shirts/SD:gp:slim-khakis-men-C80811,Dt_29_03_2015,0.545454545,0.629032258
SD:gp:mens-polo-shirts/SD:gp:slim-khakis-men-C80811,Dt_30_03_2015,0.694444444,0.795918367
SD:gp:mens-polo-shirts/SD:gp:slim-khakis-men-C80811,Dt_31_03_2015,0.518518519,0.783783784
SD:gp:mens-polo-shirts/SD:gp:slim-khakis-men-C80811,Dt_01_04_2015,0.545454545,0.659090909
SD:gp:mens-polo-shirts/SD:gp:slim-khakis-men-C80811,Dt_02_04_2015,0.619047619,0.444444444
SD:gp:mens-polo-shirts/SD:gp:slim-khakis-men-C80811,Dt_03_04_2015,0.451612903,0.512820513
SD:gp:mens-polo-shirts/SD:gp:slim-khakis-men-C80811,Dt_04_04_2015,0.535714286,0.651162791
SD:gp:mens-polo-shirts/SD:gp:slim-khakis-men-C80811,Dt_05_04_2015,0.387096774,0.684210526
SD:gp:mens-polo-shirts/SD:gp:slim-khakis-men-C80811,Dt_06_04_2015,0.571428571,0.659090909
SD:gp:mens-polo-shirts/SD:gp:slim-khakis-men-C80811,Dt_07_04_2015,0.585365854,0.6875
SD:gp:mens-polo-shirts/SD:gp:slim-khakis-men-C80811,Dt_08_04_2015,0.675675676,0.558823529
SD:gp:mens-polo-shirts/SD:gp:slim-khakis-men-C80811,Dt_09_04_2015,0.617021277,0.555555556
SD:gp:mens-polo-shirts/SD:gp:slim-khakis-men-C80811,Dt_10_04_2015,0.583333333,0.615384615
SD:gp:mens-polo-shirts/SD:gp:slim-khakis-men-C80811,Dt_11_04_2015,0.595238095,0.56
SD:gp:mens-polo-shirts/SD:gp:slim-khakis-men-C80811,Dt_12_04_2015,0.46875,0.794117647
SD:gp:mens-polo-shirts/SD:gp:slim-khakis-men-C80811,Dt_13_04_2015,0.472222222,0.707317073
SD:gp:mens-polo-shirts/SD:gp:slim-khakis-men-C80811,Dt_14_04_2015,0.628571429,0.657142857
SD:gp:mens-polo-shirts/SD:gp:slim-khakis-men-C80811,Dt_15_04_2015,0.586956522,0.6875
SD:gp:mens-polo-shirts/SD:gp:slim-khakis-men-C80811,Dt_16_04_2015,0.666666667,0.869565217
SD:gp:mens-polo-shirts/SD:gp:slim-khakis-men-C80811,Dt_17_04_2015,0.526315789,0.714285714
SD:gp:mens-polo-shirts/SD:gp:slim-khakis-men-C80811,Dt_18_04_2015,0.464285714,0.75
SD:gp:mens-polo-shirts/SD:gp:slim-khakis-men-C80811,Dt_19_04_2015,0.586206897,0.620689655
SD:gp:mens-polo-shirts/SD:gp:slim-khakis-men-C80811,Dt_20_04_2015,0.55,0.694444444
SD:gp:mens-polo-shirts/SD:gp:slim-khakis-men-C80811,Dt_21_04_2015,0.523809524,0.657894737
SD:gp:mens-polo-shirts/SD:gp:slim-khakis-men-C80811,Dt_22_04_2015,0.609756098,0.64516129
SD:gp:mens-polo-shirts/SD:gp:slim-khakis-men-C80811,Dt_23_04_2015,0.514285714,0.6
SD:gp:mens-polo-shirts/SD:gp:slim-khakis-men-C80811,Dt_24_04_2015,0.675,0.571428571
SD:gp:mens-polo-shirts/SD:gp:slim-khakis-men-C80811,Dt_25_04_2015,0.648648649,0.588235294
SD:gp:mens-polo-shirts/SD:gp:slim-khakis-men-C80811,Dt_26_04_2015,0.606060606,0.733333333
SD:gp:mens-polo-shirts/SD:gp:slim-khakis-men-C80811,Dt_27_04_2015,0.6,0.72972973
SD:gp:mens-polo-shirts/SD:gp:slim-khakis-men-C80811,Dt_28_04_2015,0.476190476,0.607142857
SD:gp:mens-polo-shirts/SD:gp:slim-khakis-men-C80811,Dt_29_04_2015,0.43902439,0.783783784
SD:gp:mens-polo-shirts/SD:gp:slim-khakis-men-C80811,Dt_30_04_2015,0.416666667,0.633333333
SD:gp:mens-polo-shirts/SD:gp:slim-khakis-men-C80811,Dt_01_05_2015,0.526315789,0.625
SD:gp:mens-polo-shirts/SD:gp:slim-khakis-men-C80811,Dt_02_05_2015,0.432432432,0.652173913
SD:gp:mens-polo-shirts/SD:gp:slim-khakis-men-C80811,Dt_03_05_2015,0.435897436,0.425
SD:gp:mens-polo-shirts/SD:gp:slim-khakis-men-C80811,Dt_04_05_2015,0.575757576,0.567567568
SD:gp:mens-polo-shirts/SD:gp:slim-khakis-men-C80811,Dt_05_05_2015,0.6,0.71875
SD:gp:mens-polo-shirts/SD:gp:slim-khakis-men-C80811,Dt_06_05_2015,0.547169811,0.657142857
SD:gp:mens-polo-shirts/SD:gp:slim-khakis-men-C80811,Dt_07_05_2015,0.625,0.708333333
SD:gp:mens-polo-shirts/SD:gp:slim-khakis-men-C80811,Dt_08_05_2015,0.522727273,0.473684211
SD:gp:mens-polo-shirts/SD:gp:slim-khakis-men-C80811,Dt_09_05_2015,0.559322034,0.538461538
SD:gp:mens-polo-shirts/SD:gp:slim-khakis-men-C80811,Dt_10_05_2015,0.531914894,0.8
SD:gp:mens-polo-shirts/SD:gp:slim-khakis-men-C80811,Dt_11_05_2015,0.565217391,0.918918919
SD:gp:mens-polo-shirts/SD:gp:slim-khakis-men-C80811,Dt_12_05_2015,0.616438356,0.666666667
SD:gp:mens-polo-shirts/SD:gp:slim-khakis-men-C80811,Dt_13_05_2015,0.625,0.677419355
SD:gp:mens-polo-shirts/SD:gp:slim-khakis-men-C80811,Dt_14_05_2015,0.607142857,0.724137931
SD:gp:mens-polo-shirts/SD:gp:slim-khakis-men-C80811,Dt_15_05_2015,0.473684211,0.52173913
SD:gp:mens-polo-shirts/SD:gp:slim-khakis-men-C80811,Dt_16_05_2015,0.589285714,0.678571429
SD:gp:mens-polo-shirts/SD:gp:slim-khakis-men-C80811,Dt_17_05_2015,0.631578947,0.594594595
SD:gp:mens-skinny-jeans/SD:gp:shorts-for-men,Dt_24_03_2015,0.533333333,0.756756757
SD:gp:mens-skinny-jeans/SD:gp:shorts-for-men,Dt_25_03_2015,0.583333333,0.661016949
SD:gp:mens-skinny-jeans/SD:gp:shorts-for-men,Dt_26_03_2015,0.285714286,0.770833333
SD:gp:mens-skinny-jeans/SD:gp:shorts-for-men,Dt_27_03_2015,0.75,0.617647059
SD:gp:mens-skinny-jeans/SD:gp:shorts-for-men,Dt_28_03_2015,0.357142857,0.707317073
SD:gp:mens-skinny-jeans/SD:gp:shorts-for-men,Dt_29_03_2015,0.555555556,0.644067797
SD:gp:mens-skinny-jeans/SD:gp:shorts-for-men,Dt_30_03_2015,0.75,0.538461538
SD:gp:mens-skinny-jeans/SD:gp:shorts-for-men,Dt_31_03_2015,0.363636364,0.5625
SD:gp:mens-skinny-jeans/SD:gp:shorts-for-men,Dt_01_04_2015,1,0.565217391
SD:gp:mens-skinny-jeans/SD:gp:shorts-for-men,Dt_02_04_2015,0.6,0.648648649
SD:gp:mens-skinny-jeans/SD:gp:shorts-for-men,Dt_03_04_2015,0.4,0.611111111
SD:gp:mens-skinny-jeans/SD:gp:shorts-for-men,Dt_04_04_2015,0.578947368,0.693877551
SD:gp:mens-skinny-jeans/SD:gp:shorts-for-men,Dt_05_04_2015,0.666666667,0.729166667
SD:gp:mens-skinny-jeans/SD:gp:shorts-for-men,Dt_06_04_2015,0.714285714,0.659090909
SD:gp:mens-skinny-jeans/SD:gp:shorts-for-men,Dt_07_04_2015,0.307692308,0.68627451
SD:gp:mens-skinny-jeans/SD:gp:shorts-for-men,Dt_08_04_2015,0.4,0.45
SD:gp:mens-skinny-jeans/SD:gp:shorts-for-men,Dt_09_04_2015,0.692307692,0.604651163
SD:gp:mens-skinny-jeans/SD:gp:shorts-for-men,Dt_10_04_2015,0.666666667,0.6
SD:gp:mens-skinny-jeans/SD:gp:shorts-for-men,Dt_11_04_2015,0.647058824,0.636363636
SD:gp:mens-skinny-jeans/SD:gp:shorts-for-men,Dt_12_04_2015,0.538461538,0.716981132
SD:gp:mens-skinny-jeans/SD:gp:shorts-for-men,Dt_13_04_2015,0.846153846,0.640625
SD:gp:mens-skinny-jeans/SD:gp:shorts-for-men,Dt_14_04_2015,0.666666667,0.596774194
SD:gp:mens-skinny-jeans/SD:gp:shorts-for-men,Dt_15_04_2015,0.833333333,0.676923077
SD:gp:mens-skinny-jeans/SD:gp:shorts-for-men,Dt_16_04_2015,0.8,0.694915254
SD:gp:mens-skinny-jeans/SD:gp:shorts-for-men,Dt_17_04_2015,1,0.675675676
SD:gp:mens-skinny-jeans/SD:gp:shorts-for-men,Dt_18_04_2015,0.636363636,0.6
SD:gp:mens-skinny-jeans/SD:gp:shorts-for-men,Dt_19_04_2015,0.5,0.704761905
SD:gp:mens-skinny-jeans/SD:gp:shorts-for-men,Dt_20_04_2015,0.666666667,0.666666667
SD:gp:mens-skinny-jeans/SD:gp:shorts-for-men,Dt_21_04_2015,0.666666667,0.632352941
SD:gp:mens-skinny-jeans/SD:gp:shorts-for-men,Dt_22_04_2015,0.833333333,0.611940299
SD:gp:mens-skinny-jeans/SD:gp:shorts-for-men,Dt_23_04_2015,0.5,0.587301587
SD:gp:mens-skinny-jeans/SD:gp:shorts-for-men,Dt_24_04_2015,0.777777778,0.555555556
SD:gp:mens-skinny-jeans/SD:gp:shorts-for-men,Dt_25_04_2015,0.545454545,0.571428571
SD:gp:mens-skinny-jeans/SD:gp:shorts-for-men,Dt_26_04_2015,0.538461538,0.698795181
SD:gp:mens-skinny-jeans/SD:gp:shorts-for-men,Dt_27_04_2015,0.727272727,0.689189189
SD:gp:mens-skinny-jeans/SD:gp:shorts-for-men,Dt_28_04_2015,0.592592593,0.683333333
SD:gp:mens-skinny-jeans/SD:gp:shorts-for-men,Dt_29_04_2015,0.705882353,0.756756757
SD:gp:mens-skinny-jeans/SD:gp:shorts-for-men,Dt_30_04_2015,0.4,0.615384615
SD:gp:mens-skinny-jeans/SD:gp:shorts-for-men,Dt_01_05_2015,0.666666667,0.709677419
SD:gp:mens-skinny-jeans/SD:gp:shorts-for-men,Dt_02_05_2015,0.4375,0.70212766
SD:gp:mens-skinny-jeans/SD:gp:shorts-for-men,Dt_03_05_2015,0.615384615,0.719101124
SD:gp:mens-skinny-jeans/SD:gp:shorts-for-men,Dt_04_05_2015,0.684210526,0.609195402
SD:gp:mens-skinny-jeans/SD:gp:shorts-for-men,Dt_05_05_2015,0.55,0.75
SD:gp:mens-skinny-jeans/SD:gp:shorts-for-men,Dt_06_05_2015,0.636363636,0.685714286
SD:gp:mens-skinny-jeans/SD:gp:shorts-for-men,Dt_07_05_2015,0.5,0.604651163
SD:gp:mens-skinny-jeans/SD:gp:shorts-for-men,Dt_08_05_2015,0.615384615,0.696629213
SD:gp:mens-skinny-jeans/SD:gp:shorts-for-men,Dt_09_05_2015,0.454545455,0.708860759
SD:gp:mens-skinny-jeans/SD:gp:shorts-for-men,Dt_10_05_2015,0.5,0.725806452
SD:gp:mens-skinny-jeans/SD:gp:shorts-for-men,Dt_11_05_2015,0.888888889,0.714285714
SD:gp:mens-skinny-jeans/SD:gp:shorts-for-men,Dt_12_05_2015,0.727272727,0.741666667
SD:gp:mens-skinny-jeans/SD:gp:shorts-for-men,Dt_13_05_2015,0.444444444,0.728395062
SD:gp:mens-skinny-jeans/SD:gp:shorts-for-men,Dt_14_05_2015,0.5,0.72972973
SD:gp:mens-skinny-jeans/SD:gp:shorts-for-men,Dt_15_05_2015,0.529411765,0.648648649
SD:gp:mens-skinny-jeans/SD:gp:shorts-for-men,Dt_16_05_2015,0.583333333,0.582417582
SD:gp:mens-skinny-jeans/SD:gp:shorts-for-men,Dt_17_05_2015,0.545454545,0.682170543
SD:gp:mens-socks/SD:gp:boxer-briefs,Dt_24_03_2015,0.5,0.625
SD:gp:mens-socks/SD:gp:boxer-briefs,Dt_25_03_2015,0.642857143,1
SD:gp:mens-socks/SD:gp:boxer-briefs,Dt_26_03_2015,0.625,0.666666667
SD:gp:mens-socks/SD:gp:boxer-briefs,Dt_27_03_2015,0.285714286,0.75
SD:gp:mens-socks/SD:gp:boxer-briefs,Dt_28_03_2015,0.5,0.428571429
SD:gp:mens-socks/SD:gp:boxer-briefs,Dt_29_03_2015,0.428571429,0.857142857
SD:gp:mens-socks/SD:gp:boxer-briefs,Dt_30_03_2015,0.555555556,0.5
SD:gp:mens-socks/SD:gp:boxer-briefs,Dt_31_03_2015,0.384615385,0.625
SD:gp:mens-socks/SD:gp:boxer-briefs,Dt_01_04_2015,0.333333333,0.785714286
SD:gp:mens-socks/SD:gp:boxer-briefs,Dt_02_04_2015,0.6,0.727272727
SD:gp:mens-socks/SD:gp:boxer-briefs,Dt_03_04_2015,0.5,0.333333333
SD:gp:mens-socks/SD:gp:boxer-briefs,Dt_04_04_2015,0.625,0.5
SD:gp:mens-socks/SD:gp:boxer-briefs,Dt_05_04_2015,0.555555556,0.615384615
SD:gp:mens-socks/SD:gp:boxer-briefs,Dt_06_04_2015,0.666666667,0.8
SD:gp:mens-socks/SD:gp:boxer-briefs,Dt_07_04_2015,0.285714286,0.714285714
SD:gp:mens-socks/SD:gp:boxer-briefs,Dt_08_04_2015,0.5,0.444444444
SD:gp:mens-socks/SD:gp:boxer-briefs,Dt_09_04_2015,0.5,0.5
SD:gp:mens-socks/SD:gp:boxer-briefs,Dt_10_04_2015,0.571428571,0.555555556
SD:gp:mens-socks/SD:gp:boxer-briefs,Dt_11_04_2015,0.375,0.4
SD:gp:mens-socks/SD:gp:boxer-briefs,Dt_12_04_2015,0.733333333,0.75
SD:gp:mens-socks/SD:gp:boxer-briefs,Dt_13_04_2015,0.272727273,0.6
SD:gp:mens-socks/SD:gp:boxer-briefs,Dt_14_04_2015,0.6875,0.777777778
SD:gp:mens-socks/SD:gp:boxer-briefs,Dt_15_04_2015,0.333333333,0.5
SD:gp:mens-socks/SD:gp:boxer-briefs,Dt_16_04_2015,0.733333333,1
SD:gp:mens-socks/SD:gp:boxer-briefs,Dt_17_04_2015,0.833333333,0.8
SD:gp:mens-socks/SD:gp:boxer-briefs,Dt_18_04_2015,0.466666667,0.571428571
SD:gp:mens-socks/SD:gp:boxer-briefs,Dt_19_04_2015,0.588235294,0.666666667
SD:gp:mens-socks/SD:gp:boxer-briefs,Dt_20_04_2015,0.5,0.833333333
SD:gp:mens-socks/SD:gp:boxer-briefs,Dt_21_04_2015,0.333333333,0.6
SD:gp:mens-socks/SD:gp:boxer-briefs,Dt_22_04_2015,0.625,0.75
SD:gp:mens-socks/SD:gp:boxer-briefs,Dt_23_04_2015,0.538461538,0.285714286
SD:gp:mens-socks/SD:gp:boxer-briefs,Dt_24_04_2015,0,0.5
SD:gp:mens-socks/SD:gp:boxer-briefs,Dt_25_04_2015,0.666666667,0.818181818
SD:gp:mens-socks/SD:gp:boxer-briefs,Dt_26_04_2015,0.545454545,0.692307692
SD:gp:mens-socks/SD:gp:boxer-briefs,Dt_27_04_2015,0.666666667,0.714285714
SD:gp:mens-socks/SD:gp:boxer-briefs,Dt_28_04_2015,0.769230769,0.5
SD:gp:mens-socks/SD:gp:boxer-briefs,Dt_29_04_2015,0.416666667,0.777777778
SD:gp:mens-socks/SD:gp:boxer-briefs,Dt_30_04_2015,0.454545455,0.666666667
SD:gp:mens-socks/SD:gp:boxer-briefs,Dt_01_05_2015,0.461538462,0.571428571
SD:gp:mens-socks/SD:gp:boxer-briefs,Dt_02_05_2015,0.428571429,0.8
SD:gp:mens-socks/SD:gp:boxer-briefs,Dt_03_05_2015,0.3,0.888888889
SD:gp:mens-socks/SD:gp:boxer-briefs,Dt_04_05_2015,0.642857143,0.333333333
SD:gp:mens-socks/SD:gp:boxer-briefs,Dt_05_05_2015,0.428571429,0.833333333
SD:gp:mens-socks/SD:gp:boxer-briefs,Dt_06_05_2015,0.583333333,0.111111111
SD:gp:mens-socks/SD:gp:boxer-briefs,Dt_07_05_2015,0.583333333,0.733333333
SD:gp:mens-socks/SD:gp:boxer-briefs,Dt_08_05_2015,0.4,0.833333333
SD:gp:mens-socks/SD:gp:boxer-briefs,Dt_09_05_2015,0.181818182,0.7
SD:gp:mens-socks/SD:gp:boxer-briefs,Dt_10_05_2015,0.75,0.875
SD:gp:mens-socks/SD:gp:boxer-briefs,Dt_11_05_2015,0.5,0.375
SD:gp:mens-socks/SD:gp:boxer-briefs,Dt_12_05_2015,0.6,0.333333333
SD:gp:mens-socks/SD:gp:boxer-briefs,Dt_13_05_2015,0.416666667,0.666666667
SD:gp:mens-socks/SD:gp:boxer-briefs,Dt_14_05_2015,0.357142857,0.428571429
SD:gp:mens-socks/SD:gp:boxer-briefs,Dt_15_05_2015,0.444444444,0.571428571
SD:gp:mens-socks/SD:gp:boxer-briefs,Dt_16_05_2015,0.714285714,1
SD:gp:mens-socks/SD:gp:boxer-briefs,Dt_17_05_2015,0.625,0.888888889
SD:gp:mens-sweatshirts/SD:gp:mens-short-sleeve-shirts,Dt_24_03_2015,0.875,0.4
SD:gp:mens-sweatshirts/SD:gp:mens-short-sleeve-shirts,Dt_25_03_2015,0.8,1
SD:gp:mens-sweatshirts/SD:gp:mens-short-sleeve-shirts,Dt_26_03_2015,0.555555556,0
SD:gp:mens-sweatshirts/SD:gp:mens-short-sleeve-shirts,Dt_27_03_2015,0.4,0
SD:gp:mens-sweatshirts/SD:gp:mens-short-sleeve-shirts,Dt_28_03_2015,0.555555556,0.444444444
SD:gp:mens-sweatshirts/SD:gp:mens-short-sleeve-shirts,Dt_29_03_2015,0.666666667,0.454545455
SD:gp:mens-sweatshirts/SD:gp:mens-short-sleeve-shirts,Dt_30_03_2015,0.857142857,0.363636364
SD:gp:mens-sweatshirts/SD:gp:mens-short-sleeve-shirts,Dt_31_03_2015,0.636363636,0.4
SD:gp:mens-sweatshirts/SD:gp:mens-short-sleeve-shirts,Dt_01_04_2015,0.714285714,0.538461538
SD:gp:mens-sweatshirts/SD:gp:mens-short-sleeve-shirts,Dt_02_04_2015,1,0.307692308
SD:gp:mens-sweatshirts/SD:gp:mens-short-sleeve-shirts,Dt_03_04_2015,0.166666667,0.411764706
SD:gp:mens-sweatshirts/SD:gp:mens-short-sleeve-shirts,Dt_04_04_2015,0.714285714,0.294117647
SD:gp:mens-sweatshirts/SD:gp:mens-short-sleeve-shirts,Dt_05_04_2015,0.75,0.52173913
SD:gp:mens-sweatshirts/SD:gp:mens-short-sleeve-shirts,Dt_06_04_2015,0.7,0.722222222
SD:gp:mens-sweatshirts/SD:gp:mens-short-sleeve-shirts,Dt_07_04_2015,0.818181818,0.5
SD:gp:mens-sweatshirts/SD:gp:mens-short-sleeve-shirts,Dt_08_04_2015,1,0.25
SD:gp:mens-sweatshirts/SD:gp:mens-short-sleeve-shirts,Dt_09_04_2015,0.583333333,0.421052632
SD:gp:mens-sweatshirts/SD:gp:mens-short-sleeve-shirts,Dt_10_04_2015,0.5,0.411764706
SD:gp:mens-sweatshirts/SD:gp:mens-short-sleeve-shirts,Dt_11_04_2015,0.8,0.578947368
SD:gp:mens-sweatshirts/SD:gp:mens-short-sleeve-shirts,Dt_12_04_2015,0.692307692,0.642857143
SD:gp:mens-sweatshirts/SD:gp:mens-short-sleeve-shirts,Dt_13_04_2015,0.733333333,0.55
SD:gp:mens-sweatshirts/SD:gp:mens-short-sleeve-shirts,Dt_14_04_2015,0.538461538,0.578947368
SD:gp:mens-sweatshirts/SD:gp:mens-short-sleeve-shirts,Dt_15_04_2015,0.75,0.411764706
SD:gp:mens-sweatshirts/SD:gp:mens-short-sleeve-shirts,Dt_16_04_2015,0.8,0.5
SD:gp:mens-sweatshirts/SD:gp:mens-short-sleeve-shirts,Dt_17_04_2015,0,0.5625
SD:gp:mens-sweatshirts/SD:gp:mens-short-sleeve-shirts,Dt_18_04_2015,0.5625,0.5
SD:gp:mens-sweatshirts/SD:gp:mens-short-sleeve-shirts,Dt_19_04_2015,0.6875,0.65
SD:gp:mens-sweatshirts/SD:gp:mens-short-sleeve-shirts,Dt_20_04_2015,0.5,0.517241379
SD:gp:mens-sweatshirts/SD:gp:mens-short-sleeve-shirts,Dt_21_04_2015,0.666666667,0.428571429
SD:gp:mens-sweatshirts/SD:gp:mens-short-sleeve-shirts,Dt_22_04_2015,0.466666667,0.533333333
SD:gp:mens-sweatshirts/SD:gp:mens-short-sleeve-shirts,Dt_23_04_2015,0.692307692,0.466666667
SD:gp:mens-sweatshirts/SD:gp:mens-short-sleeve-shirts,Dt_24_04_2015,1,0.666666667
SD:gp:mens-sweatshirts/SD:gp:mens-short-sleeve-shirts,Dt_25_04_2015,0.529411765,0.5
SD:gp:mens-sweatshirts/SD:gp:mens-short-sleeve-shirts,Dt_26_04_2015,0.764705882,0.608695652
SD:gp:mens-sweatshirts/SD:gp:mens-short-sleeve-shirts,Dt_27_04_2015,0.5,0.695652174
SD:gp:mens-sweatshirts/SD:gp:mens-short-sleeve-shirts,Dt_28_04_2015,0.666666667,0.4375
SD:gp:mens-sweatshirts/SD:gp:mens-short-sleeve-shirts,Dt_29_04_2015,0.5,0.571428571
SD:gp:mens-sweatshirts/SD:gp:mens-short-sleeve-shirts,Dt_30_04_2015,0.75,0.818181818
SD:gp:mens-sweatshirts/SD:gp:mens-short-sleeve-shirts,Dt_01_05_2015,0.285714286,0.368421053
SD:gp:mens-sweatshirts/SD:gp:mens-short-sleeve-shirts,Dt_02_05_2015,0.857142857,0.363636364
SD:gp:mens-sweatshirts/SD:gp:mens-short-sleeve-shirts,Dt_03_05_2015,0.6,0.571428571
SD:gp:mens-sweatshirts/SD:gp:mens-short-sleeve-shirts,Dt_04_05_2015,0.416666667,0.5
SD:gp:mens-sweatshirts/SD:gp:mens-short-sleeve-shirts,Dt_05_05_2015,0.7,0.444444444
SD:gp:mens-sweatshirts/SD:gp:mens-short-sleeve-shirts,Dt_06_05_2015,0.642857143,0.538461538
SD:gp:mens-sweatshirts/SD:gp:mens-short-sleeve-shirts,Dt_07_05_2015,0.631578947,0.52173913
SD:gp:mens-sweatshirts/SD:gp:mens-short-sleeve-shirts,Dt_08_05_2015,0.9375,0.5
SD:gp:mens-sweatshirts/SD:gp:mens-short-sleeve-shirts,Dt_09_05_2015,0.666666667,0.391304348
SD:gp:mens-sweatshirts/SD:gp:mens-short-sleeve-shirts,Dt_10_05_2015,0.875,0.529411765
SD:gp:mens-sweatshirts/SD:gp:mens-short-sleeve-shirts,Dt_11_05_2015,0.95,0.411764706
SD:gp:mens-sweatshirts/SD:gp:mens-short-sleeve-shirts,Dt_12_05_2015,0.8,0.5
SD:gp:mens-sweatshirts/SD:gp:mens-short-sleeve-shirts,Dt_13_05_2015,0.625,0.347826087
SD:gp:mens-sweatshirts/SD:gp:mens-short-sleeve-shirts,Dt_14_05_2015,0.8125,0.636363636
SD:gp:mens-sweatshirts/SD:gp:mens-short-sleeve-shirts,Dt_15_05_2015,0.555555556,0.090909091
SD:gp:mens-sweatshirts/SD:gp:mens-short-sleeve-shirts,Dt_16_05_2015,0.583333333,0.428571429
SD:gp:mens-sweatshirts/SD:gp:mens-short-sleeve-shirts,Dt_17_05_2015,0.772727273,0.407407407
SD:gp:relaxed-fit-pants-for-men/SD:gp:straight-leg-pan,Dt_24_03_2015,0.5,0.444444444
SD:gp:relaxed-fit-pants-for-men/SD:gp:straight-leg-pan,Dt_25_03_2015,0.6,0.571428571
SD:gp:relaxed-fit-pants-for-men/SD:gp:straight-leg-pan,Dt_26_03_2015,0.428571429,0.571428571
SD:gp:relaxed-fit-pants-for-men/SD:gp:straight-leg-pan,Dt_27_03_2015,0.777777778,0.4
SD:gp:relaxed-fit-pants-for-men/SD:gp:straight-leg-pan,Dt_28_03_2015,0.571428571,0.666666667
SD:gp:relaxed-fit-pants-for-men/SD:gp:straight-leg-pan,Dt_29_03_2015,0.647058824,0.75
SD:gp:relaxed-fit-pants-for-men/SD:gp:straight-leg-pan,Dt_30_03_2015,0.5,0.615384615
SD:gp:relaxed-fit-pants-for-men/SD:gp:straight-leg-pan,Dt_31_03_2015,0.461538462,0.666666667
SD:gp:relaxed-fit-pants-for-men/SD:gp:straight-leg-pan,Dt_01_04_2015,0.666666667,0.6
SD:gp:relaxed-fit-pants-for-men/SD:gp:straight-leg-pan,Dt_02_04_2015,0.571428571,0.5
SD:gp:relaxed-fit-pants-for-men/SD:gp:straight-leg-pan,Dt_03_04_2015,0.692307692,0.5
SD:gp:relaxed-fit-pants-for-men/SD:gp:straight-leg-pan,Dt_04_04_2015,0.583333333,1
SD:gp:relaxed-fit-pants-for-men/SD:gp:straight-leg-pan,Dt_05_04_2015,0.461538462,0.428571429
SD:gp:relaxed-fit-pants-for-men/SD:gp:straight-leg-pan,Dt_06_04_2015,0.454545455,0.714285714
SD:gp:relaxed-fit-pants-for-men/SD:gp:straight-leg-pan,Dt_07_04_2015,0.444444444,1
SD:gp:relaxed-fit-pants-for-men/SD:gp:straight-leg-pan,Dt_08_04_2015,0.5,0.333333333
SD:gp:relaxed-fit-pants-for-men/SD:gp:straight-leg-pan,Dt_09_04_2015,0.5,0.6
SD:gp:relaxed-fit-pants-for-men/SD:gp:straight-leg-pan,Dt_10_04_2015,0.375,0.363636364
SD:gp:relaxed-fit-pants-for-men/SD:gp:straight-leg-pan,Dt_11_04_2015,0.25,0.666666667
SD:gp:relaxed-fit-pants-for-men/SD:gp:straight-leg-pan,Dt_12_04_2015,0.416666667,0.4
SD:gp:relaxed-fit-pants-for-men/SD:gp:straight-leg-pan,Dt_13_04_2015,0.9,0.777777778
SD:gp:relaxed-fit-pants-for-men/SD:gp:straight-leg-pan,Dt_14_04_2015,0.5,0.555555556
SD:gp:relaxed-fit-pants-for-men/SD:gp:straight-leg-pan,Dt_15_04_2015,0.545454545,0.692307692
SD:gp:relaxed-fit-pants-for-men/SD:gp:straight-leg-pan,Dt_16_04_2015,0.5,0.636363636
SD:gp:relaxed-fit-pants-for-men/SD:gp:straight-leg-pan,Dt_17_04_2015,0.666666667,0.555555556
SD:gp:relaxed-fit-pants-for-men/SD:gp:straight-leg-pan,Dt_18_04_2015,0.333333333,1
SD:gp:relaxed-fit-pants-for-men/SD:gp:straight-leg-pan,Dt_19_04_2015,0.454545455,0.666666667
SD:gp:relaxed-fit-pants-for-men/SD:gp:straight-leg-pan,Dt_20_04_2015,0.5,0.5
SD:gp:relaxed-fit-pants-for-men/SD:gp:straight-leg-pan,Dt_21_04_2015,0.285714286,0.75
SD:gp:relaxed-fit-pants-for-men/SD:gp:straight-leg-pan,Dt_22_04_2015,0.454545455,0.7
SD:gp:relaxed-fit-pants-for-men/SD:gp:straight-leg-pan,Dt_23_04_2015,0.3,0.571428571
SD:gp:relaxed-fit-pants-for-men/SD:gp:straight-leg-pan,Dt_24_04_2015,0.363636364,0.714285714
SD:gp:relaxed-fit-pants-for-men/SD:gp:straight-leg-pan,Dt_25_04_2015,0.466666667,0.625
SD:gp:relaxed-fit-pants-for-men/SD:gp:straight-leg-pan,Dt_26_04_2015,0.571428571,0.5
SD:gp:relaxed-fit-pants-for-men/SD:gp:straight-leg-pan,Dt_27_04_2015,0.461538462,0.833333333
SD:gp:relaxed-fit-pants-for-men/SD:gp:straight-leg-pan,Dt_28_04_2015,0.538461538,0
SD:gp:relaxed-fit-pants-for-men/SD:gp:straight-leg-pan,Dt_29_04_2015,0.722222222,0.75
SD:gp:relaxed-fit-pants-for-men/SD:gp:straight-leg-pan,Dt_30_04_2015,0.363636364,0.285714286
SD:gp:relaxed-fit-pants-for-men/SD:gp:straight-leg-pan,Dt_01_05_2015,0.555555556,1
SD:gp:relaxed-fit-pants-for-men/SD:gp:straight-leg-pan,Dt_02_05_2015,0.2,0.5
SD:gp:relaxed-fit-pants-for-men/SD:gp:straight-leg-pan,Dt_03_05_2015,0.666666667,0.666666667
SD:gp:relaxed-fit-pants-for-men/SD:gp:straight-leg-pan,Dt_04_05_2015,0.625,0.5
SD:gp:relaxed-fit-pants-for-men/SD:gp:straight-leg-pan,Dt_05_05_2015,0.538461538,0.444444444
SD:gp:relaxed-fit-pants-for-men/SD:gp:straight-leg-pan,Dt_06_05_2015,0.571428571,0.6
SD:gp:relaxed-fit-pants-for-men/SD:gp:straight-leg-pan,Dt_07_05_2015,0.545454545,0.444444444
SD:gp:relaxed-fit-pants-for-men/SD:gp:straight-leg-pan,Dt_08_05_2015,0.272727273,0.333333333
SD:gp:relaxed-fit-pants-for-men/SD:gp:straight-leg-pan,Dt_09_05_2015,0.555555556,0.333333333
SD:gp:relaxed-fit-pants-for-men/SD:gp:straight-leg-pan,Dt_10_05_2015,0.6,0.444444444
SD:gp:relaxed-fit-pants-for-men/SD:gp:straight-leg-pan,Dt_11_05_2015,0.666666667,0.5625
SD:gp:relaxed-fit-pants-for-men/SD:gp:straight-leg-pan,Dt_12_05_2015,0.727272727,0.75
SD:gp:relaxed-fit-pants-for-men/SD:gp:straight-leg-pan,Dt_13_05_2015,0.727272727,0.5
SD:gp:relaxed-fit-pants-for-men/SD:gp:straight-leg-pan,Dt_14_05_2015,0.571428571,0.428571429
SD:gp:relaxed-fit-pants-for-men/SD:gp:straight-leg-pan,Dt_15_05_2015,0.555555556,0.285714286
SD:gp:relaxed-fit-pants-for-men/SD:gp:straight-leg-pan,Dt_16_05_2015,0.692307692,0.5
SD:gp:relaxed-fit-pants-for-men/SD:gp:straight-leg-pan,Dt_17_05_2015,0.666666667,0.5
SD:gp:slim-jeans-for-men/SD:gp:mens-cargo-shorts,Dt_24_03_2015,0.733333333,0.4375
SD:gp:slim-jeans-for-men/SD:gp:mens-cargo-shorts,Dt_25_03_2015,0.7,0.5
SD:gp:slim-jeans-for-men/SD:gp:mens-cargo-shorts,Dt_26_03_2015,0.636363636,0.777777778
SD:gp:slim-jeans-for-men/SD:gp:mens-cargo-shorts,Dt_27_03_2015,0.714285714,0.5
SD:gp:slim-jeans-for-men/SD:gp:mens-cargo-shorts,Dt_28_03_2015,1,0.2
SD:gp:slim-jeans-for-men/SD:gp:mens-cargo-shorts,Dt_29_03_2015,0.705882353,0.888888889
SD:gp:slim-jeans-for-men/SD:gp:mens-cargo-shorts,Dt_30_03_2015,0.75,0.571428571
SD:gp:slim-jeans-for-men/SD:gp:mens-cargo-shorts,Dt_31_03_2015,0.8125,0.692307692
SD:gp:slim-jeans-for-men/SD:gp:mens-cargo-shorts,Dt_01_04_2015,0.818181818,0.583333333
SD:gp:slim-jeans-for-men/SD:gp:mens-cargo-shorts,Dt_02_04_2015,0.722222222,0.5
SD:gp:slim-jeans-for-men/SD:gp:mens-cargo-shorts,Dt_03_04_2015,0.705882353,0.428571429
SD:gp:slim-jeans-for-men/SD:gp:mens-cargo-shorts,Dt_04_04_2015,0.6875,0.583333333
SD:gp:slim-jeans-for-men/SD:gp:mens-cargo-shorts,Dt_05_04_2015,0.777777778,0.384615385
SD:gp:slim-jeans-for-men/SD:gp:mens-cargo-shorts,Dt_06_04_2015,0.7,0.333333333
SD:gp:slim-jeans-for-men/SD:gp:mens-cargo-shorts,Dt_07_04_2015,0.571428571,0.272727273
SD:gp:slim-jeans-for-men/SD:gp:mens-cargo-shorts,Dt_08_04_2015,0.636363636,0.571428571
SD:gp:slim-jeans-for-men/SD:gp:mens-cargo-shorts,Dt_09_04_2015,0.9,0.777777778
SD:gp:slim-jeans-for-men/SD:gp:mens-cargo-shorts,Dt_10_04_2015,0.692307692,0.571428571
SD:gp:slim-jeans-for-men/SD:gp:mens-cargo-shorts,Dt_11_04_2015,0.714285714,0.444444444
SD:gp:slim-jeans-for-men/SD:gp:mens-cargo-shorts,Dt_12_04_2015,0.583333333,0.473684211
SD:gp:slim-jeans-for-men/SD:gp:mens-cargo-shorts,Dt_13_04_2015,0.846153846,0.555555556
SD:gp:slim-jeans-for-men/SD:gp:mens-cargo-shorts,Dt_14_04_2015,0.631578947,0.461538462
SD:gp:slim-jeans-for-men/SD:gp:mens-cargo-shorts,Dt_15_04_2015,0.5,0.777777778
SD:gp:slim-jeans-for-men/SD:gp:mens-cargo-shorts,Dt_16_04_2015,0.6875,1
SD:gp:slim-jeans-for-men/SD:gp:mens-cargo-shorts,Dt_17_04_2015,0.6,0.5
SD:gp:slim-jeans-for-men/SD:gp:mens-cargo-shorts,Dt_18_04_2015,0.7,0.636363636
SD:gp:slim-jeans-for-men/SD:gp:mens-cargo-shorts,Dt_19_04_2015,0.8,0.722222222
SD:gp:slim-jeans-for-men/SD:gp:mens-cargo-shorts,Dt_20_04_2015,0.7,0.363636364
SD:gp:slim-jeans-for-men/SD:gp:mens-cargo-shorts,Dt_21_04_2015,0.615384615,0.636363636
SD:gp:slim-jeans-for-men/SD:gp:mens-cargo-shorts,Dt_22_04_2015,0.875,0.416666667
SD:gp:slim-jeans-for-men/SD:gp:mens-cargo-shorts,Dt_23_04_2015,0.75,0.333333333
SD:gp:slim-jeans-for-men/SD:gp:mens-cargo-shorts,Dt_24_04_2015,0.75,0.222222222
SD:gp:slim-jeans-for-men/SD:gp:mens-cargo-shorts,Dt_25_04_2015,0.523809524,0.625
SD:gp:slim-jeans-for-men/SD:gp:mens-cargo-shorts,Dt_26_04_2015,0.608695652,0.6
SD:gp:slim-jeans-for-men/SD:gp:mens-cargo-shorts,Dt_27_04_2015,0.56,0.461538462
SD:gp:slim-jeans-for-men/SD:gp:mens-cargo-shorts,Dt_28_04_2015,0.523809524,0.428571429
SD:gp:slim-jeans-for-men/SD:gp:mens-cargo-shorts,Dt_29_04_2015,0.714285714,0.333333333
SD:gp:slim-jeans-for-men/SD:gp:mens-cargo-shorts,Dt_30_04_2015,0.733333333,0.357142857
SD:gp:slim-jeans-for-men/SD:gp:mens-cargo-shorts,Dt_01_05_2015,0.823529412,0.6
SD:gp:slim-jeans-for-men/SD:gp:mens-cargo-shorts,Dt_02_05_2015,0.705882353,0.545454545
SD:gp:slim-jeans-for-men/SD:gp:mens-cargo-shorts,Dt_03_05_2015,0.5,0.470588235
SD:gp:slim-jeans-for-men/SD:gp:mens-cargo-shorts,Dt_04_05_2015,0.5625,0.523809524
SD:gp:slim-jeans-for-men/SD:gp:mens-cargo-shorts,Dt_05_05_2015,0.631578947,0.6
SD:gp:slim-jeans-for-men/SD:gp:mens-cargo-shorts,Dt_06_05_2015,0.7,0.538461538
SD:gp:slim-jeans-for-men/SD:gp:mens-cargo-shorts,Dt_07_05_2015,0.615384615,0.625
SD:gp:slim-jeans-for-men/SD:gp:mens-cargo-shorts,Dt_08_05_2015,0.75,0.384615385
SD:gp:slim-jeans-for-men/SD:gp:mens-cargo-shorts,Dt_09_05_2015,0.555555556,0.411764706
SD:gp:slim-jeans-for-men/SD:gp:mens-cargo-shorts,Dt_10_05_2015,0.789473684,0.733333333
SD:gp:slim-jeans-for-men/SD:gp:mens-cargo-shorts,Dt_11_05_2015,0.666666667,0.647058824
SD:gp:slim-jeans-for-men/SD:gp:mens-cargo-shorts,Dt_12_05_2015,0.833333333,0.736842105
SD:gp:slim-jeans-for-men/SD:gp:mens-cargo-shorts,Dt_13_05_2015,0.526315789,0.642857143
SD:gp:slim-jeans-for-men/SD:gp:mens-cargo-shorts,Dt_14_05_2015,0.625,0.5
SD:gp:slim-jeans-for-men/SD:gp:mens-cargo-shorts,Dt_15_05_2015,0.666666667,0.666666667
SD:gp:slim-jeans-for-men/SD:gp:mens-cargo-shorts,Dt_16_05_2015,0.692307692,0.5
SD:gp:slim-jeans-for-men/SD:gp:mens-cargo-shorts,Dt_17_05_2015,0.703703704,0.6
