Pair_page,Dt,Control,Test
SD:gp:discount-mens-shirts/SD:gp:mens-shirts-sale,Dt_24_03_2015,3,5
SD:gp:discount-mens-shirts/SD:gp:mens-shirts-sale,Dt_25_03_2015,0,5
SD:gp:discount-mens-shirts/SD:gp:mens-shirts-sale,Dt_26_03_2015,6,5
SD:gp:discount-mens-shirts/SD:gp:mens-shirts-sale,Dt_27_03_2015,0,5
SD:gp:discount-mens-shirts/SD:gp:mens-shirts-sale,Dt_28_03_2015,1,4
SD:gp:discount-mens-shirts/SD:gp:mens-shirts-sale,Dt_29_03_2015,2,2
SD:gp:discount-mens-shirts/SD:gp:mens-shirts-sale,Dt_30_03_2015,2,2
SD:gp:discount-mens-shirts/SD:gp:mens-shirts-sale,Dt_31_03_2015,1,2
SD:gp:discount-mens-shirts/SD:gp:mens-shirts-sale,Dt_01_04_2015,5,3
SD:gp:discount-mens-shirts/SD:gp:mens-shirts-sale,Dt_02_04_2015,1,4
SD:gp:discount-mens-shirts/SD:gp:mens-shirts-sale,Dt_03_04_2015,5,6
SD:gp:discount-mens-shirts/SD:gp:mens-shirts-sale,Dt_04_04_2015,1,3
SD:gp:discount-mens-shirts/SD:gp:mens-shirts-sale,Dt_05_04_2015,1,10
SD:gp:discount-mens-shirts/SD:gp:mens-shirts-sale,Dt_06_04_2015,0,4
SD:gp:discount-mens-shirts/SD:gp:mens-shirts-sale,Dt_07_04_2015,5,6
SD:gp:discount-mens-shirts/SD:gp:mens-shirts-sale,Dt_08_04_2015,1,5
SD:gp:discount-mens-shirts/SD:gp:mens-shirts-sale,Dt_09_04_2015,3,6
SD:gp:discount-mens-shirts/SD:gp:mens-shirts-sale,Dt_10_04_2015,1,7
SD:gp:discount-mens-shirts/SD:gp:mens-shirts-sale,Dt_11_04_2015,0,1
SD:gp:discount-mens-shirts/SD:gp:mens-shirts-sale,Dt_12_04_2015,1,8
SD:gp:discount-mens-shirts/SD:gp:mens-shirts-sale,Dt_13_04_2015,2,6
SD:gp:discount-mens-shirts/SD:gp:mens-shirts-sale,Dt_14_04_2015,0,12
SD:gp:discount-mens-shirts/SD:gp:mens-shirts-sale,Dt_15_04_2015,3,7
SD:gp:discount-mens-shirts/SD:gp:mens-shirts-sale,Dt_16_04_2015,0,21
SD:gp:discount-mens-shirts/SD:gp:mens-shirts-sale,Dt_17_04_2015,0,7
SD:gp:discount-mens-shirts/SD:gp:mens-shirts-sale,Dt_18_04_2015,0,3
SD:gp:discount-mens-shirts/SD:gp:mens-shirts-sale,Dt_19_04_2015,0,7
SD:gp:discount-mens-shirts/SD:gp:mens-shirts-sale,Dt_20_04_2015,0,8
SD:gp:discount-mens-shirts/SD:gp:mens-shirts-sale,Dt_21_04_2015,0,5
SD:gp:discount-mens-shirts/SD:gp:mens-shirts-sale,Dt_22_04_2015,0,8
SD:gp:discount-mens-shirts/SD:gp:mens-shirts-sale,Dt_23_04_2015,0,6
SD:gp:discount-mens-shirts/SD:gp:mens-shirts-sale,Dt_24_04_2015,0,2
SD:gp:discount-mens-shirts/SD:gp:mens-shirts-sale,Dt_25_04_2015,0,10
SD:gp:discount-mens-shirts/SD:gp:mens-shirts-sale,Dt_26_04_2015,0,6
SD:gp:discount-mens-shirts/SD:gp:mens-shirts-sale,Dt_27_04_2015,0,13
SD:gp:discount-mens-shirts/SD:gp:mens-shirts-sale,Dt_28_04_2015,0,13
SD:gp:discount-mens-shirts/SD:gp:mens-shirts-sale,Dt_29_04_2015,0,7
SD:gp:discount-mens-shirts/SD:gp:mens-shirts-sale,Dt_30_04_2015,0,9
SD:gp:discount-mens-shirts/SD:gp:mens-shirts-sale,Dt_01_05_2015,0,7
SD:gp:discount-mens-shirts/SD:gp:mens-shirts-sale,Dt_02_05_2015,0,5
SD:gp:discount-mens-shirts/SD:gp:mens-shirts-sale,Dt_03_05_2015,0,13
SD:gp:discount-mens-shirts/SD:gp:mens-shirts-sale,Dt_04_05_2015,0,6
SD:gp:discount-mens-shirts/SD:gp:mens-shirts-sale,Dt_05_05_2015,0,12
SD:gp:discount-mens-shirts/SD:gp:mens-shirts-sale,Dt_06_05_2015,0,8
SD:gp:discount-mens-shirts/SD:gp:mens-shirts-sale,Dt_07_05_2015,0,8
SD:gp:discount-mens-shirts/SD:gp:mens-shirts-sale,Dt_08_05_2015,0,12
SD:gp:discount-mens-shirts/SD:gp:mens-shirts-sale,Dt_09_05_2015,0,8
SD:gp:discount-mens-shirts/SD:gp:mens-shirts-sale,Dt_10_05_2015,0,11
SD:gp:discount-mens-shirts/SD:gp:mens-shirts-sale,Dt_11_05_2015,0,8
SD:gp:discount-mens-shirts/SD:gp:mens-shirts-sale,Dt_12_05_2015,0,11
SD:gp:discount-mens-shirts/SD:gp:mens-shirts-sale,Dt_13_05_2015,0,6
SD:gp:discount-mens-shirts/SD:gp:mens-shirts-sale,Dt_14_05_2015,0,9
SD:gp:discount-mens-shirts/SD:gp:mens-shirts-sale,Dt_15_05_2015,0,7
SD:gp:discount-mens-shirts/SD:gp:mens-shirts-sale,Dt_16_05_2015,0,13
SD:gp:discount-mens-shirts/SD:gp:mens-shirts-sale,Dt_17_05_2015,0,12
SD:gp:mens-boot-cut-jeans/SD:gp:mens-straight-leg-jean,Dt_24_03_2015,7,9
SD:gp:mens-boot-cut-jeans/SD:gp:mens-straight-leg-jean,Dt_25_03_2015,11,10
SD:gp:mens-boot-cut-jeans/SD:gp:mens-straight-leg-jean,Dt_26_03_2015,6,12
SD:gp:mens-boot-cut-jeans/SD:gp:mens-straight-leg-jean,Dt_27_03_2015,4,11
SD:gp:mens-boot-cut-jeans/SD:gp:mens-straight-leg-jean,Dt_28_03_2015,8,8
SD:gp:mens-boot-cut-jeans/SD:gp:mens-straight-leg-jean,Dt_29_03_2015,13,8
SD:gp:mens-boot-cut-jeans/SD:gp:mens-straight-leg-jean,Dt_30_03_2015,9,12
SD:gp:mens-boot-cut-jeans/SD:gp:mens-straight-leg-jean,Dt_31_03_2015,10,9
SD:gp:mens-boot-cut-jeans/SD:gp:mens-straight-leg-jean,Dt_01_04_2015,9,4
SD:gp:mens-boot-cut-jeans/SD:gp:mens-straight-leg-jean,Dt_02_04_2015,12,10
SD:gp:mens-boot-cut-jeans/SD:gp:mens-straight-leg-jean,Dt_03_04_2015,6,8
SD:gp:mens-boot-cut-jeans/SD:gp:mens-straight-leg-jean,Dt_04_04_2015,8,6
SD:gp:mens-boot-cut-jeans/SD:gp:mens-straight-leg-jean,Dt_05_04_2015,12,9
SD:gp:mens-boot-cut-jeans/SD:gp:mens-straight-leg-jean,Dt_06_04_2015,7,9
SD:gp:mens-boot-cut-jeans/SD:gp:mens-straight-leg-jean,Dt_07_04_2015,3,8
SD:gp:mens-boot-cut-jeans/SD:gp:mens-straight-leg-jean,Dt_08_04_2015,6,8
SD:gp:mens-boot-cut-jeans/SD:gp:mens-straight-leg-jean,Dt_09_04_2015,4,9
SD:gp:mens-boot-cut-jeans/SD:gp:mens-straight-leg-jean,Dt_10_04_2015,7,6
SD:gp:mens-boot-cut-jeans/SD:gp:mens-straight-leg-jean,Dt_11_04_2015,10,7
SD:gp:mens-boot-cut-jeans/SD:gp:mens-straight-leg-jean,Dt_12_04_2015,5,13
SD:gp:mens-boot-cut-jeans/SD:gp:mens-straight-leg-jean,Dt_13_04_2015,5,5
SD:gp:mens-boot-cut-jeans/SD:gp:mens-straight-leg-jean,Dt_14_04_2015,5,8
SD:gp:mens-boot-cut-jeans/SD:gp:mens-straight-leg-jean,Dt_15_04_2015,9,6
SD:gp:mens-boot-cut-jeans/SD:gp:mens-straight-leg-jean,Dt_16_04_2015,3,10
SD:gp:mens-boot-cut-jeans/SD:gp:mens-straight-leg-jean,Dt_17_04_2015,6,3
SD:gp:mens-boot-cut-jeans/SD:gp:mens-straight-leg-jean,Dt_18_04_2015,4,7
SD:gp:mens-boot-cut-jeans/SD:gp:mens-straight-leg-jean,Dt_19_04_2015,13,9
SD:gp:mens-boot-cut-jeans/SD:gp:mens-straight-leg-jean,Dt_20_04_2015,12,10
SD:gp:mens-boot-cut-jeans/SD:gp:mens-straight-leg-jean,Dt_21_04_2015,11,11
SD:gp:mens-boot-cut-jeans/SD:gp:mens-straight-leg-jean,Dt_22_04_2015,12,9
SD:gp:mens-boot-cut-jeans/SD:gp:mens-straight-leg-jean,Dt_23_04_2015,9,8
SD:gp:mens-boot-cut-jeans/SD:gp:mens-straight-leg-jean,Dt_24_04_2015,8,5
SD:gp:mens-boot-cut-jeans/SD:gp:mens-straight-leg-jean,Dt_25_04_2015,5,9
SD:gp:mens-boot-cut-jeans/SD:gp:mens-straight-leg-jean,Dt_26_04_2015,14,9
SD:gp:mens-boot-cut-jeans/SD:gp:mens-straight-leg-jean,Dt_27_04_2015,10,12
SD:gp:mens-boot-cut-jeans/SD:gp:mens-straight-leg-jean,Dt_28_04_2015,13,5
SD:gp:mens-boot-cut-jeans/SD:gp:mens-straight-leg-jean,Dt_29_04_2015,7,10
SD:gp:mens-boot-cut-jeans/SD:gp:mens-straight-leg-jean,Dt_30_04_2015,5,11
SD:gp:mens-boot-cut-jeans/SD:gp:mens-straight-leg-jean,Dt_01_05_2015,13,13
SD:gp:mens-boot-cut-jeans/SD:gp:mens-straight-leg-jean,Dt_02_05_2015,4,2
SD:gp:mens-boot-cut-jeans/SD:gp:mens-straight-leg-jean,Dt_03_05_2015,10,10
SD:gp:mens-boot-cut-jeans/SD:gp:mens-straight-leg-jean,Dt_04_05_2015,7,11
SD:gp:mens-boot-cut-jeans/SD:gp:mens-straight-leg-jean,Dt_05_05_2015,5,8
SD:gp:mens-boot-cut-jeans/SD:gp:mens-straight-leg-jean,Dt_06_05_2015,15,7
SD:gp:mens-boot-cut-jeans/SD:gp:mens-straight-leg-jean,Dt_07_05_2015,9,6
SD:gp:mens-boot-cut-jeans/SD:gp:mens-straight-leg-jean,Dt_08_05_2015,3,7
SD:gp:mens-boot-cut-jeans/SD:gp:mens-straight-leg-jean,Dt_09_05_2015,6,9
SD:gp:mens-boot-cut-jeans/SD:gp:mens-straight-leg-jean,Dt_10_05_2015,5,7
SD:gp:mens-boot-cut-jeans/SD:gp:mens-straight-leg-jean,Dt_11_05_2015,3,12
SD:gp:mens-boot-cut-jeans/SD:gp:mens-straight-leg-jean,Dt_12_05_2015,4,12
SD:gp:mens-boot-cut-jeans/SD:gp:mens-straight-leg-jean,Dt_13_05_2015,9,2
SD:gp:mens-boot-cut-jeans/SD:gp:mens-straight-leg-jean,Dt_14_05_2015,4,12
SD:gp:mens-boot-cut-jeans/SD:gp:mens-straight-leg-jean,Dt_15_05_2015,8,8
SD:gp:mens-boot-cut-jeans/SD:gp:mens-straight-leg-jean,Dt_16_05_2015,6,9
SD:gp:mens-boot-cut-jeans/SD:gp:mens-straight-leg-jean,Dt_17_05_2015,7,9
SD:gp:mens-crewneck-sweaters/SD:gp:mens-sweater-sale,Dt_24_03_2015,4,7
SD:gp:mens-crewneck-sweaters/SD:gp:mens-sweater-sale,Dt_25_03_2015,2,5
SD:gp:mens-crewneck-sweaters/SD:gp:mens-sweater-sale,Dt_26_03_2015,0,6
SD:gp:mens-crewneck-sweaters/SD:gp:mens-sweater-sale,Dt_27_03_2015,5,7
SD:gp:mens-crewneck-sweaters/SD:gp:mens-sweater-sale,Dt_28_03_2015,0,10
SD:gp:mens-crewneck-sweaters/SD:gp:mens-sweater-sale,Dt_29_03_2015,0,4
SD:gp:mens-crewneck-sweaters/SD:gp:mens-sweater-sale,Dt_30_03_2015,3,11
SD:gp:mens-crewneck-sweaters/SD:gp:mens-sweater-sale,Dt_31_03_2015,1,6
SD:gp:mens-crewneck-sweaters/SD:gp:mens-sweater-sale,Dt_01_04_2015,1,5
SD:gp:mens-crewneck-sweaters/SD:gp:mens-sweater-sale,Dt_02_04_2015,2,2
SD:gp:mens-crewneck-sweaters/SD:gp:mens-sweater-sale,Dt_03_04_2015,2,5
SD:gp:mens-crewneck-sweaters/SD:gp:mens-sweater-sale,Dt_04_04_2015,0,3
SD:gp:mens-crewneck-sweaters/SD:gp:mens-sweater-sale,Dt_05_04_2015,1,2
SD:gp:mens-crewneck-sweaters/SD:gp:mens-sweater-sale,Dt_06_04_2015,2,4
SD:gp:mens-crewneck-sweaters/SD:gp:mens-sweater-sale,Dt_07_04_2015,0,4
SD:gp:mens-crewneck-sweaters/SD:gp:mens-sweater-sale,Dt_08_04_2015,3,6
SD:gp:mens-crewneck-sweaters/SD:gp:mens-sweater-sale,Dt_09_04_2015,1,5
SD:gp:mens-crewneck-sweaters/SD:gp:mens-sweater-sale,Dt_10_04_2015,0,8
SD:gp:mens-crewneck-sweaters/SD:gp:mens-sweater-sale,Dt_11_04_2015,2,1
SD:gp:mens-crewneck-sweaters/SD:gp:mens-sweater-sale,Dt_12_04_2015,2,4
SD:gp:mens-crewneck-sweaters/SD:gp:mens-sweater-sale,Dt_13_04_2015,1,4
SD:gp:mens-crewneck-sweaters/SD:gp:mens-sweater-sale,Dt_14_04_2015,1,5
SD:gp:mens-crewneck-sweaters/SD:gp:mens-sweater-sale,Dt_15_04_2015,0,3
SD:gp:mens-crewneck-sweaters/SD:gp:mens-sweater-sale,Dt_16_04_2015,2,10
SD:gp:mens-crewneck-sweaters/SD:gp:mens-sweater-sale,Dt_17_04_2015,0,2
SD:gp:mens-crewneck-sweaters/SD:gp:mens-sweater-sale,Dt_18_04_2015,0,1
SD:gp:mens-crewneck-sweaters/SD:gp:mens-sweater-sale,Dt_19_04_2015,0,4
SD:gp:mens-crewneck-sweaters/SD:gp:mens-sweater-sale,Dt_20_04_2015,5,4
SD:gp:mens-crewneck-sweaters/SD:gp:mens-sweater-sale,Dt_21_04_2015,0,6
SD:gp:mens-crewneck-sweaters/SD:gp:mens-sweater-sale,Dt_22_04_2015,2,7
SD:gp:mens-crewneck-sweaters/SD:gp:mens-sweater-sale,Dt_23_04_2015,7,13
SD:gp:mens-crewneck-sweaters/SD:gp:mens-sweater-sale,Dt_24_04_2015,1,4
SD:gp:mens-crewneck-sweaters/SD:gp:mens-sweater-sale,Dt_25_04_2015,2,3
SD:gp:mens-crewneck-sweaters/SD:gp:mens-sweater-sale,Dt_26_04_2015,1,6
SD:gp:mens-crewneck-sweaters/SD:gp:mens-sweater-sale,Dt_27_04_2015,2,6
SD:gp:mens-crewneck-sweaters/SD:gp:mens-sweater-sale,Dt_28_04_2015,1,2
SD:gp:mens-crewneck-sweaters/SD:gp:mens-sweater-sale,Dt_29_04_2015,5,5
SD:gp:mens-crewneck-sweaters/SD:gp:mens-sweater-sale,Dt_30_04_2015,3,5
SD:gp:mens-crewneck-sweaters/SD:gp:mens-sweater-sale,Dt_01_05_2015,0,1
SD:gp:mens-crewneck-sweaters/SD:gp:mens-sweater-sale,Dt_02_05_2015,0,0
SD:gp:mens-crewneck-sweaters/SD:gp:mens-sweater-sale,Dt_03_05_2015,0,2
SD:gp:mens-crewneck-sweaters/SD:gp:mens-sweater-sale,Dt_04_05_2015,2,7
SD:gp:mens-crewneck-sweaters/SD:gp:mens-sweater-sale,Dt_05_05_2015,3,4
SD:gp:mens-crewneck-sweaters/SD:gp:mens-sweater-sale,Dt_06_05_2015,0,4
SD:gp:mens-crewneck-sweaters/SD:gp:mens-sweater-sale,Dt_07_05_2015,0,5
SD:gp:mens-crewneck-sweaters/SD:gp:mens-sweater-sale,Dt_08_05_2015,0,3
SD:gp:mens-crewneck-sweaters/SD:gp:mens-sweater-sale,Dt_09_05_2015,0,1
SD:gp:mens-crewneck-sweaters/SD:gp:mens-sweater-sale,Dt_10_05_2015,0,4
SD:gp:mens-crewneck-sweaters/SD:gp:mens-sweater-sale,Dt_11_05_2015,0,8
SD:gp:mens-crewneck-sweaters/SD:gp:mens-sweater-sale,Dt_12_05_2015,0,5
SD:gp:mens-crewneck-sweaters/SD:gp:mens-sweater-sale,Dt_13_05_2015,0,4
SD:gp:mens-crewneck-sweaters/SD:gp:mens-sweater-sale,Dt_14_05_2015,0,4
SD:gp:mens-crewneck-sweaters/SD:gp:mens-sweater-sale,Dt_15_05_2015,0,2
SD:gp:mens-crewneck-sweaters/SD:gp:mens-sweater-sale,Dt_16_05_2015,0,5
SD:gp:mens-crewneck-sweaters/SD:gp:mens-sweater-sale,Dt_17_05_2015,0,4
SD:gp:mens-pants/SD:gp:mens-t-shirts,Dt_24_03_2015,55,46
SD:gp:mens-pants/SD:gp:mens-t-shirts,Dt_25_03_2015,41,36
SD:gp:mens-pants/SD:gp:mens-t-shirts,Dt_26_03_2015,38,25
SD:gp:mens-pants/SD:gp:mens-t-shirts,Dt_27_03_2015,42,42
SD:gp:mens-pants/SD:gp:mens-t-shirts,Dt_28_03_2015,30,34
SD:gp:mens-pants/SD:gp:mens-t-shirts,Dt_29_03_2015,47,40
SD:gp:mens-pants/SD:gp:mens-t-shirts,Dt_30_03_2015,47,48
SD:gp:mens-pants/SD:gp:mens-t-shirts,Dt_31_03_2015,53,49
SD:gp:mens-pants/SD:gp:mens-t-shirts,Dt_01_04_2015,41,44
SD:gp:mens-pants/SD:gp:mens-t-shirts,Dt_02_04_2015,38,38
SD:gp:mens-pants/SD:gp:mens-t-shirts,Dt_03_04_2015,36,40
SD:gp:mens-pants/SD:gp:mens-t-shirts,Dt_04_04_2015,56,39
SD:gp:mens-pants/SD:gp:mens-t-shirts,Dt_05_04_2015,50,41
SD:gp:mens-pants/SD:gp:mens-t-shirts,Dt_06_04_2015,50,37
SD:gp:mens-pants/SD:gp:mens-t-shirts,Dt_07_04_2015,53,41
SD:gp:mens-pants/SD:gp:mens-t-shirts,Dt_08_04_2015,45,51
SD:gp:mens-pants/SD:gp:mens-t-shirts,Dt_09_04_2015,42,38
SD:gp:mens-pants/SD:gp:mens-t-shirts,Dt_10_04_2015,36,45
SD:gp:mens-pants/SD:gp:mens-t-shirts,Dt_11_04_2015,48,40
SD:gp:mens-pants/SD:gp:mens-t-shirts,Dt_12_04_2015,49,58
SD:gp:mens-pants/SD:gp:mens-t-shirts,Dt_13_04_2015,46,42
SD:gp:mens-pants/SD:gp:mens-t-shirts,Dt_14_04_2015,45,53
SD:gp:mens-pants/SD:gp:mens-t-shirts,Dt_15_04_2015,44,56
SD:gp:mens-pants/SD:gp:mens-t-shirts,Dt_16_04_2015,36,52
SD:gp:mens-pants/SD:gp:mens-t-shirts,Dt_17_04_2015,35,27
SD:gp:mens-pants/SD:gp:mens-t-shirts,Dt_18_04_2015,44,45
SD:gp:mens-pants/SD:gp:mens-t-shirts,Dt_19_04_2015,52,58
SD:gp:mens-pants/SD:gp:mens-t-shirts,Dt_20_04_2015,47,65
SD:gp:mens-pants/SD:gp:mens-t-shirts,Dt_21_04_2015,57,48
SD:gp:mens-pants/SD:gp:mens-t-shirts,Dt_22_04_2015,54,52
SD:gp:mens-pants/SD:gp:mens-t-shirts,Dt_23_04_2015,47,35
SD:gp:mens-pants/SD:gp:mens-t-shirts,Dt_24_04_2015,38,49
SD:gp:mens-pants/SD:gp:mens-t-shirts,Dt_25_04_2015,57,41
SD:gp:mens-pants/SD:gp:mens-t-shirts,Dt_26_04_2015,46,44
SD:gp:mens-pants/SD:gp:mens-t-shirts,Dt_27_04_2015,56,59
SD:gp:mens-pants/SD:gp:mens-t-shirts,Dt_28_04_2015,41,51
SD:gp:mens-pants/SD:gp:mens-t-shirts,Dt_29_04_2015,42,49
SD:gp:mens-pants/SD:gp:mens-t-shirts,Dt_30_04_2015,54,41
SD:gp:mens-pants/SD:gp:mens-t-shirts,Dt_01_05_2015,51,35
SD:gp:mens-pants/SD:gp:mens-t-shirts,Dt_02_05_2015,41,34
SD:gp:mens-pants/SD:gp:mens-t-shirts,Dt_03_05_2015,52,49
SD:gp:mens-pants/SD:gp:mens-t-shirts,Dt_04_05_2015,50,37
SD:gp:mens-pants/SD:gp:mens-t-shirts,Dt_05_05_2015,40,49
SD:gp:mens-pants/SD:gp:mens-t-shirts,Dt_06_05_2015,49,55
SD:gp:mens-pants/SD:gp:mens-t-shirts,Dt_07_05_2015,48,64
SD:gp:mens-pants/SD:gp:mens-t-shirts,Dt_08_05_2015,47,54
SD:gp:mens-pants/SD:gp:mens-t-shirts,Dt_09_05_2015,33,42
SD:gp:mens-pants/SD:gp:mens-t-shirts,Dt_10_05_2015,62,61
SD:gp:mens-pants/SD:gp:mens-t-shirts,Dt_11_05_2015,62,52
SD:gp:mens-pants/SD:gp:mens-t-shirts,Dt_12_05_2015,54,55
SD:gp:mens-pants/SD:gp:mens-t-shirts,Dt_13_05_2015,45,57
SD:gp:mens-pants/SD:gp:mens-t-shirts,Dt_14_05_2015,49,64
SD:gp:mens-pants/SD:gp:mens-t-shirts,Dt_15_05_2015,42,50
SD:gp:mens-pants/SD:gp:mens-t-shirts,Dt_16_05_2015,45,36
SD:gp:mens-pants/SD:gp:mens-t-shirts,Dt_17_05_2015,55,59
SD:gp:mens-pique-polo-shirts/SD:gp:mens-briefs,Dt_24_03_2015,5,1
SD:gp:mens-pique-polo-shirts/SD:gp:mens-briefs,Dt_25_03_2015,3,0
SD:gp:mens-pique-polo-shirts/SD:gp:mens-briefs,Dt_26_03_2015,2,0
SD:gp:mens-pique-polo-shirts/SD:gp:mens-briefs,Dt_27_03_2015,4,2
SD:gp:mens-pique-polo-shirts/SD:gp:mens-briefs,Dt_28_03_2015,1,1
SD:gp:mens-pique-polo-shirts/SD:gp:mens-briefs,Dt_29_03_2015,3,1
SD:gp:mens-pique-polo-shirts/SD:gp:mens-briefs,Dt_30_03_2015,7,2
SD:gp:mens-pique-polo-shirts/SD:gp:mens-briefs,Dt_31_03_2015,2,3
SD:gp:mens-pique-polo-shirts/SD:gp:mens-briefs,Dt_01_04_2015,3,0
SD:gp:mens-pique-polo-shirts/SD:gp:mens-briefs,Dt_02_04_2015,3,2
SD:gp:mens-pique-polo-shirts/SD:gp:mens-briefs,Dt_03_04_2015,3,0
SD:gp:mens-pique-polo-shirts/SD:gp:mens-briefs,Dt_04_04_2015,1,1
SD:gp:mens-pique-polo-shirts/SD:gp:mens-briefs,Dt_05_04_2015,5,1
SD:gp:mens-pique-polo-shirts/SD:gp:mens-briefs,Dt_06_04_2015,6,3
SD:gp:mens-pique-polo-shirts/SD:gp:mens-briefs,Dt_07_04_2015,3,3
SD:gp:mens-pique-polo-shirts/SD:gp:mens-briefs,Dt_08_04_2015,9,0
SD:gp:mens-pique-polo-shirts/SD:gp:mens-briefs,Dt_09_04_2015,5,2
SD:gp:mens-pique-polo-shirts/SD:gp:mens-briefs,Dt_10_04_2015,8,0
SD:gp:mens-pique-polo-shirts/SD:gp:mens-briefs,Dt_11_04_2015,3,2
SD:gp:mens-pique-polo-shirts/SD:gp:mens-briefs,Dt_12_04_2015,2,1
SD:gp:mens-pique-polo-shirts/SD:gp:mens-briefs,Dt_13_04_2015,2,0
SD:gp:mens-pique-polo-shirts/SD:gp:mens-briefs,Dt_14_04_2015,4,3
SD:gp:mens-pique-polo-shirts/SD:gp:mens-briefs,Dt_15_04_2015,2,2
SD:gp:mens-pique-polo-shirts/SD:gp:mens-briefs,Dt_16_04_2015,4,3
SD:gp:mens-pique-polo-shirts/SD:gp:mens-briefs,Dt_17_04_2015,1,0
SD:gp:mens-pique-polo-shirts/SD:gp:mens-briefs,Dt_18_04_2015,3,0
SD:gp:mens-pique-polo-shirts/SD:gp:mens-briefs,Dt_19_04_2015,4,2
SD:gp:mens-pique-polo-shirts/SD:gp:mens-briefs,Dt_20_04_2015,9,3
SD:gp:mens-pique-polo-shirts/SD:gp:mens-briefs,Dt_21_04_2015,5,0
SD:gp:mens-pique-polo-shirts/SD:gp:mens-briefs,Dt_22_04_2015,3,4
SD:gp:mens-pique-polo-shirts/SD:gp:mens-briefs,Dt_23_04_2015,2,0
SD:gp:mens-pique-polo-shirts/SD:gp:mens-briefs,Dt_24_04_2015,6,1
SD:gp:mens-pique-polo-shirts/SD:gp:mens-briefs,Dt_25_04_2015,7,1
SD:gp:mens-pique-polo-shirts/SD:gp:mens-briefs,Dt_26_04_2015,2,6
SD:gp:mens-pique-polo-shirts/SD:gp:mens-briefs,Dt_27_04_2015,4,0
SD:gp:mens-pique-polo-shirts/SD:gp:mens-briefs,Dt_28_04_2015,4,5
SD:gp:mens-pique-polo-shirts/SD:gp:mens-briefs,Dt_29_04_2015,5,2
SD:gp:mens-pique-polo-shirts/SD:gp:mens-briefs,Dt_30_04_2015,3,2
SD:gp:mens-pique-polo-shirts/SD:gp:mens-briefs,Dt_01_05_2015,6,0
SD:gp:mens-pique-polo-shirts/SD:gp:mens-briefs,Dt_02_05_2015,1,1
SD:gp:mens-pique-polo-shirts/SD:gp:mens-briefs,Dt_03_05_2015,3,2
SD:gp:mens-pique-polo-shirts/SD:gp:mens-briefs,Dt_04_05_2015,6,1
SD:gp:mens-pique-polo-shirts/SD:gp:mens-briefs,Dt_05_05_2015,4,3
SD:gp:mens-pique-polo-shirts/SD:gp:mens-briefs,Dt_06_05_2015,0,1
SD:gp:mens-pique-polo-shirts/SD:gp:mens-briefs,Dt_07_05_2015,0,1
SD:gp:mens-pique-polo-shirts/SD:gp:mens-briefs,Dt_08_05_2015,0,1
SD:gp:mens-pique-polo-shirts/SD:gp:mens-briefs,Dt_09_05_2015,0,3
SD:gp:mens-pique-polo-shirts/SD:gp:mens-briefs,Dt_10_05_2015,0,1
SD:gp:mens-pique-polo-shirts/SD:gp:mens-briefs,Dt_11_05_2015,0,0
SD:gp:mens-pique-polo-shirts/SD:gp:mens-briefs,Dt_12_05_2015,0,2
SD:gp:mens-pique-polo-shirts/SD:gp:mens-briefs,Dt_13_05_2015,0,1
SD:gp:mens-pique-polo-shirts/SD:gp:mens-briefs,Dt_14_05_2015,0,1
SD:gp:mens-pique-polo-shirts/SD:gp:mens-briefs,Dt_15_05_2015,0,0
SD:gp:mens-pique-polo-shirts/SD:gp:mens-briefs,Dt_16_05_2015,0,1
SD:gp:mens-pique-polo-shirts/SD:gp:mens-briefs,Dt_17_05_2015,0,3
SD:gp:mens-polo-shirts/SD:gp:slim-khakis-men-C80811,Dt_24_03_2015,14,37
SD:gp:mens-polo-shirts/SD:gp:slim-khakis-men-C80811,Dt_25_03_2015,18,25
SD:gp:mens-polo-shirts/SD:gp:slim-khakis-men-C80811,Dt_26_03_2015,18,27
SD:gp:mens-polo-shirts/SD:gp:slim-khakis-men-C80811,Dt_27_03_2015,13,15
SD:gp:mens-polo-shirts/SD:gp:slim-khakis-men-C80811,Dt_28_03_2015,24,27
SD:gp:mens-polo-shirts/SD:gp:slim-khakis-men-C80811,Dt_29_03_2015,18,39
SD:gp:mens-polo-shirts/SD:gp:slim-khakis-men-C80811,Dt_30_03_2015,25,39
SD:gp:mens-polo-shirts/SD:gp:slim-khakis-men-C80811,Dt_31_03_2015,14,29
SD:gp:mens-polo-shirts/SD:gp:slim-khakis-men-C80811,Dt_01_04_2015,18,29
SD:gp:mens-polo-shirts/SD:gp:slim-khakis-men-C80811,Dt_02_04_2015,26,12
SD:gp:mens-polo-shirts/SD:gp:slim-khakis-men-C80811,Dt_03_04_2015,14,20
SD:gp:mens-polo-shirts/SD:gp:slim-khakis-men-C80811,Dt_04_04_2015,15,28
SD:gp:mens-polo-shirts/SD:gp:slim-khakis-men-C80811,Dt_05_04_2015,12,26
SD:gp:mens-polo-shirts/SD:gp:slim-khakis-men-C80811,Dt_06_04_2015,20,29
SD:gp:mens-polo-shirts/SD:gp:slim-khakis-men-C80811,Dt_07_04_2015,24,33
SD:gp:mens-polo-shirts/SD:gp:slim-khakis-men-C80811,Dt_08_04_2015,25,19
SD:gp:mens-polo-shirts/SD:gp:slim-khakis-men-C80811,Dt_09_04_2015,29,20
SD:gp:mens-polo-shirts/SD:gp:slim-khakis-men-C80811,Dt_10_04_2015,28,16
SD:gp:mens-polo-shirts/SD:gp:slim-khakis-men-C80811,Dt_11_04_2015,25,14
SD:gp:mens-polo-shirts/SD:gp:slim-khakis-men-C80811,Dt_12_04_2015,15,27
SD:gp:mens-polo-shirts/SD:gp:slim-khakis-men-C80811,Dt_13_04_2015,17,29
SD:gp:mens-polo-shirts/SD:gp:slim-khakis-men-C80811,Dt_14_04_2015,22,23
SD:gp:mens-polo-shirts/SD:gp:slim-khakis-men-C80811,Dt_15_04_2015,27,22
SD:gp:mens-polo-shirts/SD:gp:slim-khakis-men-C80811,Dt_16_04_2015,24,20
SD:gp:mens-polo-shirts/SD:gp:slim-khakis-men-C80811,Dt_17_04_2015,10,10
SD:gp:mens-polo-shirts/SD:gp:slim-khakis-men-C80811,Dt_18_04_2015,13,18
SD:gp:mens-polo-shirts/SD:gp:slim-khakis-men-C80811,Dt_19_04_2015,34,18
SD:gp:mens-polo-shirts/SD:gp:slim-khakis-men-C80811,Dt_20_04_2015,33,25
SD:gp:mens-polo-shirts/SD:gp:slim-khakis-men-C80811,Dt_21_04_2015,22,25
SD:gp:mens-polo-shirts/SD:gp:slim-khakis-men-C80811,Dt_22_04_2015,25,20
SD:gp:mens-polo-shirts/SD:gp:slim-khakis-men-C80811,Dt_23_04_2015,18,12
SD:gp:mens-polo-shirts/SD:gp:slim-khakis-men-C80811,Dt_24_04_2015,27,12
SD:gp:mens-polo-shirts/SD:gp:slim-khakis-men-C80811,Dt_25_04_2015,24,20
SD:gp:mens-polo-shirts/SD:gp:slim-khakis-men-C80811,Dt_26_04_2015,20,33
SD:gp:mens-polo-shirts/SD:gp:slim-khakis-men-C80811,Dt_27_04_2015,33,27
SD:gp:mens-polo-shirts/SD:gp:slim-khakis-men-C80811,Dt_28_04_2015,20,17
SD:gp:mens-polo-shirts/SD:gp:slim-khakis-men-C80811,Dt_29_04_2015,18,29
SD:gp:mens-polo-shirts/SD:gp:slim-khakis-men-C80811,Dt_30_04_2015,20,19
SD:gp:mens-polo-shirts/SD:gp:slim-khakis-men-C80811,Dt_01_05_2015,20,15
SD:gp:mens-polo-shirts/SD:gp:slim-khakis-men-C80811,Dt_02_05_2015,16,15
SD:gp:mens-polo-shirts/SD:gp:slim-khakis-men-C80811,Dt_03_05_2015,17,17
SD:gp:mens-polo-shirts/SD:gp:slim-khakis-men-C80811,Dt_04_05_2015,19,21
SD:gp:mens-polo-shirts/SD:gp:slim-khakis-men-C80811,Dt_05_05_2015,30,23
SD:gp:mens-polo-shirts/SD:gp:slim-khakis-men-C80811,Dt_06_05_2015,29,23
SD:gp:mens-polo-shirts/SD:gp:slim-khakis-men-C80811,Dt_07_05_2015,35,17
SD:gp:mens-polo-shirts/SD:gp:slim-khakis-men-C80811,Dt_08_05_2015,23,9
SD:gp:mens-polo-shirts/SD:gp:slim-khakis-men-C80811,Dt_09_05_2015,33,14
SD:gp:mens-polo-shirts/SD:gp:slim-khakis-men-C80811,Dt_10_05_2015,25,28
SD:gp:mens-polo-shirts/SD:gp:slim-khakis-men-C80811,Dt_11_05_2015,39,34
SD:gp:mens-polo-shirts/SD:gp:slim-khakis-men-C80811,Dt_12_05_2015,45,18
SD:gp:mens-polo-shirts/SD:gp:slim-khakis-men-C80811,Dt_13_05_2015,35,21
SD:gp:mens-polo-shirts/SD:gp:slim-khakis-men-C80811,Dt_14_05_2015,34,21
SD:gp:mens-polo-shirts/SD:gp:slim-khakis-men-C80811,Dt_15_05_2015,27,12
SD:gp:mens-polo-shirts/SD:gp:slim-khakis-men-C80811,Dt_16_05_2015,33,19
SD:gp:mens-polo-shirts/SD:gp:slim-khakis-men-C80811,Dt_17_05_2015,48,22
SD:gp:mens-skinny-jeans/SD:gp:shorts-for-men,Dt_24_03_2015,8,28
SD:gp:mens-skinny-jeans/SD:gp:shorts-for-men,Dt_25_03_2015,7,39
SD:gp:mens-skinny-jeans/SD:gp:shorts-for-men,Dt_26_03_2015,2,37
SD:gp:mens-skinny-jeans/SD:gp:shorts-for-men,Dt_27_03_2015,9,21
SD:gp:mens-skinny-jeans/SD:gp:shorts-for-men,Dt_28_03_2015,5,29
SD:gp:mens-skinny-jeans/SD:gp:shorts-for-men,Dt_29_03_2015,5,38
SD:gp:mens-skinny-jeans/SD:gp:shorts-for-men,Dt_30_03_2015,9,21
SD:gp:mens-skinny-jeans/SD:gp:shorts-for-men,Dt_31_03_2015,4,18
SD:gp:mens-skinny-jeans/SD:gp:shorts-for-men,Dt_01_04_2015,7,26
SD:gp:mens-skinny-jeans/SD:gp:shorts-for-men,Dt_02_04_2015,9,24
SD:gp:mens-skinny-jeans/SD:gp:shorts-for-men,Dt_03_04_2015,4,22
SD:gp:mens-skinny-jeans/SD:gp:shorts-for-men,Dt_04_04_2015,11,34
SD:gp:mens-skinny-jeans/SD:gp:shorts-for-men,Dt_05_04_2015,6,35
SD:gp:mens-skinny-jeans/SD:gp:shorts-for-men,Dt_06_04_2015,5,29
SD:gp:mens-skinny-jeans/SD:gp:shorts-for-men,Dt_07_04_2015,4,35
SD:gp:mens-skinny-jeans/SD:gp:shorts-for-men,Dt_08_04_2015,6,18
SD:gp:mens-skinny-jeans/SD:gp:shorts-for-men,Dt_09_04_2015,9,26
SD:gp:mens-skinny-jeans/SD:gp:shorts-for-men,Dt_10_04_2015,12,18
SD:gp:mens-skinny-jeans/SD:gp:shorts-for-men,Dt_11_04_2015,11,28
SD:gp:mens-skinny-jeans/SD:gp:shorts-for-men,Dt_12_04_2015,7,38
SD:gp:mens-skinny-jeans/SD:gp:shorts-for-men,Dt_13_04_2015,11,41
SD:gp:mens-skinny-jeans/SD:gp:shorts-for-men,Dt_14_04_2015,14,37
SD:gp:mens-skinny-jeans/SD:gp:shorts-for-men,Dt_15_04_2015,5,44
SD:gp:mens-skinny-jeans/SD:gp:shorts-for-men,Dt_16_04_2015,8,41
SD:gp:mens-skinny-jeans/SD:gp:shorts-for-men,Dt_17_04_2015,3,25
SD:gp:mens-skinny-jeans/SD:gp:shorts-for-men,Dt_18_04_2015,7,51
SD:gp:mens-skinny-jeans/SD:gp:shorts-for-men,Dt_19_04_2015,5,74
SD:gp:mens-skinny-jeans/SD:gp:shorts-for-men,Dt_20_04_2015,8,70
SD:gp:mens-skinny-jeans/SD:gp:shorts-for-men,Dt_21_04_2015,8,43
SD:gp:mens-skinny-jeans/SD:gp:shorts-for-men,Dt_22_04_2015,10,41
SD:gp:mens-skinny-jeans/SD:gp:shorts-for-men,Dt_23_04_2015,10,37
SD:gp:mens-skinny-jeans/SD:gp:shorts-for-men,Dt_24_04_2015,7,25
SD:gp:mens-skinny-jeans/SD:gp:shorts-for-men,Dt_25_04_2015,6,28
SD:gp:mens-skinny-jeans/SD:gp:shorts-for-men,Dt_26_04_2015,7,58
SD:gp:mens-skinny-jeans/SD:gp:shorts-for-men,Dt_27_04_2015,8,51
SD:gp:mens-skinny-jeans/SD:gp:shorts-for-men,Dt_28_04_2015,16,41
SD:gp:mens-skinny-jeans/SD:gp:shorts-for-men,Dt_29_04_2015,12,56
SD:gp:mens-skinny-jeans/SD:gp:shorts-for-men,Dt_30_04_2015,4,40
SD:gp:mens-skinny-jeans/SD:gp:shorts-for-men,Dt_01_05_2015,12,44
SD:gp:mens-skinny-jeans/SD:gp:shorts-for-men,Dt_02_05_2015,7,33
SD:gp:mens-skinny-jeans/SD:gp:shorts-for-men,Dt_03_05_2015,8,64
SD:gp:mens-skinny-jeans/SD:gp:shorts-for-men,Dt_04_05_2015,13,53
SD:gp:mens-skinny-jeans/SD:gp:shorts-for-men,Dt_05_05_2015,11,57
SD:gp:mens-skinny-jeans/SD:gp:shorts-for-men,Dt_06_05_2015,7,48
SD:gp:mens-skinny-jeans/SD:gp:shorts-for-men,Dt_07_05_2015,5,52
SD:gp:mens-skinny-jeans/SD:gp:shorts-for-men,Dt_08_05_2015,8,62
SD:gp:mens-skinny-jeans/SD:gp:shorts-for-men,Dt_09_05_2015,5,56
SD:gp:mens-skinny-jeans/SD:gp:shorts-for-men,Dt_10_05_2015,7,90
SD:gp:mens-skinny-jeans/SD:gp:shorts-for-men,Dt_11_05_2015,8,90
SD:gp:mens-skinny-jeans/SD:gp:shorts-for-men,Dt_12_05_2015,8,89
SD:gp:mens-skinny-jeans/SD:gp:shorts-for-men,Dt_13_05_2015,4,59
SD:gp:mens-skinny-jeans/SD:gp:shorts-for-men,Dt_14_05_2015,4,54
SD:gp:mens-skinny-jeans/SD:gp:shorts-for-men,Dt_15_05_2015,9,48
SD:gp:mens-skinny-jeans/SD:gp:shorts-for-men,Dt_16_05_2015,7,53
SD:gp:mens-skinny-jeans/SD:gp:shorts-for-men,Dt_17_05_2015,6,88
SD:gp:mens-socks/SD:gp:boxer-briefs,Dt_24_03_2015,7,5
SD:gp:mens-socks/SD:gp:boxer-briefs,Dt_25_03_2015,9,2
SD:gp:mens-socks/SD:gp:boxer-briefs,Dt_26_03_2015,5,2
SD:gp:mens-socks/SD:gp:boxer-briefs,Dt_27_03_2015,2,3
SD:gp:mens-socks/SD:gp:boxer-briefs,Dt_28_03_2015,4,3
SD:gp:mens-socks/SD:gp:boxer-briefs,Dt_29_03_2015,3,6
SD:gp:mens-socks/SD:gp:boxer-briefs,Dt_30_03_2015,5,3
SD:gp:mens-socks/SD:gp:boxer-briefs,Dt_31_03_2015,5,5
SD:gp:mens-socks/SD:gp:boxer-briefs,Dt_01_04_2015,2,11
SD:gp:mens-socks/SD:gp:boxer-briefs,Dt_02_04_2015,6,8
SD:gp:mens-socks/SD:gp:boxer-briefs,Dt_03_04_2015,6,3
SD:gp:mens-socks/SD:gp:boxer-briefs,Dt_04_04_2015,5,5
SD:gp:mens-socks/SD:gp:boxer-briefs,Dt_05_04_2015,5,8
SD:gp:mens-socks/SD:gp:boxer-briefs,Dt_06_04_2015,6,8
SD:gp:mens-socks/SD:gp:boxer-briefs,Dt_07_04_2015,2,5
SD:gp:mens-socks/SD:gp:boxer-briefs,Dt_08_04_2015,5,4
SD:gp:mens-socks/SD:gp:boxer-briefs,Dt_09_04_2015,6,4
SD:gp:mens-socks/SD:gp:boxer-briefs,Dt_10_04_2015,4,5
SD:gp:mens-socks/SD:gp:boxer-briefs,Dt_11_04_2015,3,2
SD:gp:mens-socks/SD:gp:boxer-briefs,Dt_12_04_2015,11,6
SD:gp:mens-socks/SD:gp:boxer-briefs,Dt_13_04_2015,3,6
SD:gp:mens-socks/SD:gp:boxer-briefs,Dt_14_04_2015,11,7
SD:gp:mens-socks/SD:gp:boxer-briefs,Dt_15_04_2015,5,6
SD:gp:mens-socks/SD:gp:boxer-briefs,Dt_16_04_2015,11,5
SD:gp:mens-socks/SD:gp:boxer-briefs,Dt_17_04_2015,5,4
SD:gp:mens-socks/SD:gp:boxer-briefs,Dt_18_04_2015,7,4
SD:gp:mens-socks/SD:gp:boxer-briefs,Dt_19_04_2015,10,6
SD:gp:mens-socks/SD:gp:boxer-briefs,Dt_20_04_2015,4,5
SD:gp:mens-socks/SD:gp:boxer-briefs,Dt_21_04_2015,4,6
SD:gp:mens-socks/SD:gp:boxer-briefs,Dt_22_04_2015,5,3
SD:gp:mens-socks/SD:gp:boxer-briefs,Dt_23_04_2015,7,2
SD:gp:mens-socks/SD:gp:boxer-briefs,Dt_24_04_2015,0,2
SD:gp:mens-socks/SD:gp:boxer-briefs,Dt_25_04_2015,4,9
SD:gp:mens-socks/SD:gp:boxer-briefs,Dt_26_04_2015,6,9
SD:gp:mens-socks/SD:gp:boxer-briefs,Dt_27_04_2015,6,5
SD:gp:mens-socks/SD:gp:boxer-briefs,Dt_28_04_2015,10,3
SD:gp:mens-socks/SD:gp:boxer-briefs,Dt_29_04_2015,5,7
SD:gp:mens-socks/SD:gp:boxer-briefs,Dt_30_04_2015,5,4
SD:gp:mens-socks/SD:gp:boxer-briefs,Dt_01_05_2015,6,4
SD:gp:mens-socks/SD:gp:boxer-briefs,Dt_02_05_2015,6,4
SD:gp:mens-socks/SD:gp:boxer-briefs,Dt_03_05_2015,3,8
SD:gp:mens-socks/SD:gp:boxer-briefs,Dt_04_05_2015,9,3
SD:gp:mens-socks/SD:gp:boxer-briefs,Dt_05_05_2015,3,5
SD:gp:mens-socks/SD:gp:boxer-briefs,Dt_06_05_2015,7,1
SD:gp:mens-socks/SD:gp:boxer-briefs,Dt_07_05_2015,7,11
SD:gp:mens-socks/SD:gp:boxer-briefs,Dt_08_05_2015,4,5
SD:gp:mens-socks/SD:gp:boxer-briefs,Dt_09_05_2015,2,7
SD:gp:mens-socks/SD:gp:boxer-briefs,Dt_10_05_2015,6,7
SD:gp:mens-socks/SD:gp:boxer-briefs,Dt_11_05_2015,8,3
SD:gp:mens-socks/SD:gp:boxer-briefs,Dt_12_05_2015,6,2
SD:gp:mens-socks/SD:gp:boxer-briefs,Dt_13_05_2015,5,4
SD:gp:mens-socks/SD:gp:boxer-briefs,Dt_14_05_2015,5,3
SD:gp:mens-socks/SD:gp:boxer-briefs,Dt_15_05_2015,4,4
SD:gp:mens-socks/SD:gp:boxer-briefs,Dt_16_05_2015,5,6
SD:gp:mens-socks/SD:gp:boxer-briefs,Dt_17_05_2015,5,8
SD:gp:mens-sweatshirts/SD:gp:mens-short-sleeve-shirts,Dt_24_03_2015,14,2
SD:gp:mens-sweatshirts/SD:gp:mens-short-sleeve-shirts,Dt_25_03_2015,4,1
SD:gp:mens-sweatshirts/SD:gp:mens-short-sleeve-shirts,Dt_26_03_2015,5,0
SD:gp:mens-sweatshirts/SD:gp:mens-short-sleeve-shirts,Dt_27_03_2015,2,0
SD:gp:mens-sweatshirts/SD:gp:mens-short-sleeve-shirts,Dt_28_03_2015,5,4
SD:gp:mens-sweatshirts/SD:gp:mens-short-sleeve-shirts,Dt_29_03_2015,8,10
SD:gp:mens-sweatshirts/SD:gp:mens-short-sleeve-shirts,Dt_30_03_2015,6,4
SD:gp:mens-sweatshirts/SD:gp:mens-short-sleeve-shirts,Dt_31_03_2015,7,6
SD:gp:mens-sweatshirts/SD:gp:mens-short-sleeve-shirts,Dt_01_04_2015,10,7
SD:gp:mens-sweatshirts/SD:gp:mens-short-sleeve-shirts,Dt_02_04_2015,8,4
SD:gp:mens-sweatshirts/SD:gp:mens-short-sleeve-shirts,Dt_03_04_2015,1,7
SD:gp:mens-sweatshirts/SD:gp:mens-short-sleeve-shirts,Dt_04_04_2015,10,5
SD:gp:mens-sweatshirts/SD:gp:mens-short-sleeve-shirts,Dt_05_04_2015,9,12
SD:gp:mens-sweatshirts/SD:gp:mens-short-sleeve-shirts,Dt_06_04_2015,7,13
SD:gp:mens-sweatshirts/SD:gp:mens-short-sleeve-shirts,Dt_07_04_2015,9,8
SD:gp:mens-sweatshirts/SD:gp:mens-short-sleeve-shirts,Dt_08_04_2015,6,6
SD:gp:mens-sweatshirts/SD:gp:mens-short-sleeve-shirts,Dt_09_04_2015,7,8
SD:gp:mens-sweatshirts/SD:gp:mens-short-sleeve-shirts,Dt_10_04_2015,5,7
SD:gp:mens-sweatshirts/SD:gp:mens-short-sleeve-shirts,Dt_11_04_2015,8,11
SD:gp:mens-sweatshirts/SD:gp:mens-short-sleeve-shirts,Dt_12_04_2015,9,9
SD:gp:mens-sweatshirts/SD:gp:mens-short-sleeve-shirts,Dt_13_04_2015,11,11
SD:gp:mens-sweatshirts/SD:gp:mens-short-sleeve-shirts,Dt_14_04_2015,7,11
SD:gp:mens-sweatshirts/SD:gp:mens-short-sleeve-shirts,Dt_15_04_2015,9,7
SD:gp:mens-sweatshirts/SD:gp:mens-short-sleeve-shirts,Dt_16_04_2015,8,9
SD:gp:mens-sweatshirts/SD:gp:mens-short-sleeve-shirts,Dt_17_04_2015,0,9
SD:gp:mens-sweatshirts/SD:gp:mens-short-sleeve-shirts,Dt_18_04_2015,9,12
SD:gp:mens-sweatshirts/SD:gp:mens-short-sleeve-shirts,Dt_19_04_2015,11,13
SD:gp:mens-sweatshirts/SD:gp:mens-short-sleeve-shirts,Dt_20_04_2015,8,15
SD:gp:mens-sweatshirts/SD:gp:mens-short-sleeve-shirts,Dt_21_04_2015,12,9
SD:gp:mens-sweatshirts/SD:gp:mens-short-sleeve-shirts,Dt_22_04_2015,7,8
SD:gp:mens-sweatshirts/SD:gp:mens-short-sleeve-shirts,Dt_23_04_2015,9,7
SD:gp:mens-sweatshirts/SD:gp:mens-short-sleeve-shirts,Dt_24_04_2015,13,12
SD:gp:mens-sweatshirts/SD:gp:mens-short-sleeve-shirts,Dt_25_04_2015,9,6
SD:gp:mens-sweatshirts/SD:gp:mens-short-sleeve-shirts,Dt_26_04_2015,13,14
SD:gp:mens-sweatshirts/SD:gp:mens-short-sleeve-shirts,Dt_27_04_2015,8,16
SD:gp:mens-sweatshirts/SD:gp:mens-short-sleeve-shirts,Dt_28_04_2015,8,7
SD:gp:mens-sweatshirts/SD:gp:mens-short-sleeve-shirts,Dt_29_04_2015,7,12
SD:gp:mens-sweatshirts/SD:gp:mens-short-sleeve-shirts,Dt_30_04_2015,9,9
SD:gp:mens-sweatshirts/SD:gp:mens-short-sleeve-shirts,Dt_01_05_2015,4,7
SD:gp:mens-sweatshirts/SD:gp:mens-short-sleeve-shirts,Dt_02_05_2015,6,8
SD:gp:mens-sweatshirts/SD:gp:mens-short-sleeve-shirts,Dt_03_05_2015,3,12
SD:gp:mens-sweatshirts/SD:gp:mens-short-sleeve-shirts,Dt_04_05_2015,5,14
SD:gp:mens-sweatshirts/SD:gp:mens-short-sleeve-shirts,Dt_05_05_2015,7,12
SD:gp:mens-sweatshirts/SD:gp:mens-short-sleeve-shirts,Dt_06_05_2015,9,14
SD:gp:mens-sweatshirts/SD:gp:mens-short-sleeve-shirts,Dt_07_05_2015,12,12
SD:gp:mens-sweatshirts/SD:gp:mens-short-sleeve-shirts,Dt_08_05_2015,15,13
SD:gp:mens-sweatshirts/SD:gp:mens-short-sleeve-shirts,Dt_09_05_2015,12,9
SD:gp:mens-sweatshirts/SD:gp:mens-short-sleeve-shirts,Dt_10_05_2015,14,18
SD:gp:mens-sweatshirts/SD:gp:mens-short-sleeve-shirts,Dt_11_05_2015,19,14
SD:gp:mens-sweatshirts/SD:gp:mens-short-sleeve-shirts,Dt_12_05_2015,16,13
SD:gp:mens-sweatshirts/SD:gp:mens-short-sleeve-shirts,Dt_13_05_2015,10,8
SD:gp:mens-sweatshirts/SD:gp:mens-short-sleeve-shirts,Dt_14_05_2015,13,14
SD:gp:mens-sweatshirts/SD:gp:mens-short-sleeve-shirts,Dt_15_05_2015,10,1
SD:gp:mens-sweatshirts/SD:gp:mens-short-sleeve-shirts,Dt_16_05_2015,14,9
SD:gp:mens-sweatshirts/SD:gp:mens-short-sleeve-shirts,Dt_17_05_2015,17,11
SD:gp:relaxed-fit-pants-for-men/SD:gp:straight-leg-pan,Dt_24_03_2015,4,4
SD:gp:relaxed-fit-pants-for-men/SD:gp:straight-leg-pan,Dt_25_03_2015,9,4
SD:gp:relaxed-fit-pants-for-men/SD:gp:straight-leg-pan,Dt_26_03_2015,3,4
SD:gp:relaxed-fit-pants-for-men/SD:gp:straight-leg-pan,Dt_27_03_2015,7,2
SD:gp:relaxed-fit-pants-for-men/SD:gp:straight-leg-pan,Dt_28_03_2015,8,2
SD:gp:relaxed-fit-pants-for-men/SD:gp:straight-leg-pan,Dt_29_03_2015,11,3
SD:gp:relaxed-fit-pants-for-men/SD:gp:straight-leg-pan,Dt_30_03_2015,5,8
SD:gp:relaxed-fit-pants-for-men/SD:gp:straight-leg-pan,Dt_31_03_2015,6,6
SD:gp:relaxed-fit-pants-for-men/SD:gp:straight-leg-pan,Dt_01_04_2015,6,3
SD:gp:relaxed-fit-pants-for-men/SD:gp:straight-leg-pan,Dt_02_04_2015,4,3
SD:gp:relaxed-fit-pants-for-men/SD:gp:straight-leg-pan,Dt_03_04_2015,9,4
SD:gp:relaxed-fit-pants-for-men/SD:gp:straight-leg-pan,Dt_04_04_2015,7,2
SD:gp:relaxed-fit-pants-for-men/SD:gp:straight-leg-pan,Dt_05_04_2015,6,3
SD:gp:relaxed-fit-pants-for-men/SD:gp:straight-leg-pan,Dt_06_04_2015,5,5
SD:gp:relaxed-fit-pants-for-men/SD:gp:straight-leg-pan,Dt_07_04_2015,4,2
SD:gp:relaxed-fit-pants-for-men/SD:gp:straight-leg-pan,Dt_08_04_2015,4,3
SD:gp:relaxed-fit-pants-for-men/SD:gp:straight-leg-pan,Dt_09_04_2015,5,6
SD:gp:relaxed-fit-pants-for-men/SD:gp:straight-leg-pan,Dt_10_04_2015,6,4
SD:gp:relaxed-fit-pants-for-men/SD:gp:straight-leg-pan,Dt_11_04_2015,2,4
SD:gp:relaxed-fit-pants-for-men/SD:gp:straight-leg-pan,Dt_12_04_2015,5,2
SD:gp:relaxed-fit-pants-for-men/SD:gp:straight-leg-pan,Dt_13_04_2015,9,7
SD:gp:relaxed-fit-pants-for-men/SD:gp:straight-leg-pan,Dt_14_04_2015,4,5
SD:gp:relaxed-fit-pants-for-men/SD:gp:straight-leg-pan,Dt_15_04_2015,6,9
SD:gp:relaxed-fit-pants-for-men/SD:gp:straight-leg-pan,Dt_16_04_2015,5,7
SD:gp:relaxed-fit-pants-for-men/SD:gp:straight-leg-pan,Dt_17_04_2015,4,5
SD:gp:relaxed-fit-pants-for-men/SD:gp:straight-leg-pan,Dt_18_04_2015,1,6
SD:gp:relaxed-fit-pants-for-men/SD:gp:straight-leg-pan,Dt_19_04_2015,10,6
SD:gp:relaxed-fit-pants-for-men/SD:gp:straight-leg-pan,Dt_20_04_2015,8,4
SD:gp:relaxed-fit-pants-for-men/SD:gp:straight-leg-pan,Dt_21_04_2015,4,6
SD:gp:relaxed-fit-pants-for-men/SD:gp:straight-leg-pan,Dt_22_04_2015,5,7
SD:gp:relaxed-fit-pants-for-men/SD:gp:straight-leg-pan,Dt_23_04_2015,3,4
SD:gp:relaxed-fit-pants-for-men/SD:gp:straight-leg-pan,Dt_24_04_2015,4,5
SD:gp:relaxed-fit-pants-for-men/SD:gp:straight-leg-pan,Dt_25_04_2015,7,5
SD:gp:relaxed-fit-pants-for-men/SD:gp:straight-leg-pan,Dt_26_04_2015,4,3
SD:gp:relaxed-fit-pants-for-men/SD:gp:straight-leg-pan,Dt_27_04_2015,6,5
SD:gp:relaxed-fit-pants-for-men/SD:gp:straight-leg-pan,Dt_28_04_2015,7,0
SD:gp:relaxed-fit-pants-for-men/SD:gp:straight-leg-pan,Dt_29_04_2015,13,3
SD:gp:relaxed-fit-pants-for-men/SD:gp:straight-leg-pan,Dt_30_04_2015,4,2
SD:gp:relaxed-fit-pants-for-men/SD:gp:straight-leg-pan,Dt_01_05_2015,5,3
SD:gp:relaxed-fit-pants-for-men/SD:gp:straight-leg-pan,Dt_02_05_2015,1,4
SD:gp:relaxed-fit-pants-for-men/SD:gp:straight-leg-pan,Dt_03_05_2015,6,2
SD:gp:relaxed-fit-pants-for-men/SD:gp:straight-leg-pan,Dt_04_05_2015,5,3
SD:gp:relaxed-fit-pants-for-men/SD:gp:straight-leg-pan,Dt_05_05_2015,7,4
SD:gp:relaxed-fit-pants-for-men/SD:gp:straight-leg-pan,Dt_06_05_2015,4,3
SD:gp:relaxed-fit-pants-for-men/SD:gp:straight-leg-pan,Dt_07_05_2015,6,4
SD:gp:relaxed-fit-pants-for-men/SD:gp:straight-leg-pan,Dt_08_05_2015,3,1
SD:gp:relaxed-fit-pants-for-men/SD:gp:straight-leg-pan,Dt_09_05_2015,5,3
SD:gp:relaxed-fit-pants-for-men/SD:gp:straight-leg-pan,Dt_10_05_2015,6,4
SD:gp:relaxed-fit-pants-for-men/SD:gp:straight-leg-pan,Dt_11_05_2015,12,9
SD:gp:relaxed-fit-pants-for-men/SD:gp:straight-leg-pan,Dt_12_05_2015,8,6
SD:gp:relaxed-fit-pants-for-men/SD:gp:straight-leg-pan,Dt_13_05_2015,8,2
SD:gp:relaxed-fit-pants-for-men/SD:gp:straight-leg-pan,Dt_14_05_2015,4,3
SD:gp:relaxed-fit-pants-for-men/SD:gp:straight-leg-pan,Dt_15_05_2015,5,2
SD:gp:relaxed-fit-pants-for-men/SD:gp:straight-leg-pan,Dt_16_05_2015,9,3
SD:gp:relaxed-fit-pants-for-men/SD:gp:straight-leg-pan,Dt_17_05_2015,10,6
SD:gp:slim-jeans-for-men/SD:gp:mens-cargo-shorts,Dt_24_03_2015,11,7
SD:gp:slim-jeans-for-men/SD:gp:mens-cargo-shorts,Dt_25_03_2015,7,8
SD:gp:slim-jeans-for-men/SD:gp:mens-cargo-shorts,Dt_26_03_2015,7,7
SD:gp:slim-jeans-for-men/SD:gp:mens-cargo-shorts,Dt_27_03_2015,15,2
SD:gp:slim-jeans-for-men/SD:gp:mens-cargo-shorts,Dt_28_03_2015,9,2
SD:gp:slim-jeans-for-men/SD:gp:mens-cargo-shorts,Dt_29_03_2015,12,8
SD:gp:slim-jeans-for-men/SD:gp:mens-cargo-shorts,Dt_30_03_2015,9,4
SD:gp:slim-jeans-for-men/SD:gp:mens-cargo-shorts,Dt_31_03_2015,13,9
SD:gp:slim-jeans-for-men/SD:gp:mens-cargo-shorts,Dt_01_04_2015,9,7
SD:gp:slim-jeans-for-men/SD:gp:mens-cargo-shorts,Dt_02_04_2015,13,4
SD:gp:slim-jeans-for-men/SD:gp:mens-cargo-shorts,Dt_03_04_2015,12,3
SD:gp:slim-jeans-for-men/SD:gp:mens-cargo-shorts,Dt_04_04_2015,11,7
SD:gp:slim-jeans-for-men/SD:gp:mens-cargo-shorts,Dt_05_04_2015,7,5
SD:gp:slim-jeans-for-men/SD:gp:mens-cargo-shorts,Dt_06_04_2015,14,4
SD:gp:slim-jeans-for-men/SD:gp:mens-cargo-shorts,Dt_07_04_2015,12,3
SD:gp:slim-jeans-for-men/SD:gp:mens-cargo-shorts,Dt_08_04_2015,14,4
SD:gp:slim-jeans-for-men/SD:gp:mens-cargo-shorts,Dt_09_04_2015,9,7
SD:gp:slim-jeans-for-men/SD:gp:mens-cargo-shorts,Dt_10_04_2015,9,8
SD:gp:slim-jeans-for-men/SD:gp:mens-cargo-shorts,Dt_11_04_2015,10,4
SD:gp:slim-jeans-for-men/SD:gp:mens-cargo-shorts,Dt_12_04_2015,7,9
SD:gp:slim-jeans-for-men/SD:gp:mens-cargo-shorts,Dt_13_04_2015,11,5
SD:gp:slim-jeans-for-men/SD:gp:mens-cargo-shorts,Dt_14_04_2015,12,6
SD:gp:slim-jeans-for-men/SD:gp:mens-cargo-shorts,Dt_15_04_2015,7,7
SD:gp:slim-jeans-for-men/SD:gp:mens-cargo-shorts,Dt_16_04_2015,11,12
SD:gp:slim-jeans-for-men/SD:gp:mens-cargo-shorts,Dt_17_04_2015,6,3
SD:gp:slim-jeans-for-men/SD:gp:mens-cargo-shorts,Dt_18_04_2015,14,7
SD:gp:slim-jeans-for-men/SD:gp:mens-cargo-shorts,Dt_19_04_2015,8,13
SD:gp:slim-jeans-for-men/SD:gp:mens-cargo-shorts,Dt_20_04_2015,14,4
SD:gp:slim-jeans-for-men/SD:gp:mens-cargo-shorts,Dt_21_04_2015,8,7
SD:gp:slim-jeans-for-men/SD:gp:mens-cargo-shorts,Dt_22_04_2015,14,5
SD:gp:slim-jeans-for-men/SD:gp:mens-cargo-shorts,Dt_23_04_2015,15,2
SD:gp:slim-jeans-for-men/SD:gp:mens-cargo-shorts,Dt_24_04_2015,12,2
SD:gp:slim-jeans-for-men/SD:gp:mens-cargo-shorts,Dt_25_04_2015,11,5
SD:gp:slim-jeans-for-men/SD:gp:mens-cargo-shorts,Dt_26_04_2015,14,3
SD:gp:slim-jeans-for-men/SD:gp:mens-cargo-shorts,Dt_27_04_2015,14,6
SD:gp:slim-jeans-for-men/SD:gp:mens-cargo-shorts,Dt_28_04_2015,11,3
SD:gp:slim-jeans-for-men/SD:gp:mens-cargo-shorts,Dt_29_04_2015,10,3
SD:gp:slim-jeans-for-men/SD:gp:mens-cargo-shorts,Dt_30_04_2015,11,5
SD:gp:slim-jeans-for-men/SD:gp:mens-cargo-shorts,Dt_01_05_2015,14,6
SD:gp:slim-jeans-for-men/SD:gp:mens-cargo-shorts,Dt_02_05_2015,12,6
SD:gp:slim-jeans-for-men/SD:gp:mens-cargo-shorts,Dt_03_05_2015,9,8
SD:gp:slim-jeans-for-men/SD:gp:mens-cargo-shorts,Dt_04_05_2015,9,11
SD:gp:slim-jeans-for-men/SD:gp:mens-cargo-shorts,Dt_05_05_2015,12,12
SD:gp:slim-jeans-for-men/SD:gp:mens-cargo-shorts,Dt_06_05_2015,7,7
SD:gp:slim-jeans-for-men/SD:gp:mens-cargo-shorts,Dt_07_05_2015,8,10
SD:gp:slim-jeans-for-men/SD:gp:mens-cargo-shorts,Dt_08_05_2015,9,5
SD:gp:slim-jeans-for-men/SD:gp:mens-cargo-shorts,Dt_09_05_2015,5,7
SD:gp:slim-jeans-for-men/SD:gp:mens-cargo-shorts,Dt_10_05_2015,15,11
SD:gp:slim-jeans-for-men/SD:gp:mens-cargo-shorts,Dt_11_05_2015,10,11
SD:gp:slim-jeans-for-men/SD:gp:mens-cargo-shorts,Dt_12_05_2015,10,14
SD:gp:slim-jeans-for-men/SD:gp:mens-cargo-shorts,Dt_13_05_2015,10,9
SD:gp:slim-jeans-for-men/SD:gp:mens-cargo-shorts,Dt_14_05_2015,10,7
SD:gp:slim-jeans-for-men/SD:gp:mens-cargo-shorts,Dt_15_05_2015,10,10
SD:gp:slim-jeans-for-men/SD:gp:mens-cargo-shorts,Dt_16_05_2015,9,6
SD:gp:slim-jeans-for-men/SD:gp:mens-cargo-shorts,Dt_17_05_2015,19,12
