Pair_page,Dt,Control,Test
SD:gp:baggy-fit-jeans/SD:gp:men-shorts,Dt_24_03_2015,0.333333333,0.5
SD:gp:baggy-fit-jeans/SD:gp:men-shorts,Dt_25_03_2015,0.5,1
SD:gp:baggy-fit-jeans/SD:gp:men-shorts,Dt_26_03_2015,0.375,1
SD:gp:baggy-fit-jeans/SD:gp:men-shorts,Dt_27_03_2015,0.5,1
SD:gp:baggy-fit-jeans/SD:gp:men-shorts,Dt_28_03_2015,0.333333333,0.5
SD:gp:baggy-fit-jeans/SD:gp:men-shorts,Dt_29_03_2015,0.5,0
SD:gp:baggy-fit-jeans/SD:gp:men-shorts,Dt_30_03_2015,0.6,0
SD:gp:baggy-fit-jeans/SD:gp:men-shorts,Dt_31_03_2015,1,0.5
SD:gp:baggy-fit-jeans/SD:gp:men-shorts,Dt_01_04_2015,1,0
SD:gp:baggy-fit-jeans/SD:gp:men-shorts,Dt_02_04_2015,0.5,0.5
SD:gp:baggy-fit-jeans/SD:gp:men-shorts,Dt_03_04_2015,0.666666667,0.5
SD:gp:baggy-fit-jeans/SD:gp:men-shorts,Dt_04_04_2015,1,0
SD:gp:baggy-fit-jeans/SD:gp:men-shorts,Dt_05_04_2015,0.5,0.5
SD:gp:baggy-fit-jeans/SD:gp:men-shorts,Dt_06_04_2015,0.5,0.666666667
SD:gp:baggy-fit-jeans/SD:gp:men-shorts,Dt_07_04_2015,0,0
SD:gp:baggy-fit-jeans/SD:gp:men-shorts,Dt_08_04_2015,0.2,0.5
SD:gp:baggy-fit-jeans/SD:gp:men-shorts,Dt_09_04_2015,0,1
SD:gp:baggy-fit-jeans/SD:gp:men-shorts,Dt_10_04_2015,0.666666667,0.666666667
SD:gp:baggy-fit-jeans/SD:gp:men-shorts,Dt_11_04_2015,0.6,0.666666667
SD:gp:baggy-fit-jeans/SD:gp:men-shorts,Dt_12_04_2015,0.25,1
SD:gp:baggy-fit-jeans/SD:gp:men-shorts,Dt_13_04_2015,0.5,1
SD:gp:baggy-fit-jeans/SD:gp:men-shorts,Dt_14_04_2015,0.6,0.75
SD:gp:baggy-fit-jeans/SD:gp:men-shorts,Dt_15_04_2015,0,1
SD:gp:baggy-fit-jeans/SD:gp:men-shorts,Dt_16_04_2015,0.75,1
SD:gp:baggy-fit-jeans/SD:gp:men-shorts,Dt_17_04_2015,0,1
SD:gp:baggy-fit-jeans/SD:gp:men-shorts,Dt_18_04_2015,0.666666667,0.714285714
SD:gp:baggy-fit-jeans/SD:gp:men-shorts,Dt_19_04_2015,0.5,1
SD:gp:baggy-fit-jeans/SD:gp:men-shorts,Dt_20_04_2015,0,0.5
SD:gp:baggy-fit-jeans/SD:gp:men-shorts,Dt_21_04_2015,0.666666667,0.4
SD:gp:baggy-fit-jeans/SD:gp:men-shorts,Dt_22_04_2015,0.5,0.75
SD:gp:baggy-fit-jeans/SD:gp:men-shorts,Dt_23_04_2015,0.25,1
SD:gp:baggy-fit-jeans/SD:gp:men-shorts,Dt_24_04_2015,0.5,0.5
SD:gp:baggy-fit-jeans/SD:gp:men-shorts,Dt_25_04_2015,0.333333333,0.75
SD:gp:baggy-fit-jeans/SD:gp:men-shorts,Dt_26_04_2015,1,0.833333333
SD:gp:baggy-fit-jeans/SD:gp:men-shorts,Dt_27_04_2015,0.5,1
SD:gp:baggy-fit-jeans/SD:gp:men-shorts,Dt_28_04_2015,0.666666667,1
SD:gp:baggy-fit-jeans/SD:gp:men-shorts,Dt_29_04_2015,0.333333333,0
SD:gp:baggy-fit-jeans/SD:gp:men-shorts,Dt_30_04_2015,0.666666667,0
SD:gp:baggy-fit-jeans/SD:gp:men-shorts,Dt_01_05_2015,1,0.5
SD:gp:baggy-fit-jeans/SD:gp:men-shorts,Dt_02_05_2015,1,0.636363636
SD:gp:baggy-fit-jeans/SD:gp:men-shorts,Dt_03_05_2015,0.5,0.4
SD:gp:baggy-fit-jeans/SD:gp:men-shorts,Dt_04_05_2015,0.5,0.4
SD:gp:baggy-fit-jeans/SD:gp:men-shorts,Dt_05_05_2015,0,0.36
SD:gp:baggy-fit-jeans/SD:gp:men-shorts,Dt_06_05_2015,0.666666667,0.277777778
SD:gp:baggy-fit-jeans/SD:gp:men-shorts,Dt_07_05_2015,1,0.588235294
SD:gp:baggy-fit-jeans/SD:gp:men-shorts,Dt_08_05_2015,0.25,0.5
SD:gp:baggy-fit-jeans/SD:gp:men-shorts,Dt_09_05_2015,1,0.55
SD:gp:baggy-fit-jeans/SD:gp:men-shorts,Dt_10_05_2015,0.75,0.363636364
SD:gp:baggy-fit-jeans/SD:gp:men-shorts,Dt_11_05_2015,0,0.529411765
SD:gp:baggy-fit-jeans/SD:gp:men-shorts,Dt_12_05_2015,0,0.555555556
SD:gp:baggy-fit-jeans/SD:gp:men-shorts,Dt_13_05_2015,0.8,0.6
SD:gp:baggy-fit-jeans/SD:gp:men-shorts,Dt_14_05_2015,0.4,0.6
SD:gp:baggy-fit-jeans/SD:gp:men-shorts,Dt_15_05_2015,1,1
SD:gp:baggy-fit-jeans/SD:gp:men-shorts,Dt_16_05_2015,0.833333333,1
SD:gp:baggy-fit-jeans/SD:gp:men-shorts,Dt_17_05_2015,1,1
SD:gp:big-and-tall-clothing/SD:gp:mens-fleece-hoodie,Dt_24_03_2015,0.773584906,1
SD:gp:big-and-tall-clothing/SD:gp:mens-fleece-hoodie,Dt_25_03_2015,0.789473684,0
SD:gp:big-and-tall-clothing/SD:gp:mens-fleece-hoodie,Dt_26_03_2015,0.85106383,0.5
SD:gp:big-and-tall-clothing/SD:gp:mens-fleece-hoodie,Dt_27_03_2015,0.815789474,1
SD:gp:big-and-tall-clothing/SD:gp:mens-fleece-hoodie,Dt_28_03_2015,0.818181818,1
SD:gp:big-and-tall-clothing/SD:gp:mens-fleece-hoodie,Dt_29_03_2015,0.808510638,0.833333333
SD:gp:big-and-tall-clothing/SD:gp:mens-fleece-hoodie,Dt_30_03_2015,0.75,0
SD:gp:big-and-tall-clothing/SD:gp:mens-fleece-hoodie,Dt_31_03_2015,0.770491803,1
SD:gp:big-and-tall-clothing/SD:gp:mens-fleece-hoodie,Dt_01_04_2015,0.675675676,1
SD:gp:big-and-tall-clothing/SD:gp:mens-fleece-hoodie,Dt_02_04_2015,0.76744186,0
SD:gp:big-and-tall-clothing/SD:gp:mens-fleece-hoodie,Dt_03_04_2015,0.612244898,0
SD:gp:big-and-tall-clothing/SD:gp:mens-fleece-hoodie,Dt_04_04_2015,0.711111111,0
SD:gp:big-and-tall-clothing/SD:gp:mens-fleece-hoodie,Dt_05_04_2015,0.727272727,1
SD:gp:big-and-tall-clothing/SD:gp:mens-fleece-hoodie,Dt_06_04_2015,0.770491803,1
SD:gp:big-and-tall-clothing/SD:gp:mens-fleece-hoodie,Dt_07_04_2015,0.75,0.666666667
SD:gp:big-and-tall-clothing/SD:gp:mens-fleece-hoodie,Dt_08_04_2015,0.586956522,0.5
SD:gp:big-and-tall-clothing/SD:gp:mens-fleece-hoodie,Dt_09_04_2015,0.675675676,1
SD:gp:big-and-tall-clothing/SD:gp:mens-fleece-hoodie,Dt_10_04_2015,0.783783784,1
SD:gp:big-and-tall-clothing/SD:gp:mens-fleece-hoodie,Dt_11_04_2015,0.771428571,0
SD:gp:big-and-tall-clothing/SD:gp:mens-fleece-hoodie,Dt_12_04_2015,0.754716981,1
SD:gp:big-and-tall-clothing/SD:gp:mens-fleece-hoodie,Dt_13_04_2015,0.734693878,1
SD:gp:big-and-tall-clothing/SD:gp:mens-fleece-hoodie,Dt_14_04_2015,0.666666667,0.666666667
SD:gp:big-and-tall-clothing/SD:gp:mens-fleece-hoodie,Dt_15_04_2015,0.789473684,0.5
SD:gp:big-and-tall-clothing/SD:gp:mens-fleece-hoodie,Dt_16_04_2015,0.821428571,1
SD:gp:big-and-tall-clothing/SD:gp:mens-fleece-hoodie,Dt_17_04_2015,0.787878788,1
SD:gp:big-and-tall-clothing/SD:gp:mens-fleece-hoodie,Dt_18_04_2015,0.822222222,1
SD:gp:big-and-tall-clothing/SD:gp:mens-fleece-hoodie,Dt_19_04_2015,0.819672131,1
SD:gp:big-and-tall-clothing/SD:gp:mens-fleece-hoodie,Dt_20_04_2015,0.716981132,1
SD:gp:big-and-tall-clothing/SD:gp:mens-fleece-hoodie,Dt_21_04_2015,0.793103448,1
SD:gp:big-and-tall-clothing/SD:gp:mens-fleece-hoodie,Dt_22_04_2015,0.769230769,1
SD:gp:big-and-tall-clothing/SD:gp:mens-fleece-hoodie,Dt_23_04_2015,0.775,0.75
SD:gp:big-and-tall-clothing/SD:gp:mens-fleece-hoodie,Dt_24_04_2015,0.7,1
SD:gp:big-and-tall-clothing/SD:gp:mens-fleece-hoodie,Dt_25_04_2015,0.760869565,1
SD:gp:big-and-tall-clothing/SD:gp:mens-fleece-hoodie,Dt_26_04_2015,0.783333333,1
SD:gp:big-and-tall-clothing/SD:gp:mens-fleece-hoodie,Dt_27_04_2015,0.730769231,1
SD:gp:big-and-tall-clothing/SD:gp:mens-fleece-hoodie,Dt_28_04_2015,0.735294118,1
SD:gp:big-and-tall-clothing/SD:gp:mens-fleece-hoodie,Dt_29_04_2015,0.789473684,1
SD:gp:big-and-tall-clothing/SD:gp:mens-fleece-hoodie,Dt_30_04_2015,0.75,0.875
SD:gp:big-and-tall-clothing/SD:gp:mens-fleece-hoodie,Dt_01_05_2015,0.777777778,1
SD:gp:big-and-tall-clothing/SD:gp:mens-fleece-hoodie,Dt_02_05_2015,0.722222222,1
SD:gp:big-and-tall-clothing/SD:gp:mens-fleece-hoodie,Dt_03_05_2015,0.784313725,1
SD:gp:big-and-tall-clothing/SD:gp:mens-fleece-hoodie,Dt_04_05_2015,0.775,0.5
SD:gp:big-and-tall-clothing/SD:gp:mens-fleece-hoodie,Dt_05_05_2015,0.847826087,0.666666667
SD:gp:big-and-tall-clothing/SD:gp:mens-fleece-hoodie,Dt_06_05_2015,0.705882353,0.666666667
SD:gp:big-and-tall-clothing/SD:gp:mens-fleece-hoodie,Dt_07_05_2015,0.769230769,1
SD:gp:big-and-tall-clothing/SD:gp:mens-fleece-hoodie,Dt_08_05_2015,0.8,0.666666667
SD:gp:big-and-tall-clothing/SD:gp:mens-fleece-hoodie,Dt_09_05_2015,0.828571429,0
SD:gp:big-and-tall-clothing/SD:gp:mens-fleece-hoodie,Dt_10_05_2015,0.784615385,1
SD:gp:big-and-tall-clothing/SD:gp:mens-fleece-hoodie,Dt_11_05_2015,0.779661017,1
SD:gp:big-and-tall-clothing/SD:gp:mens-fleece-hoodie,Dt_12_05_2015,0.825396825,1
SD:gp:big-and-tall-clothing/SD:gp:mens-fleece-hoodie,Dt_13_05_2015,0.8125,1
SD:gp:big-and-tall-clothing/SD:gp:mens-fleece-hoodie,Dt_14_05_2015,0.804347826,1
SD:gp:big-and-tall-clothing/SD:gp:mens-fleece-hoodie,Dt_15_05_2015,0.75,1
SD:gp:big-and-tall-clothing/SD:gp:mens-fleece-hoodie,Dt_16_05_2015,0.659574468,1
SD:gp:big-and-tall-clothing/SD:gp:mens-fleece-hoodie,Dt_17_05_2015,0.709090909,1
SD:gp:big-and-tall-shirts/SD:gp:mens-low-rise-jeans,Dt_24_03_2015,0.571428571,0.8
SD:gp:big-and-tall-shirts/SD:gp:mens-low-rise-jeans,Dt_25_03_2015,0.933333333,0
SD:gp:big-and-tall-shirts/SD:gp:mens-low-rise-jeans,Dt_26_03_2015,0.6,0.8
SD:gp:big-and-tall-shirts/SD:gp:mens-low-rise-jeans,Dt_27_03_2015,0.875,0.5
SD:gp:big-and-tall-shirts/SD:gp:mens-low-rise-jeans,Dt_28_03_2015,0.7,0.25
SD:gp:big-and-tall-shirts/SD:gp:mens-low-rise-jeans,Dt_29_03_2015,0.714285714,0.75
SD:gp:big-and-tall-shirts/SD:gp:mens-low-rise-jeans,Dt_30_03_2015,0.857142857,0.333333333
SD:gp:big-and-tall-shirts/SD:gp:mens-low-rise-jeans,Dt_31_03_2015,0.777777778,0.5
SD:gp:big-and-tall-shirts/SD:gp:mens-low-rise-jeans,Dt_01_04_2015,0.5,0.5
SD:gp:big-and-tall-shirts/SD:gp:mens-low-rise-jeans,Dt_02_04_2015,0.571428571,0.666666667
SD:gp:big-and-tall-shirts/SD:gp:mens-low-rise-jeans,Dt_03_04_2015,0.714285714,0.75
SD:gp:big-and-tall-shirts/SD:gp:mens-low-rise-jeans,Dt_04_04_2015,0.833333333,0.5
SD:gp:big-and-tall-shirts/SD:gp:mens-low-rise-jeans,Dt_05_04_2015,0.533333333,0.666666667
SD:gp:big-and-tall-shirts/SD:gp:mens-low-rise-jeans,Dt_06_04_2015,0.714285714,0.5
SD:gp:big-and-tall-shirts/SD:gp:mens-low-rise-jeans,Dt_07_04_2015,0.636363636,0.2
SD:gp:big-and-tall-shirts/SD:gp:mens-low-rise-jeans,Dt_08_04_2015,0.8,0
SD:gp:big-and-tall-shirts/SD:gp:mens-low-rise-jeans,Dt_09_04_2015,0.75,0.875
SD:gp:big-and-tall-shirts/SD:gp:mens-low-rise-jeans,Dt_10_04_2015,0.454545455,0.75
SD:gp:big-and-tall-shirts/SD:gp:mens-low-rise-jeans,Dt_11_04_2015,0.75,0.5
SD:gp:big-and-tall-shirts/SD:gp:mens-low-rise-jeans,Dt_12_04_2015,0.7,0.375
SD:gp:big-and-tall-shirts/SD:gp:mens-low-rise-jeans,Dt_13_04_2015,0.727272727,0.666666667
SD:gp:big-and-tall-shirts/SD:gp:mens-low-rise-jeans,Dt_14_04_2015,0.666666667,0.571428571
SD:gp:big-and-tall-shirts/SD:gp:mens-low-rise-jeans,Dt_15_04_2015,0.7,0.333333333
SD:gp:big-and-tall-shirts/SD:gp:mens-low-rise-jeans,Dt_16_04_2015,1,0.416666667
SD:gp:big-and-tall-shirts/SD:gp:mens-low-rise-jeans,Dt_17_04_2015,0.5,0.75
SD:gp:big-and-tall-shirts/SD:gp:mens-low-rise-jeans,Dt_18_04_2015,0.888888889,0.857142857
SD:gp:big-and-tall-shirts/SD:gp:mens-low-rise-jeans,Dt_19_04_2015,0.722222222,0.714285714
SD:gp:big-and-tall-shirts/SD:gp:mens-low-rise-jeans,Dt_20_04_2015,0.714285714,0.833333333
SD:gp:big-and-tall-shirts/SD:gp:mens-low-rise-jeans,Dt_21_04_2015,0.631578947,0.75
SD:gp:big-and-tall-shirts/SD:gp:mens-low-rise-jeans,Dt_22_04_2015,0.666666667,0.5
SD:gp:big-and-tall-shirts/SD:gp:mens-low-rise-jeans,Dt_23_04_2015,0.545454545,0.75
SD:gp:big-and-tall-shirts/SD:gp:mens-low-rise-jeans,Dt_24_04_2015,0,0.625
SD:gp:big-and-tall-shirts/SD:gp:mens-low-rise-jeans,Dt_25_04_2015,0.625,1
SD:gp:big-and-tall-shirts/SD:gp:mens-low-rise-jeans,Dt_26_04_2015,0.722222222,0.666666667
SD:gp:big-and-tall-shirts/SD:gp:mens-low-rise-jeans,Dt_27_04_2015,0.642857143,0.666666667
SD:gp:big-and-tall-shirts/SD:gp:mens-low-rise-jeans,Dt_28_04_2015,1,0.5
SD:gp:big-and-tall-shirts/SD:gp:mens-low-rise-jeans,Dt_29_04_2015,0.6,0.8
SD:gp:big-and-tall-shirts/SD:gp:mens-low-rise-jeans,Dt_30_04_2015,0.6,0.555555556
SD:gp:big-and-tall-shirts/SD:gp:mens-low-rise-jeans,Dt_01_05_2015,0.75,0.714285714
SD:gp:big-and-tall-shirts/SD:gp:mens-low-rise-jeans,Dt_02_05_2015,0.7,0.5
SD:gp:big-and-tall-shirts/SD:gp:mens-low-rise-jeans,Dt_03_05_2015,1,0.25
SD:gp:big-and-tall-shirts/SD:gp:mens-low-rise-jeans,Dt_04_05_2015,0.777777778,0.666666667
SD:gp:big-and-tall-shirts/SD:gp:mens-low-rise-jeans,Dt_05_05_2015,0.666666667,0.666666667
SD:gp:big-and-tall-shirts/SD:gp:mens-low-rise-jeans,Dt_06_05_2015,0.6,1
SD:gp:big-and-tall-shirts/SD:gp:mens-low-rise-jeans,Dt_07_05_2015,0.583333333,1
SD:gp:big-and-tall-shirts/SD:gp:mens-low-rise-jeans,Dt_08_05_2015,0.692307692,0.571428571
SD:gp:big-and-tall-shirts/SD:gp:mens-low-rise-jeans,Dt_09_05_2015,0.727272727,0.5
SD:gp:big-and-tall-shirts/SD:gp:mens-low-rise-jeans,Dt_10_05_2015,0.5,0.555555556
SD:gp:big-and-tall-shirts/SD:gp:mens-low-rise-jeans,Dt_11_05_2015,0.888888889,0.7
SD:gp:big-and-tall-shirts/SD:gp:mens-low-rise-jeans,Dt_12_05_2015,0.818181818,0.545454545
SD:gp:big-and-tall-shirts/SD:gp:mens-low-rise-jeans,Dt_13_05_2015,0.666666667,0.727272727
SD:gp:big-and-tall-shirts/SD:gp:mens-low-rise-jeans,Dt_14_05_2015,0.5625,0.4
SD:gp:big-and-tall-shirts/SD:gp:mens-low-rise-jeans,Dt_15_05_2015,0.9,0.666666667
SD:gp:big-and-tall-shirts/SD:gp:mens-low-rise-jeans,Dt_16_05_2015,0.285714286,0.75
SD:gp:big-and-tall-shirts/SD:gp:mens-low-rise-jeans,Dt_17_05_2015,0.875,0.8
SD:gp:cardigans-for-men/SD:gp:denim-shirts-for-men,Dt_24_03_2015,0.666666667,0.411764706
SD:gp:cardigans-for-men/SD:gp:denim-shirts-for-men,Dt_25_03_2015,0.571428571,0.461538462
SD:gp:cardigans-for-men/SD:gp:denim-shirts-for-men,Dt_26_03_2015,0.666666667,0.625
SD:gp:cardigans-for-men/SD:gp:denim-shirts-for-men,Dt_27_03_2015,0.6,0.571428571
SD:gp:cardigans-for-men/SD:gp:denim-shirts-for-men,Dt_28_03_2015,0.571428571,0.454545455
SD:gp:cardigans-for-men/SD:gp:denim-shirts-for-men,Dt_29_03_2015,1,0.5
SD:gp:cardigans-for-men/SD:gp:denim-shirts-for-men,Dt_30_03_2015,0.875,0.133333333
SD:gp:cardigans-for-men/SD:gp:denim-shirts-for-men,Dt_31_03_2015,0.5,0.285714286
SD:gp:cardigans-for-men/SD:gp:denim-shirts-for-men,Dt_01_04_2015,0,0.357142857
SD:gp:cardigans-for-men/SD:gp:denim-shirts-for-men,Dt_02_04_2015,0.5,0.466666667
SD:gp:cardigans-for-men/SD:gp:denim-shirts-for-men,Dt_03_04_2015,0.5,0.625
SD:gp:cardigans-for-men/SD:gp:denim-shirts-for-men,Dt_04_04_2015,0.625,0.214285714
SD:gp:cardigans-for-men/SD:gp:denim-shirts-for-men,Dt_05_04_2015,0.5,0.444444444
SD:gp:cardigans-for-men/SD:gp:denim-shirts-for-men,Dt_06_04_2015,0.8,0.555555556
SD:gp:cardigans-for-men/SD:gp:denim-shirts-for-men,Dt_07_04_2015,0.571428571,0.4
SD:gp:cardigans-for-men/SD:gp:denim-shirts-for-men,Dt_08_04_2015,0.5,0.421052632
SD:gp:cardigans-for-men/SD:gp:denim-shirts-for-men,Dt_09_04_2015,0.285714286,0.6
SD:gp:cardigans-for-men/SD:gp:denim-shirts-for-men,Dt_10_04_2015,0.6,0.357142857
SD:gp:cardigans-for-men/SD:gp:denim-shirts-for-men,Dt_11_04_2015,0.428571429,0.461538462
SD:gp:cardigans-for-men/SD:gp:denim-shirts-for-men,Dt_12_04_2015,0.444444444,0.5
SD:gp:cardigans-for-men/SD:gp:denim-shirts-for-men,Dt_13_04_2015,0.333333333,0.529411765
SD:gp:cardigans-for-men/SD:gp:denim-shirts-for-men,Dt_14_04_2015,0.666666667,0.454545455
SD:gp:cardigans-for-men/SD:gp:denim-shirts-for-men,Dt_15_04_2015,0.818181818,0.466666667
SD:gp:cardigans-for-men/SD:gp:denim-shirts-for-men,Dt_16_04_2015,0.75,0.846153846
SD:gp:cardigans-for-men/SD:gp:denim-shirts-for-men,Dt_17_04_2015,0.5,0.625
SD:gp:cardigans-for-men/SD:gp:denim-shirts-for-men,Dt_18_04_2015,0.5,0.6
SD:gp:cardigans-for-men/SD:gp:denim-shirts-for-men,Dt_19_04_2015,0.333333333,0.6
SD:gp:cardigans-for-men/SD:gp:denim-shirts-for-men,Dt_20_04_2015,0.555555556,0.357142857
SD:gp:cardigans-for-men/SD:gp:denim-shirts-for-men,Dt_21_04_2015,0.666666667,0.307692308
SD:gp:cardigans-for-men/SD:gp:denim-shirts-for-men,Dt_22_04_2015,0.666666667,0.3
SD:gp:cardigans-for-men/SD:gp:denim-shirts-for-men,Dt_23_04_2015,0.625,0.411764706
SD:gp:cardigans-for-men/SD:gp:denim-shirts-for-men,Dt_24_04_2015,0.333333333,0.5
SD:gp:cardigans-for-men/SD:gp:denim-shirts-for-men,Dt_25_04_2015,0.857142857,0.4
SD:gp:cardigans-for-men/SD:gp:denim-shirts-for-men,Dt_26_04_2015,0.571428571,0.384615385
SD:gp:cardigans-for-men/SD:gp:denim-shirts-for-men,Dt_27_04_2015,0.571428571,0.428571429
SD:gp:cardigans-for-men/SD:gp:denim-shirts-for-men,Dt_28_04_2015,0.25,0.733333333
SD:gp:cardigans-for-men/SD:gp:denim-shirts-for-men,Dt_29_04_2015,0.6,0.5625
SD:gp:cardigans-for-men/SD:gp:denim-shirts-for-men,Dt_30_04_2015,0.666666667,0.384615385
SD:gp:cardigans-for-men/SD:gp:denim-shirts-for-men,Dt_01_05_2015,0.6,0.5
SD:gp:cardigans-for-men/SD:gp:denim-shirts-for-men,Dt_02_05_2015,0.5,0.666666667
SD:gp:cardigans-for-men/SD:gp:denim-shirts-for-men,Dt_03_05_2015,0.285714286,0.5
SD:gp:cardigans-for-men/SD:gp:denim-shirts-for-men,Dt_04_05_2015,0.4,0.470588235
SD:gp:cardigans-for-men/SD:gp:denim-shirts-for-men,Dt_05_05_2015,0.6,0.466666667
SD:gp:cardigans-for-men/SD:gp:denim-shirts-for-men,Dt_06_05_2015,0.666666667,0.416666667
SD:gp:cardigans-for-men/SD:gp:denim-shirts-for-men,Dt_07_05_2015,0.555555556,0.5
SD:gp:cardigans-for-men/SD:gp:denim-shirts-for-men,Dt_08_05_2015,0.8,0.4
SD:gp:cardigans-for-men/SD:gp:denim-shirts-for-men,Dt_09_05_2015,1,0.428571429
SD:gp:cardigans-for-men/SD:gp:denim-shirts-for-men,Dt_10_05_2015,0.857142857,0.631578947
SD:gp:cardigans-for-men/SD:gp:denim-shirts-for-men,Dt_11_05_2015,0.75,0.333333333
SD:gp:cardigans-for-men/SD:gp:denim-shirts-for-men,Dt_12_05_2015,0.571428571,0.454545455
SD:gp:cardigans-for-men/SD:gp:denim-shirts-for-men,Dt_13_05_2015,0.666666667,0.705882353
SD:gp:cardigans-for-men/SD:gp:denim-shirts-for-men,Dt_14_05_2015,0.5,0.476190476
SD:gp:cardigans-for-men/SD:gp:denim-shirts-for-men,Dt_15_05_2015,0,0.538461538
SD:gp:cardigans-for-men/SD:gp:denim-shirts-for-men,Dt_16_05_2015,0.666666667,0.473684211
SD:gp:cardigans-for-men/SD:gp:denim-shirts-for-men,Dt_17_05_2015,0.5,0.333333333
SD:gp:mens-cargo-pants/SD:gp:mens-vests,Dt_24_03_2015,0.75,1
SD:gp:mens-cargo-pants/SD:gp:mens-vests,Dt_25_03_2015,0.285714286,0.833333333
SD:gp:mens-cargo-pants/SD:gp:mens-vests,Dt_26_03_2015,0.444444444,1
SD:gp:mens-cargo-pants/SD:gp:mens-vests,Dt_27_03_2015,0.571428571,0.666666667
SD:gp:mens-cargo-pants/SD:gp:mens-vests,Dt_28_03_2015,0.666666667,0.5
SD:gp:mens-cargo-pants/SD:gp:mens-vests,Dt_29_03_2015,0.5,1
SD:gp:mens-cargo-pants/SD:gp:mens-vests,Dt_30_03_2015,0.357142857,0.333333333
SD:gp:mens-cargo-pants/SD:gp:mens-vests,Dt_31_03_2015,0.6,0.333333333
SD:gp:mens-cargo-pants/SD:gp:mens-vests,Dt_01_04_2015,0.583333333,1
SD:gp:mens-cargo-pants/SD:gp:mens-vests,Dt_02_04_2015,0.6,0.333333333
SD:gp:mens-cargo-pants/SD:gp:mens-vests,Dt_03_04_2015,0.333333333,0.666666667
SD:gp:mens-cargo-pants/SD:gp:mens-vests,Dt_04_04_2015,0.533333333,0.666666667
SD:gp:mens-cargo-pants/SD:gp:mens-vests,Dt_05_04_2015,0.777777778,0
SD:gp:mens-cargo-pants/SD:gp:mens-vests,Dt_06_04_2015,0.583333333,0
SD:gp:mens-cargo-pants/SD:gp:mens-vests,Dt_07_04_2015,0.7,0.5
SD:gp:mens-cargo-pants/SD:gp:mens-vests,Dt_08_04_2015,0.555555556,0.833333333
SD:gp:mens-cargo-pants/SD:gp:mens-vests,Dt_09_04_2015,0.666666667,0.333333333
SD:gp:mens-cargo-pants/SD:gp:mens-vests,Dt_10_04_2015,0.75,0.4
SD:gp:mens-cargo-pants/SD:gp:mens-vests,Dt_11_04_2015,0.571428571,0.5
SD:gp:mens-cargo-pants/SD:gp:mens-vests,Dt_12_04_2015,0.666666667,0.75
SD:gp:mens-cargo-pants/SD:gp:mens-vests,Dt_13_04_2015,0.411764706,0.4
SD:gp:mens-cargo-pants/SD:gp:mens-vests,Dt_14_04_2015,0.470588235,0.666666667
SD:gp:mens-cargo-pants/SD:gp:mens-vests,Dt_15_04_2015,0.6875,0.4
SD:gp:mens-cargo-pants/SD:gp:mens-vests,Dt_16_04_2015,0.444444444,0.75
SD:gp:mens-cargo-pants/SD:gp:mens-vests,Dt_17_04_2015,0.363636364,0.5
SD:gp:mens-cargo-pants/SD:gp:mens-vests,Dt_18_04_2015,0.4,0.5
SD:gp:mens-cargo-pants/SD:gp:mens-vests,Dt_19_04_2015,0.764705882,0.833333333
SD:gp:mens-cargo-pants/SD:gp:mens-vests,Dt_20_04_2015,0.705882353,0.8
SD:gp:mens-cargo-pants/SD:gp:mens-vests,Dt_21_04_2015,0.666666667,0.8
SD:gp:mens-cargo-pants/SD:gp:mens-vests,Dt_22_04_2015,0.619047619,0
SD:gp:mens-cargo-pants/SD:gp:mens-vests,Dt_23_04_2015,0.5625,0.428571429
SD:gp:mens-cargo-pants/SD:gp:mens-vests,Dt_24_04_2015,0.666666667,0.4
SD:gp:mens-cargo-pants/SD:gp:mens-vests,Dt_25_04_2015,0.631578947,0.5
SD:gp:mens-cargo-pants/SD:gp:mens-vests,Dt_26_04_2015,0.625,0.4
SD:gp:mens-cargo-pants/SD:gp:mens-vests,Dt_27_04_2015,0.411764706,0.666666667
SD:gp:mens-cargo-pants/SD:gp:mens-vests,Dt_28_04_2015,0.769230769,0.333333333
SD:gp:mens-cargo-pants/SD:gp:mens-vests,Dt_29_04_2015,0.642857143,0.333333333
SD:gp:mens-cargo-pants/SD:gp:mens-vests,Dt_30_04_2015,0.421052632,0.6
SD:gp:mens-cargo-pants/SD:gp:mens-vests,Dt_01_05_2015,0.583333333,0.8
SD:gp:mens-cargo-pants/SD:gp:mens-vests,Dt_02_05_2015,0.470588235,1
SD:gp:mens-cargo-pants/SD:gp:mens-vests,Dt_03_05_2015,0.444444444,0
SD:gp:mens-cargo-pants/SD:gp:mens-vests,Dt_04_05_2015,0.454545455,0
SD:gp:mens-cargo-pants/SD:gp:mens-vests,Dt_05_05_2015,0.571428571,0.6
SD:gp:mens-cargo-pants/SD:gp:mens-vests,Dt_06_05_2015,0.666666667,0.8
SD:gp:mens-cargo-pants/SD:gp:mens-vests,Dt_07_05_2015,0.416666667,0.333333333
SD:gp:mens-cargo-pants/SD:gp:mens-vests,Dt_08_05_2015,0.6,0.5
SD:gp:mens-cargo-pants/SD:gp:mens-vests,Dt_09_05_2015,0.5,0.8
SD:gp:mens-cargo-pants/SD:gp:mens-vests,Dt_10_05_2015,0.578947368,0.5
SD:gp:mens-cargo-pants/SD:gp:mens-vests,Dt_11_05_2015,0.823529412,1
SD:gp:mens-cargo-pants/SD:gp:mens-vests,Dt_12_05_2015,0.666666667,0.666666667
SD:gp:mens-cargo-pants/SD:gp:mens-vests,Dt_13_05_2015,0.5,0.6
SD:gp:mens-cargo-pants/SD:gp:mens-vests,Dt_14_05_2015,0.4375,0.5
SD:gp:mens-cargo-pants/SD:gp:mens-vests,Dt_15_05_2015,0.555555556,0
SD:gp:mens-cargo-pants/SD:gp:mens-vests,Dt_16_05_2015,0.571428571,0.75
SD:gp:mens-cargo-pants/SD:gp:mens-vests,Dt_17_05_2015,0.4375,0.4
SD:gp:mens-coats/SD:gp:mens-denim-jackets,Dt_24_03_2015,0.666666667,0
SD:gp:mens-coats/SD:gp:mens-denim-jackets,Dt_25_03_2015,0.5,0
SD:gp:mens-coats/SD:gp:mens-denim-jackets,Dt_26_03_2015,1,0.571428571
SD:gp:mens-coats/SD:gp:mens-denim-jackets,Dt_27_03_2015,1,1
SD:gp:mens-coats/SD:gp:mens-denim-jackets,Dt_28_03_2015,1,0.5
SD:gp:mens-coats/SD:gp:mens-denim-jackets,Dt_29_03_2015,0.625,0.454545455
SD:gp:mens-coats/SD:gp:mens-denim-jackets,Dt_30_03_2015,1,0.6
SD:gp:mens-coats/SD:gp:mens-denim-jackets,Dt_31_03_2015,0.75,0.75
SD:gp:mens-coats/SD:gp:mens-denim-jackets,Dt_01_04_2015,1,1
SD:gp:mens-coats/SD:gp:mens-denim-jackets,Dt_02_04_2015,1,1
SD:gp:mens-coats/SD:gp:mens-denim-jackets,Dt_03_04_2015,0.8,0.8
SD:gp:mens-coats/SD:gp:mens-denim-jackets,Dt_04_04_2015,0.4,0.333333333
SD:gp:mens-coats/SD:gp:mens-denim-jackets,Dt_05_04_2015,1,0.25
SD:gp:mens-coats/SD:gp:mens-denim-jackets,Dt_06_04_2015,0.8,1
SD:gp:mens-coats/SD:gp:mens-denim-jackets,Dt_07_04_2015,1,0
SD:gp:mens-coats/SD:gp:mens-denim-jackets,Dt_08_04_2015,1,0.75
SD:gp:mens-coats/SD:gp:mens-denim-jackets,Dt_09_04_2015,1,0
SD:gp:mens-coats/SD:gp:mens-denim-jackets,Dt_10_04_2015,0.666666667,0.5
SD:gp:mens-coats/SD:gp:mens-denim-jackets,Dt_11_04_2015,0.666666667,0.5
SD:gp:mens-coats/SD:gp:mens-denim-jackets,Dt_12_04_2015,0.5,0.75
SD:gp:mens-coats/SD:gp:mens-denim-jackets,Dt_13_04_2015,1,0.555555556
SD:gp:mens-coats/SD:gp:mens-denim-jackets,Dt_14_04_2015,0.666666667,0.428571429
SD:gp:mens-coats/SD:gp:mens-denim-jackets,Dt_15_04_2015,1,0.25
SD:gp:mens-coats/SD:gp:mens-denim-jackets,Dt_16_04_2015,0.5,0.555555556
SD:gp:mens-coats/SD:gp:mens-denim-jackets,Dt_17_04_2015,1,0.8
SD:gp:mens-coats/SD:gp:mens-denim-jackets,Dt_18_04_2015,1,0.875
SD:gp:mens-coats/SD:gp:mens-denim-jackets,Dt_19_04_2015,0.666666667,0.666666667
SD:gp:mens-coats/SD:gp:mens-denim-jackets,Dt_20_04_2015,0.8,0.8
SD:gp:mens-coats/SD:gp:mens-denim-jackets,Dt_21_04_2015,1,0.777777778
SD:gp:mens-coats/SD:gp:mens-denim-jackets,Dt_22_04_2015,0.5,0.571428571
SD:gp:mens-coats/SD:gp:mens-denim-jackets,Dt_23_04_2015,0.666666667,0.625
SD:gp:mens-coats/SD:gp:mens-denim-jackets,Dt_24_04_2015,1,0.833333333
SD:gp:mens-coats/SD:gp:mens-denim-jackets,Dt_25_04_2015,1,0.4
SD:gp:mens-coats/SD:gp:mens-denim-jackets,Dt_26_04_2015,0.5,0.777777778
SD:gp:mens-coats/SD:gp:mens-denim-jackets,Dt_27_04_2015,0,0.916666667
SD:gp:mens-coats/SD:gp:mens-denim-jackets,Dt_28_04_2015,1,0.2
SD:gp:mens-coats/SD:gp:mens-denim-jackets,Dt_29_04_2015,1,0.636363636
SD:gp:mens-coats/SD:gp:mens-denim-jackets,Dt_30_04_2015,0,0.375
SD:gp:mens-coats/SD:gp:mens-denim-jackets,Dt_01_05_2015,1,0.25
SD:gp:mens-coats/SD:gp:mens-denim-jackets,Dt_02_05_2015,0.75,1
SD:gp:mens-coats/SD:gp:mens-denim-jackets,Dt_03_05_2015,1,1
SD:gp:mens-coats/SD:gp:mens-denim-jackets,Dt_04_05_2015,1,0.4
SD:gp:mens-coats/SD:gp:mens-denim-jackets,Dt_05_05_2015,1,0
SD:gp:mens-coats/SD:gp:mens-denim-jackets,Dt_06_05_2015,1,0.888888889
SD:gp:mens-coats/SD:gp:mens-denim-jackets,Dt_07_05_2015,1,0.857142857
SD:gp:mens-coats/SD:gp:mens-denim-jackets,Dt_08_05_2015,1,1
SD:gp:mens-coats/SD:gp:mens-denim-jackets,Dt_09_05_2015,1,1
SD:gp:mens-coats/SD:gp:mens-denim-jackets,Dt_10_05_2015,0.666666667,1
SD:gp:mens-coats/SD:gp:mens-denim-jackets,Dt_11_05_2015,1,0.666666667
SD:gp:mens-coats/SD:gp:mens-denim-jackets,Dt_12_05_2015,0.5,1
SD:gp:mens-coats/SD:gp:mens-denim-jackets,Dt_13_05_2015,0,0
SD:gp:mens-coats/SD:gp:mens-denim-jackets,Dt_14_05_2015,1,0.555555556
SD:gp:mens-coats/SD:gp:mens-denim-jackets,Dt_15_05_2015,0,0.666666667
SD:gp:mens-coats/SD:gp:mens-denim-jackets,Dt_16_05_2015,0,0.714285714
SD:gp:mens-coats/SD:gp:mens-denim-jackets,Dt_17_05_2015,0,0.714285714
SD:gp:mens-cotton-pants/SD:gp:mens-fitted-dress-shirts,Dt_24_03_2015,0.461538462,0.625
SD:gp:mens-cotton-pants/SD:gp:mens-fitted-dress-shirts,Dt_25_03_2015,0,0.555555556
SD:gp:mens-cotton-pants/SD:gp:mens-fitted-dress-shirts,Dt_26_03_2015,0.636363636,0.428571429
SD:gp:mens-cotton-pants/SD:gp:mens-fitted-dress-shirts,Dt_27_03_2015,0.375,0.5
SD:gp:mens-cotton-pants/SD:gp:mens-fitted-dress-shirts,Dt_28_03_2015,0.5,0.333333333
SD:gp:mens-cotton-pants/SD:gp:mens-fitted-dress-shirts,Dt_29_03_2015,0.166666667,0.5
SD:gp:mens-cotton-pants/SD:gp:mens-fitted-dress-shirts,Dt_30_03_2015,0.444444444,0.625
SD:gp:mens-cotton-pants/SD:gp:mens-fitted-dress-shirts,Dt_31_03_2015,0.333333333,0.6
SD:gp:mens-cotton-pants/SD:gp:mens-fitted-dress-shirts,Dt_01_04_2015,0.2,0.833333333
SD:gp:mens-cotton-pants/SD:gp:mens-fitted-dress-shirts,Dt_02_04_2015,0.444444444,0.571428571
SD:gp:mens-cotton-pants/SD:gp:mens-fitted-dress-shirts,Dt_03_04_2015,0.8,0.555555556
SD:gp:mens-cotton-pants/SD:gp:mens-fitted-dress-shirts,Dt_04_04_2015,0.428571429,0.4
SD:gp:mens-cotton-pants/SD:gp:mens-fitted-dress-shirts,Dt_05_04_2015,0.7,0.666666667
SD:gp:mens-cotton-pants/SD:gp:mens-fitted-dress-shirts,Dt_06_04_2015,0.583333333,0.833333333
SD:gp:mens-cotton-pants/SD:gp:mens-fitted-dress-shirts,Dt_07_04_2015,0.6,0.5
SD:gp:mens-cotton-pants/SD:gp:mens-fitted-dress-shirts,Dt_08_04_2015,0.5,0.333333333
SD:gp:mens-cotton-pants/SD:gp:mens-fitted-dress-shirts,Dt_09_04_2015,0.636363636,0.571428571
SD:gp:mens-cotton-pants/SD:gp:mens-fitted-dress-shirts,Dt_10_04_2015,0.5,0.454545455
SD:gp:mens-cotton-pants/SD:gp:mens-fitted-dress-shirts,Dt_11_04_2015,0.666666667,0.666666667
SD:gp:mens-cotton-pants/SD:gp:mens-fitted-dress-shirts,Dt_12_04_2015,0.7,0.5
SD:gp:mens-cotton-pants/SD:gp:mens-fitted-dress-shirts,Dt_13_04_2015,0.75,0.714285714
SD:gp:mens-cotton-pants/SD:gp:mens-fitted-dress-shirts,Dt_14_04_2015,0.75,0.833333333
SD:gp:mens-cotton-pants/SD:gp:mens-fitted-dress-shirts,Dt_15_04_2015,0.875,0.666666667
SD:gp:mens-cotton-pants/SD:gp:mens-fitted-dress-shirts,Dt_16_04_2015,0.666666667,0.714285714
SD:gp:mens-cotton-pants/SD:gp:mens-fitted-dress-shirts,Dt_17_04_2015,0.8,0.5
SD:gp:mens-cotton-pants/SD:gp:mens-fitted-dress-shirts,Dt_18_04_2015,0.666666667,0.5
SD:gp:mens-cotton-pants/SD:gp:mens-fitted-dress-shirts,Dt_19_04_2015,0.857142857,0.642857143
SD:gp:mens-cotton-pants/SD:gp:mens-fitted-dress-shirts,Dt_20_04_2015,0.666666667,0.333333333
SD:gp:mens-cotton-pants/SD:gp:mens-fitted-dress-shirts,Dt_21_04_2015,0.6,0.625
SD:gp:mens-cotton-pants/SD:gp:mens-fitted-dress-shirts,Dt_22_04_2015,0.75,1
SD:gp:mens-cotton-pants/SD:gp:mens-fitted-dress-shirts,Dt_23_04_2015,0.583333333,0.75
SD:gp:mens-cotton-pants/SD:gp:mens-fitted-dress-shirts,Dt_24_04_2015,0.5,0.428571429
SD:gp:mens-cotton-pants/SD:gp:mens-fitted-dress-shirts,Dt_25_04_2015,0.8,0.375
SD:gp:mens-cotton-pants/SD:gp:mens-fitted-dress-shirts,Dt_26_04_2015,1,0.333333333
SD:gp:mens-cotton-pants/SD:gp:mens-fitted-dress-shirts,Dt_27_04_2015,0.444444444,0.666666667
SD:gp:mens-cotton-pants/SD:gp:mens-fitted-dress-shirts,Dt_28_04_2015,0.4,0.75
SD:gp:mens-cotton-pants/SD:gp:mens-fitted-dress-shirts,Dt_29_04_2015,0.4,0.4
SD:gp:mens-cotton-pants/SD:gp:mens-fitted-dress-shirts,Dt_30_04_2015,0.555555556,0.3
SD:gp:mens-cotton-pants/SD:gp:mens-fitted-dress-shirts,Dt_01_05_2015,0.416666667,0.428571429
SD:gp:mens-cotton-pants/SD:gp:mens-fitted-dress-shirts,Dt_02_05_2015,0.7,0.285714286
SD:gp:mens-cotton-pants/SD:gp:mens-fitted-dress-shirts,Dt_03_05_2015,0.555555556,0.75
SD:gp:mens-cotton-pants/SD:gp:mens-fitted-dress-shirts,Dt_04_05_2015,0.6,0.666666667
SD:gp:mens-cotton-pants/SD:gp:mens-fitted-dress-shirts,Dt_05_05_2015,0.636363636,0.384615385
SD:gp:mens-cotton-pants/SD:gp:mens-fitted-dress-shirts,Dt_06_05_2015,0.625,0.5
SD:gp:mens-cotton-pants/SD:gp:mens-fitted-dress-shirts,Dt_07_05_2015,0.615384615,0.777777778
SD:gp:mens-cotton-pants/SD:gp:mens-fitted-dress-shirts,Dt_08_05_2015,0.538461538,0.5
SD:gp:mens-cotton-pants/SD:gp:mens-fitted-dress-shirts,Dt_09_05_2015,0.333333333,0.6
SD:gp:mens-cotton-pants/SD:gp:mens-fitted-dress-shirts,Dt_10_05_2015,0.666666667,0.5
SD:gp:mens-cotton-pants/SD:gp:mens-fitted-dress-shirts,Dt_11_05_2015,0.5,0.75
SD:gp:mens-cotton-pants/SD:gp:mens-fitted-dress-shirts,Dt_12_05_2015,0.6875,0.444444444
SD:gp:mens-cotton-pants/SD:gp:mens-fitted-dress-shirts,Dt_13_05_2015,0.3125,0.636363636
SD:gp:mens-cotton-pants/SD:gp:mens-fitted-dress-shirts,Dt_14_05_2015,0.857142857,0.6
SD:gp:mens-cotton-pants/SD:gp:mens-fitted-dress-shirts,Dt_15_05_2015,0.75,0.25
SD:gp:mens-cotton-pants/SD:gp:mens-fitted-dress-shirts,Dt_16_05_2015,0.75,1
SD:gp:mens-cotton-pants/SD:gp:mens-fitted-dress-shirts,Dt_17_05_2015,0.6,0.636363636
SD:gp:mens-leather-jackets/SD:gp:mens-flannel-shirt,Dt_24_03_2015,0.5,0
SD:gp:mens-leather-jackets/SD:gp:mens-flannel-shirt,Dt_25_03_2015,1,0
SD:gp:mens-leather-jackets/SD:gp:mens-flannel-shirt,Dt_26_03_2015,0.5,0.5
SD:gp:mens-leather-jackets/SD:gp:mens-flannel-shirt,Dt_27_03_2015,0.333333333,0
SD:gp:mens-leather-jackets/SD:gp:mens-flannel-shirt,Dt_28_03_2015,0.25,0
SD:gp:mens-leather-jackets/SD:gp:mens-flannel-shirt,Dt_29_03_2015,0.571428571,0
SD:gp:mens-leather-jackets/SD:gp:mens-flannel-shirt,Dt_30_03_2015,0.666666667,0.5
SD:gp:mens-leather-jackets/SD:gp:mens-flannel-shirt,Dt_31_03_2015,0.571428571,0
SD:gp:mens-leather-jackets/SD:gp:mens-flannel-shirt,Dt_01_04_2015,0.666666667,0.5
SD:gp:mens-leather-jackets/SD:gp:mens-flannel-shirt,Dt_02_04_2015,0.6,1
SD:gp:mens-leather-jackets/SD:gp:mens-flannel-shirt,Dt_03_04_2015,0.6,0.5
SD:gp:mens-leather-jackets/SD:gp:mens-flannel-shirt,Dt_04_04_2015,0.666666667,0
SD:gp:mens-leather-jackets/SD:gp:mens-flannel-shirt,Dt_05_04_2015,0.5,0
SD:gp:mens-leather-jackets/SD:gp:mens-flannel-shirt,Dt_06_04_2015,0.75,1
SD:gp:mens-leather-jackets/SD:gp:mens-flannel-shirt,Dt_07_04_2015,0.714285714,1
SD:gp:mens-leather-jackets/SD:gp:mens-flannel-shirt,Dt_08_04_2015,0.25,0
SD:gp:mens-leather-jackets/SD:gp:mens-flannel-shirt,Dt_09_04_2015,0.555555556,1
SD:gp:mens-leather-jackets/SD:gp:mens-flannel-shirt,Dt_10_04_2015,0.857142857,0.8
SD:gp:mens-leather-jackets/SD:gp:mens-flannel-shirt,Dt_11_04_2015,0.5,1
SD:gp:mens-leather-jackets/SD:gp:mens-flannel-shirt,Dt_12_04_2015,0.666666667,0.5
SD:gp:mens-leather-jackets/SD:gp:mens-flannel-shirt,Dt_13_04_2015,0.75,1
SD:gp:mens-leather-jackets/SD:gp:mens-flannel-shirt,Dt_14_04_2015,0.5,0
SD:gp:mens-leather-jackets/SD:gp:mens-flannel-shirt,Dt_15_04_2015,0.363636364,0
SD:gp:mens-leather-jackets/SD:gp:mens-flannel-shirt,Dt_16_04_2015,0.333333333,0.5
SD:gp:mens-leather-jackets/SD:gp:mens-flannel-shirt,Dt_17_04_2015,0,0
SD:gp:mens-leather-jackets/SD:gp:mens-flannel-shirt,Dt_18_04_2015,0.833333333,0.5
SD:gp:mens-leather-jackets/SD:gp:mens-flannel-shirt,Dt_19_04_2015,0.818181818,0
SD:gp:mens-leather-jackets/SD:gp:mens-flannel-shirt,Dt_20_04_2015,1,0.25
SD:gp:mens-leather-jackets/SD:gp:mens-flannel-shirt,Dt_21_04_2015,0.5,0
SD:gp:mens-leather-jackets/SD:gp:mens-flannel-shirt,Dt_22_04_2015,1,0
SD:gp:mens-leather-jackets/SD:gp:mens-flannel-shirt,Dt_23_04_2015,0.5,0.4
SD:gp:mens-leather-jackets/SD:gp:mens-flannel-shirt,Dt_24_04_2015,1,0.666666667
SD:gp:mens-leather-jackets/SD:gp:mens-flannel-shirt,Dt_25_04_2015,0.5,0
SD:gp:mens-leather-jackets/SD:gp:mens-flannel-shirt,Dt_26_04_2015,0.333333333,0
SD:gp:mens-leather-jackets/SD:gp:mens-flannel-shirt,Dt_27_04_2015,0.692307692,0
SD:gp:mens-leather-jackets/SD:gp:mens-flannel-shirt,Dt_28_04_2015,0.5,1
SD:gp:mens-leather-jackets/SD:gp:mens-flannel-shirt,Dt_29_04_2015,0.714285714,0.25
SD:gp:mens-leather-jackets/SD:gp:mens-flannel-shirt,Dt_30_04_2015,0.571428571,0
SD:gp:mens-leather-jackets/SD:gp:mens-flannel-shirt,Dt_01_05_2015,0.666666667,0.666666667
SD:gp:mens-leather-jackets/SD:gp:mens-flannel-shirt,Dt_02_05_2015,0.777777778,0
SD:gp:mens-leather-jackets/SD:gp:mens-flannel-shirt,Dt_03_05_2015,0.909090909,0
SD:gp:mens-leather-jackets/SD:gp:mens-flannel-shirt,Dt_04_05_2015,0.7,0.666666667
SD:gp:mens-leather-jackets/SD:gp:mens-flannel-shirt,Dt_05_05_2015,0.5,0
SD:gp:mens-leather-jackets/SD:gp:mens-flannel-shirt,Dt_06_05_2015,0.5,1
SD:gp:mens-leather-jackets/SD:gp:mens-flannel-shirt,Dt_07_05_2015,0.5,0
SD:gp:mens-leather-jackets/SD:gp:mens-flannel-shirt,Dt_08_05_2015,1,0
SD:gp:mens-leather-jackets/SD:gp:mens-flannel-shirt,Dt_09_05_2015,0.666666667,0.6
SD:gp:mens-leather-jackets/SD:gp:mens-flannel-shirt,Dt_10_05_2015,0.6,1
SD:gp:mens-leather-jackets/SD:gp:mens-flannel-shirt,Dt_11_05_2015,0.571428571,1
SD:gp:mens-leather-jackets/SD:gp:mens-flannel-shirt,Dt_12_05_2015,0.571428571,1
SD:gp:mens-leather-jackets/SD:gp:mens-flannel-shirt,Dt_13_05_2015,0.4,1
SD:gp:mens-leather-jackets/SD:gp:mens-flannel-shirt,Dt_14_05_2015,0.6,1
SD:gp:mens-leather-jackets/SD:gp:mens-flannel-shirt,Dt_15_05_2015,0.333333333,0.333333333
SD:gp:mens-leather-jackets/SD:gp:mens-flannel-shirt,Dt_16_05_2015,0.857142857,0
SD:gp:mens-leather-jackets/SD:gp:mens-flannel-shirt,Dt_17_05_2015,0.833333333,0.666666667
SD:gp:mens-plaid-shirts/SD:gp:mens-wool-coats,Dt_24_03_2015,0.666666667,1
SD:gp:mens-plaid-shirts/SD:gp:mens-wool-coats,Dt_25_03_2015,0.333333333,0.75
SD:gp:mens-plaid-shirts/SD:gp:mens-wool-coats,Dt_26_03_2015,1,0
SD:gp:mens-plaid-shirts/SD:gp:mens-wool-coats,Dt_27_03_2015,0,0
SD:gp:mens-plaid-shirts/SD:gp:mens-wool-coats,Dt_28_03_2015,0,0
SD:gp:mens-plaid-shirts/SD:gp:mens-wool-coats,Dt_29_03_2015,0,1
SD:gp:mens-plaid-shirts/SD:gp:mens-wool-coats,Dt_30_03_2015,0,0
SD:gp:mens-plaid-shirts/SD:gp:mens-wool-coats,Dt_31_03_2015,1,1
SD:gp:mens-plaid-shirts/SD:gp:mens-wool-coats,Dt_01_04_2015,0,0
SD:gp:mens-plaid-shirts/SD:gp:mens-wool-coats,Dt_02_04_2015,0,0
SD:gp:mens-plaid-shirts/SD:gp:mens-wool-coats,Dt_03_04_2015,0,0
SD:gp:mens-plaid-shirts/SD:gp:mens-wool-coats,Dt_04_04_2015,1,1
SD:gp:mens-plaid-shirts/SD:gp:mens-wool-coats,Dt_05_04_2015,0.5,1
SD:gp:mens-plaid-shirts/SD:gp:mens-wool-coats,Dt_06_04_2015,0,0
SD:gp:mens-plaid-shirts/SD:gp:mens-wool-coats,Dt_07_04_2015,0,0
SD:gp:mens-plaid-shirts/SD:gp:mens-wool-coats,Dt_08_04_2015,0,0
SD:gp:mens-plaid-shirts/SD:gp:mens-wool-coats,Dt_09_04_2015,0,0
SD:gp:mens-plaid-shirts/SD:gp:mens-wool-coats,Dt_10_04_2015,0,1
SD:gp:mens-plaid-shirts/SD:gp:mens-wool-coats,Dt_11_04_2015,0,0
SD:gp:mens-plaid-shirts/SD:gp:mens-wool-coats,Dt_12_04_2015,1,1
SD:gp:mens-plaid-shirts/SD:gp:mens-wool-coats,Dt_13_04_2015,0,0
SD:gp:mens-plaid-shirts/SD:gp:mens-wool-coats,Dt_14_04_2015,0.333333333,0
SD:gp:mens-plaid-shirts/SD:gp:mens-wool-coats,Dt_15_04_2015,0,1
SD:gp:mens-plaid-shirts/SD:gp:mens-wool-coats,Dt_16_04_2015,0,1
SD:gp:mens-plaid-shirts/SD:gp:mens-wool-coats,Dt_17_04_2015,0,0
SD:gp:mens-plaid-shirts/SD:gp:mens-wool-coats,Dt_18_04_2015,0,0
SD:gp:mens-plaid-shirts/SD:gp:mens-wool-coats,Dt_19_04_2015,0.666666667,0.5
SD:gp:mens-plaid-shirts/SD:gp:mens-wool-coats,Dt_20_04_2015,1,0
SD:gp:mens-plaid-shirts/SD:gp:mens-wool-coats,Dt_21_04_2015,0,0.5
SD:gp:mens-plaid-shirts/SD:gp:mens-wool-coats,Dt_22_04_2015,0.5,1
SD:gp:mens-plaid-shirts/SD:gp:mens-wool-coats,Dt_23_04_2015,0.5,0.5
SD:gp:mens-plaid-shirts/SD:gp:mens-wool-coats,Dt_24_04_2015,0,1
SD:gp:mens-plaid-shirts/SD:gp:mens-wool-coats,Dt_25_04_2015,0,0
SD:gp:mens-plaid-shirts/SD:gp:mens-wool-coats,Dt_26_04_2015,0.5,0
SD:gp:mens-plaid-shirts/SD:gp:mens-wool-coats,Dt_27_04_2015,1,1
SD:gp:mens-plaid-shirts/SD:gp:mens-wool-coats,Dt_28_04_2015,0,1
SD:gp:mens-plaid-shirts/SD:gp:mens-wool-coats,Dt_29_04_2015,0.666666667,1
SD:gp:mens-plaid-shirts/SD:gp:mens-wool-coats,Dt_30_04_2015,0.5,0
SD:gp:mens-plaid-shirts/SD:gp:mens-wool-coats,Dt_01_05_2015,0,0
SD:gp:mens-plaid-shirts/SD:gp:mens-wool-coats,Dt_02_05_2015,0.333333333,1
SD:gp:mens-plaid-shirts/SD:gp:mens-wool-coats,Dt_03_05_2015,1,1
SD:gp:mens-plaid-shirts/SD:gp:mens-wool-coats,Dt_04_05_2015,0.333333333,0
SD:gp:mens-plaid-shirts/SD:gp:mens-wool-coats,Dt_05_05_2015,0.5,1
SD:gp:mens-plaid-shirts/SD:gp:mens-wool-coats,Dt_06_05_2015,0.333333333,0
SD:gp:mens-plaid-shirts/SD:gp:mens-wool-coats,Dt_07_05_2015,0,0
SD:gp:mens-plaid-shirts/SD:gp:mens-wool-coats,Dt_08_05_2015,0,0
SD:gp:mens-plaid-shirts/SD:gp:mens-wool-coats,Dt_09_05_2015,1,1
SD:gp:mens-plaid-shirts/SD:gp:mens-wool-coats,Dt_10_05_2015,0,0
SD:gp:mens-plaid-shirts/SD:gp:mens-wool-coats,Dt_11_05_2015,1,1
SD:gp:mens-plaid-shirts/SD:gp:mens-wool-coats,Dt_12_05_2015,1,0
SD:gp:mens-plaid-shirts/SD:gp:mens-wool-coats,Dt_13_05_2015,1,0.25
SD:gp:mens-plaid-shirts/SD:gp:mens-wool-coats,Dt_14_05_2015,0,1
SD:gp:mens-plaid-shirts/SD:gp:mens-wool-coats,Dt_15_05_2015,1,1
SD:gp:mens-plaid-shirts/SD:gp:mens-wool-coats,Dt_16_05_2015,0,1
SD:gp:mens-plaid-shirts/SD:gp:mens-wool-coats,Dt_17_05_2015,0.5,0
SD:gp:mens-scarves/SD:gp:mens-jean-jacket,Dt_24_03_2015,1,1
SD:gp:mens-scarves/SD:gp:mens-jean-jacket,Dt_25_03_2015,0.333333333,0.5
SD:gp:mens-scarves/SD:gp:mens-jean-jacket,Dt_26_03_2015,0.5,0.6
SD:gp:mens-scarves/SD:gp:mens-jean-jacket,Dt_27_03_2015,0.333333333,0.444444444
SD:gp:mens-scarves/SD:gp:mens-jean-jacket,Dt_28_03_2015,1,0.333333333
SD:gp:mens-scarves/SD:gp:mens-jean-jacket,Dt_29_03_2015,0,0
SD:gp:mens-scarves/SD:gp:mens-jean-jacket,Dt_30_03_2015,0,0.333333333
SD:gp:mens-scarves/SD:gp:mens-jean-jacket,Dt_31_03_2015,0.5,0.5
SD:gp:mens-scarves/SD:gp:mens-jean-jacket,Dt_01_04_2015,0,0.6
SD:gp:mens-scarves/SD:gp:mens-jean-jacket,Dt_02_04_2015,1,0.4
SD:gp:mens-scarves/SD:gp:mens-jean-jacket,Dt_03_04_2015,0.333333333,0.6
SD:gp:mens-scarves/SD:gp:mens-jean-jacket,Dt_04_04_2015,0,0.666666667
SD:gp:mens-scarves/SD:gp:mens-jean-jacket,Dt_05_04_2015,0.333333333,0.4
SD:gp:mens-scarves/SD:gp:mens-jean-jacket,Dt_06_04_2015,0,0.5
SD:gp:mens-scarves/SD:gp:mens-jean-jacket,Dt_07_04_2015,0,0
SD:gp:mens-scarves/SD:gp:mens-jean-jacket,Dt_08_04_2015,1,0
SD:gp:mens-scarves/SD:gp:mens-jean-jacket,Dt_09_04_2015,0.5,0.333333333
SD:gp:mens-scarves/SD:gp:mens-jean-jacket,Dt_10_04_2015,0.5,0.4
SD:gp:mens-scarves/SD:gp:mens-jean-jacket,Dt_11_04_2015,0,1
SD:gp:mens-scarves/SD:gp:mens-jean-jacket,Dt_12_04_2015,1,1
SD:gp:mens-scarves/SD:gp:mens-jean-jacket,Dt_13_04_2015,0,0
SD:gp:mens-scarves/SD:gp:mens-jean-jacket,Dt_14_04_2015,0.5,0.571428571
SD:gp:mens-scarves/SD:gp:mens-jean-jacket,Dt_15_04_2015,0,0.5
SD:gp:mens-scarves/SD:gp:mens-jean-jacket,Dt_16_04_2015,1,1
SD:gp:mens-scarves/SD:gp:mens-jean-jacket,Dt_17_04_2015,0,0.666666667
SD:gp:mens-scarves/SD:gp:mens-jean-jacket,Dt_18_04_2015,0,0.5
SD:gp:mens-scarves/SD:gp:mens-jean-jacket,Dt_19_04_2015,1,0.684210526
SD:gp:mens-scarves/SD:gp:mens-jean-jacket,Dt_20_04_2015,0.5,0.7
SD:gp:mens-scarves/SD:gp:mens-jean-jacket,Dt_21_04_2015,0,0.833333333
SD:gp:mens-scarves/SD:gp:mens-jean-jacket,Dt_22_04_2015,0,0.857142857
SD:gp:mens-scarves/SD:gp:mens-jean-jacket,Dt_23_04_2015,0.5,0.75
SD:gp:mens-scarves/SD:gp:mens-jean-jacket,Dt_24_04_2015,0,0.6
SD:gp:mens-scarves/SD:gp:mens-jean-jacket,Dt_25_04_2015,1,0.285714286
SD:gp:mens-scarves/SD:gp:mens-jean-jacket,Dt_26_04_2015,1,0.6
SD:gp:mens-scarves/SD:gp:mens-jean-jacket,Dt_27_04_2015,1,0.833333333
SD:gp:mens-scarves/SD:gp:mens-jean-jacket,Dt_28_04_2015,0,1
SD:gp:mens-scarves/SD:gp:mens-jean-jacket,Dt_29_04_2015,0,0.333333333
SD:gp:mens-scarves/SD:gp:mens-jean-jacket,Dt_30_04_2015,0,0.4
SD:gp:mens-scarves/SD:gp:mens-jean-jacket,Dt_01_05_2015,1,0.333333333
SD:gp:mens-scarves/SD:gp:mens-jean-jacket,Dt_02_05_2015,1,0.666666667
SD:gp:mens-scarves/SD:gp:mens-jean-jacket,Dt_03_05_2015,0.333333333,0.8
SD:gp:mens-scarves/SD:gp:mens-jean-jacket,Dt_04_05_2015,0,0.5
SD:gp:mens-scarves/SD:gp:mens-jean-jacket,Dt_05_05_2015,0.5,0.666666667
SD:gp:mens-scarves/SD:gp:mens-jean-jacket,Dt_06_05_2015,1,0.833333333
SD:gp:mens-scarves/SD:gp:mens-jean-jacket,Dt_07_05_2015,0.5,0.333333333
SD:gp:mens-scarves/SD:gp:mens-jean-jacket,Dt_08_05_2015,0,1
SD:gp:mens-scarves/SD:gp:mens-jean-jacket,Dt_09_05_2015,1,1
SD:gp:mens-scarves/SD:gp:mens-jean-jacket,Dt_10_05_2015,1,0.75
SD:gp:mens-scarves/SD:gp:mens-jean-jacket,Dt_11_05_2015,1,1
SD:gp:mens-scarves/SD:gp:mens-jean-jacket,Dt_12_05_2015,1,0.666666667
SD:gp:mens-scarves/SD:gp:mens-jean-jacket,Dt_13_05_2015,1,0
SD:gp:mens-scarves/SD:gp:mens-jean-jacket,Dt_14_05_2015,0,1
SD:gp:mens-scarves/SD:gp:mens-jean-jacket,Dt_15_05_2015,0,0.714285714
SD:gp:mens-scarves/SD:gp:mens-jean-jacket,Dt_16_05_2015,0.5,0.8
SD:gp:mens-scarves/SD:gp:mens-jean-jacket,Dt_17_05_2015,1,0.636363636
SD:gp:mens-slim-fit-pants/SD:gp:mens-shirts,Dt_24_03_2015,0.4,0.625
SD:gp:mens-slim-fit-pants/SD:gp:mens-shirts,Dt_25_03_2015,0.3,0.666666667
SD:gp:mens-slim-fit-pants/SD:gp:mens-shirts,Dt_26_03_2015,0.625,0.578125
SD:gp:mens-slim-fit-pants/SD:gp:mens-shirts,Dt_27_03_2015,0.714285714,0.710144928
SD:gp:mens-slim-fit-pants/SD:gp:mens-shirts,Dt_28_03_2015,0.222222222,0.578947368
SD:gp:mens-slim-fit-pants/SD:gp:mens-shirts,Dt_29_03_2015,0.357142857,0.625
SD:gp:mens-slim-fit-pants/SD:gp:mens-shirts,Dt_30_03_2015,0.476190476,0.646153846
SD:gp:mens-slim-fit-pants/SD:gp:mens-shirts,Dt_31_03_2015,0.5,0.653846154
SD:gp:mens-slim-fit-pants/SD:gp:mens-shirts,Dt_01_04_2015,0.153846154,0.534246575
SD:gp:mens-slim-fit-pants/SD:gp:mens-shirts,Dt_02_04_2015,0.25,0.62295082
SD:gp:mens-slim-fit-pants/SD:gp:mens-shirts,Dt_03_04_2015,0.352941176,0.616666667
SD:gp:mens-slim-fit-pants/SD:gp:mens-shirts,Dt_04_04_2015,0.692307692,0.621212121
SD:gp:mens-slim-fit-pants/SD:gp:mens-shirts,Dt_05_04_2015,0.454545455,0.614457831
SD:gp:mens-slim-fit-pants/SD:gp:mens-shirts,Dt_06_04_2015,0.333333333,0.633333333
SD:gp:mens-slim-fit-pants/SD:gp:mens-shirts,Dt_07_04_2015,0.611111111,0.625
SD:gp:mens-slim-fit-pants/SD:gp:mens-shirts,Dt_08_04_2015,0.470588235,0.636363636
SD:gp:mens-slim-fit-pants/SD:gp:mens-shirts,Dt_09_04_2015,0.444444444,0.641509434
SD:gp:mens-slim-fit-pants/SD:gp:mens-shirts,Dt_10_04_2015,0.454545455,0.617647059
SD:gp:mens-slim-fit-pants/SD:gp:mens-shirts,Dt_11_04_2015,0.166666667,0.537037037
SD:gp:mens-slim-fit-pants/SD:gp:mens-shirts,Dt_12_04_2015,0.461538462,0.763636364
SD:gp:mens-slim-fit-pants/SD:gp:mens-shirts,Dt_13_04_2015,0.4,0.666666667
SD:gp:mens-slim-fit-pants/SD:gp:mens-shirts,Dt_14_04_2015,0.454545455,0.776595745
SD:gp:mens-slim-fit-pants/SD:gp:mens-shirts,Dt_15_04_2015,0.285714286,0.568421053
SD:gp:mens-slim-fit-pants/SD:gp:mens-shirts,Dt_16_04_2015,0.666666667,0.602272727
SD:gp:mens-slim-fit-pants/SD:gp:mens-shirts,Dt_17_04_2015,0.375,0.68852459
SD:gp:mens-slim-fit-pants/SD:gp:mens-shirts,Dt_18_04_2015,0.294117647,0.705882353
SD:gp:mens-slim-fit-pants/SD:gp:mens-shirts,Dt_19_04_2015,0.583333333,0.758241758
SD:gp:mens-slim-fit-pants/SD:gp:mens-shirts,Dt_20_04_2015,0.5625,0.734693878
SD:gp:mens-slim-fit-pants/SD:gp:mens-shirts,Dt_21_04_2015,0.5,0.795698925
SD:gp:mens-slim-fit-pants/SD:gp:mens-shirts,Dt_22_04_2015,0.666666667,0.823529412
SD:gp:mens-slim-fit-pants/SD:gp:mens-shirts,Dt_23_04_2015,0.428571429,0.805970149
SD:gp:mens-slim-fit-pants/SD:gp:mens-shirts,Dt_24_04_2015,0.428571429,0.738095238
SD:gp:mens-slim-fit-pants/SD:gp:mens-shirts,Dt_25_04_2015,0.461538462,0.627906977
SD:gp:mens-slim-fit-pants/SD:gp:mens-shirts,Dt_26_04_2015,0.833333333,0.768292683
SD:gp:mens-slim-fit-pants/SD:gp:mens-shirts,Dt_27_04_2015,0.666666667,0.651685393
SD:gp:mens-slim-fit-pants/SD:gp:mens-shirts,Dt_28_04_2015,0.5,0.793103448
SD:gp:mens-slim-fit-pants/SD:gp:mens-shirts,Dt_29_04_2015,0.5,0.714285714
SD:gp:mens-slim-fit-pants/SD:gp:mens-shirts,Dt_30_04_2015,0.5,0.78313253
SD:gp:mens-slim-fit-pants/SD:gp:mens-shirts,Dt_01_05_2015,0.454545455,0.721518987
SD:gp:mens-slim-fit-pants/SD:gp:mens-shirts,Dt_02_05_2015,0.384615385,0.675675676
SD:gp:mens-slim-fit-pants/SD:gp:mens-shirts,Dt_03_05_2015,0.846153846,0.659793814
SD:gp:mens-slim-fit-pants/SD:gp:mens-shirts,Dt_04_05_2015,0.625,0.694117647
SD:gp:mens-slim-fit-pants/SD:gp:mens-shirts,Dt_05_05_2015,0.5,0.65060241
SD:gp:mens-slim-fit-pants/SD:gp:mens-shirts,Dt_06_05_2015,0.5625,0.71875
SD:gp:mens-slim-fit-pants/SD:gp:mens-shirts,Dt_07_05_2015,0.428571429,0.638554217
SD:gp:mens-slim-fit-pants/SD:gp:mens-shirts,Dt_08_05_2015,0.6,0.675675676
SD:gp:mens-slim-fit-pants/SD:gp:mens-shirts,Dt_09_05_2015,0.555555556,0.6625
SD:gp:mens-slim-fit-pants/SD:gp:mens-shirts,Dt_10_05_2015,0.7,0.611111111
SD:gp:mens-slim-fit-pants/SD:gp:mens-shirts,Dt_11_05_2015,0.611111111,0.703703704
SD:gp:mens-slim-fit-pants/SD:gp:mens-shirts,Dt_12_05_2015,0.666666667,0.692307692
SD:gp:mens-slim-fit-pants/SD:gp:mens-shirts,Dt_13_05_2015,0.416666667,0.72173913
SD:gp:mens-slim-fit-pants/SD:gp:mens-shirts,Dt_14_05_2015,0.454545455,0.6875
SD:gp:mens-slim-fit-pants/SD:gp:mens-shirts,Dt_15_05_2015,0.466666667,0.692307692
SD:gp:mens-slim-fit-pants/SD:gp:mens-shirts,Dt_16_05_2015,0.5,0.790123457
SD:gp:mens-slim-fit-pants/SD:gp:mens-shirts,Dt_17_05_2015,0.555555556,0.756756757
SD:gp:mens-tall-skinny-jeans/SD:gp:jeans-for-tall-men,Dt_24_03_2015,0.5,0
SD:gp:mens-tall-skinny-jeans/SD:gp:jeans-for-tall-men,Dt_25_03_2015,0.714285714,0
SD:gp:mens-tall-skinny-jeans/SD:gp:jeans-for-tall-men,Dt_26_03_2015,0,1
SD:gp:mens-tall-skinny-jeans/SD:gp:jeans-for-tall-men,Dt_27_03_2015,1,0.555555556
SD:gp:mens-tall-skinny-jeans/SD:gp:jeans-for-tall-men,Dt_28_03_2015,1,0.6
SD:gp:mens-tall-skinny-jeans/SD:gp:jeans-for-tall-men,Dt_29_03_2015,0.5,0.666666667
SD:gp:mens-tall-skinny-jeans/SD:gp:jeans-for-tall-men,Dt_30_03_2015,0.5,0.4
SD:gp:mens-tall-skinny-jeans/SD:gp:jeans-for-tall-men,Dt_31_03_2015,0.333333333,0.555555556
SD:gp:mens-tall-skinny-jeans/SD:gp:jeans-for-tall-men,Dt_01_04_2015,1,0.571428571
SD:gp:mens-tall-skinny-jeans/SD:gp:jeans-for-tall-men,Dt_02_04_2015,0.5,0.4
SD:gp:mens-tall-skinny-jeans/SD:gp:jeans-for-tall-men,Dt_03_04_2015,0.333333333,0.625
SD:gp:mens-tall-skinny-jeans/SD:gp:jeans-for-tall-men,Dt_04_04_2015,1,0.75
SD:gp:mens-tall-skinny-jeans/SD:gp:jeans-for-tall-men,Dt_05_04_2015,0.5,0.538461538
SD:gp:mens-tall-skinny-jeans/SD:gp:jeans-for-tall-men,Dt_06_04_2015,0.5,0.7
SD:gp:mens-tall-skinny-jeans/SD:gp:jeans-for-tall-men,Dt_07_04_2015,0.5,0.6
SD:gp:mens-tall-skinny-jeans/SD:gp:jeans-for-tall-men,Dt_08_04_2015,0,0.6
SD:gp:mens-tall-skinny-jeans/SD:gp:jeans-for-tall-men,Dt_09_04_2015,0,0.75
SD:gp:mens-tall-skinny-jeans/SD:gp:jeans-for-tall-men,Dt_10_04_2015,0,0.8
SD:gp:mens-tall-skinny-jeans/SD:gp:jeans-for-tall-men,Dt_11_04_2015,0.75,0.285714286
SD:gp:mens-tall-skinny-jeans/SD:gp:jeans-for-tall-men,Dt_12_04_2015,0.333333333,0.666666667
SD:gp:mens-tall-skinny-jeans/SD:gp:jeans-for-tall-men,Dt_13_04_2015,0,0.666666667
SD:gp:mens-tall-skinny-jeans/SD:gp:jeans-for-tall-men,Dt_14_04_2015,0,0.875
SD:gp:mens-tall-skinny-jeans/SD:gp:jeans-for-tall-men,Dt_15_04_2015,0.333333333,0.666666667
SD:gp:mens-tall-skinny-jeans/SD:gp:jeans-for-tall-men,Dt_16_04_2015,0.333333333,0.714285714
SD:gp:mens-tall-skinny-jeans/SD:gp:jeans-for-tall-men,Dt_17_04_2015,1,1
SD:gp:mens-tall-skinny-jeans/SD:gp:jeans-for-tall-men,Dt_18_04_2015,0,1
SD:gp:mens-tall-skinny-jeans/SD:gp:jeans-for-tall-men,Dt_19_04_2015,1,0.8
SD:gp:mens-tall-skinny-jeans/SD:gp:jeans-for-tall-men,Dt_20_04_2015,0,0.818181818
SD:gp:mens-tall-skinny-jeans/SD:gp:jeans-for-tall-men,Dt_21_04_2015,0.8,0.857142857
SD:gp:mens-tall-skinny-jeans/SD:gp:jeans-for-tall-men,Dt_22_04_2015,0.666666667,0.75
SD:gp:mens-tall-skinny-jeans/SD:gp:jeans-for-tall-men,Dt_23_04_2015,0,0.714285714
SD:gp:mens-tall-skinny-jeans/SD:gp:jeans-for-tall-men,Dt_24_04_2015,1,0.777777778
SD:gp:mens-tall-skinny-jeans/SD:gp:jeans-for-tall-men,Dt_25_04_2015,0.333333333,0.923076923
SD:gp:mens-tall-skinny-jeans/SD:gp:jeans-for-tall-men,Dt_26_04_2015,1,0.6
SD:gp:mens-tall-skinny-jeans/SD:gp:jeans-for-tall-men,Dt_27_04_2015,1,0.75
SD:gp:mens-tall-skinny-jeans/SD:gp:jeans-for-tall-men,Dt_28_04_2015,0,0.666666667
SD:gp:mens-tall-skinny-jeans/SD:gp:jeans-for-tall-men,Dt_29_04_2015,1,0.833333333
SD:gp:mens-tall-skinny-jeans/SD:gp:jeans-for-tall-men,Dt_30_04_2015,0.625,0.6
SD:gp:mens-tall-skinny-jeans/SD:gp:jeans-for-tall-men,Dt_01_05_2015,0.666666667,0.818181818
SD:gp:mens-tall-skinny-jeans/SD:gp:jeans-for-tall-men,Dt_02_05_2015,0.666666667,0.714285714
SD:gp:mens-tall-skinny-jeans/SD:gp:jeans-for-tall-men,Dt_03_05_2015,1,0.692307692
SD:gp:mens-tall-skinny-jeans/SD:gp:jeans-for-tall-men,Dt_04_05_2015,0.333333333,0.5
SD:gp:mens-tall-skinny-jeans/SD:gp:jeans-for-tall-men,Dt_05_05_2015,0,0.6
SD:gp:mens-tall-skinny-jeans/SD:gp:jeans-for-tall-men,Dt_06_05_2015,0,0.6
SD:gp:mens-tall-skinny-jeans/SD:gp:jeans-for-tall-men,Dt_07_05_2015,0.75,0.571428571
SD:gp:mens-tall-skinny-jeans/SD:gp:jeans-for-tall-men,Dt_08_05_2015,0,0.4
SD:gp:mens-tall-skinny-jeans/SD:gp:jeans-for-tall-men,Dt_09_05_2015,0,0.777777778
SD:gp:mens-tall-skinny-jeans/SD:gp:jeans-for-tall-men,Dt_10_05_2015,0,0.8
SD:gp:mens-tall-skinny-jeans/SD:gp:jeans-for-tall-men,Dt_11_05_2015,0.5,0.666666667
SD:gp:mens-tall-skinny-jeans/SD:gp:jeans-for-tall-men,Dt_12_05_2015,0.333333333,0.8
SD:gp:mens-tall-skinny-jeans/SD:gp:jeans-for-tall-men,Dt_13_05_2015,0.5,0.6
SD:gp:mens-tall-skinny-jeans/SD:gp:jeans-for-tall-men,Dt_14_05_2015,0,0.571428571
SD:gp:mens-tall-skinny-jeans/SD:gp:jeans-for-tall-men,Dt_15_05_2015,0.333333333,0.5
SD:gp:mens-tall-skinny-jeans/SD:gp:jeans-for-tall-men,Dt_16_05_2015,0.5,0.666666667
SD:gp:mens-tall-skinny-jeans/SD:gp:jeans-for-tall-men,Dt_17_05_2015,1,0.666666667
SD:gp:relaxed-jeans/SD:gp:mens-v-neck,Dt_24_03_2015,1,0
SD:gp:relaxed-jeans/SD:gp:mens-v-neck,Dt_25_03_2015,0.5,0
SD:gp:relaxed-jeans/SD:gp:mens-v-neck,Dt_26_03_2015,0,0
SD:gp:relaxed-jeans/SD:gp:mens-v-neck,Dt_27_03_2015,0,0
SD:gp:relaxed-jeans/SD:gp:mens-v-neck,Dt_28_03_2015,0,0
SD:gp:relaxed-jeans/SD:gp:mens-v-neck,Dt_29_03_2015,0,0
SD:gp:relaxed-jeans/SD:gp:mens-v-neck,Dt_30_03_2015,0,1
SD:gp:relaxed-jeans/SD:gp:mens-v-neck,Dt_31_03_2015,1,0
SD:gp:relaxed-jeans/SD:gp:mens-v-neck,Dt_01_04_2015,1,0
SD:gp:relaxed-jeans/SD:gp:mens-v-neck,Dt_02_04_2015,0,1
SD:gp:relaxed-jeans/SD:gp:mens-v-neck,Dt_03_04_2015,0.5,0.5
SD:gp:relaxed-jeans/SD:gp:mens-v-neck,Dt_04_04_2015,0,0
SD:gp:relaxed-jeans/SD:gp:mens-v-neck,Dt_05_04_2015,1,0
SD:gp:relaxed-jeans/SD:gp:mens-v-neck,Dt_06_04_2015,0.5,0
SD:gp:relaxed-jeans/SD:gp:mens-v-neck,Dt_07_04_2015,0,0
SD:gp:relaxed-jeans/SD:gp:mens-v-neck,Dt_08_04_2015,0,0
SD:gp:relaxed-jeans/SD:gp:mens-v-neck,Dt_09_04_2015,1,0
SD:gp:relaxed-jeans/SD:gp:mens-v-neck,Dt_10_04_2015,0,1
SD:gp:relaxed-jeans/SD:gp:mens-v-neck,Dt_11_04_2015,0.5,0
SD:gp:relaxed-jeans/SD:gp:mens-v-neck,Dt_12_04_2015,1,0
SD:gp:relaxed-jeans/SD:gp:mens-v-neck,Dt_13_04_2015,0,0
SD:gp:relaxed-jeans/SD:gp:mens-v-neck,Dt_14_04_2015,1,1
SD:gp:relaxed-jeans/SD:gp:mens-v-neck,Dt_15_04_2015,0.666666667,0
SD:gp:relaxed-jeans/SD:gp:mens-v-neck,Dt_16_04_2015,1,1
SD:gp:relaxed-jeans/SD:gp:mens-v-neck,Dt_17_04_2015,1,0
SD:gp:relaxed-jeans/SD:gp:mens-v-neck,Dt_18_04_2015,0,0
SD:gp:relaxed-jeans/SD:gp:mens-v-neck,Dt_19_04_2015,1,0
SD:gp:relaxed-jeans/SD:gp:mens-v-neck,Dt_20_04_2015,1,0
SD:gp:relaxed-jeans/SD:gp:mens-v-neck,Dt_21_04_2015,1,1
SD:gp:relaxed-jeans/SD:gp:mens-v-neck,Dt_22_04_2015,0,1
SD:gp:relaxed-jeans/SD:gp:mens-v-neck,Dt_23_04_2015,0,0
SD:gp:relaxed-jeans/SD:gp:mens-v-neck,Dt_24_04_2015,0,0
SD:gp:relaxed-jeans/SD:gp:mens-v-neck,Dt_25_04_2015,1,0
SD:gp:relaxed-jeans/SD:gp:mens-v-neck,Dt_26_04_2015,0.333333333,1
SD:gp:relaxed-jeans/SD:gp:mens-v-neck,Dt_27_04_2015,1,1
SD:gp:relaxed-jeans/SD:gp:mens-v-neck,Dt_28_04_2015,0,1
SD:gp:relaxed-jeans/SD:gp:mens-v-neck,Dt_29_04_2015,1,0.666666667
SD:gp:relaxed-jeans/SD:gp:mens-v-neck,Dt_30_04_2015,0.75,1
SD:gp:relaxed-jeans/SD:gp:mens-v-neck,Dt_01_05_2015,0,0.5
SD:gp:relaxed-jeans/SD:gp:mens-v-neck,Dt_02_05_2015,1,0
SD:gp:relaxed-jeans/SD:gp:mens-v-neck,Dt_03_05_2015,1,1
SD:gp:relaxed-jeans/SD:gp:mens-v-neck,Dt_04_05_2015,0.5,0.666666667
SD:gp:relaxed-jeans/SD:gp:mens-v-neck,Dt_05_05_2015,1,0
SD:gp:relaxed-jeans/SD:gp:mens-v-neck,Dt_06_05_2015,1,1
SD:gp:relaxed-jeans/SD:gp:mens-v-neck,Dt_07_05_2015,0.75,1
SD:gp:relaxed-jeans/SD:gp:mens-v-neck,Dt_08_05_2015,0.5,0
SD:gp:relaxed-jeans/SD:gp:mens-v-neck,Dt_09_05_2015,1,0
SD:gp:relaxed-jeans/SD:gp:mens-v-neck,Dt_10_05_2015,1,1
SD:gp:relaxed-jeans/SD:gp:mens-v-neck,Dt_11_05_2015,1,1
SD:gp:relaxed-jeans/SD:gp:mens-v-neck,Dt_12_05_2015,1,1
SD:gp:relaxed-jeans/SD:gp:mens-v-neck,Dt_13_05_2015,1,1
SD:gp:relaxed-jeans/SD:gp:mens-v-neck,Dt_14_05_2015,1,0
SD:gp:relaxed-jeans/SD:gp:mens-v-neck,Dt_15_05_2015,1,1
SD:gp:relaxed-jeans/SD:gp:mens-v-neck,Dt_16_05_2015,1,0
SD:gp:relaxed-jeans/SD:gp:mens-v-neck,Dt_17_05_2015,1,1
SD:gp:threadless-tees-for-men/SD:gp:work-clothes-for-m,Dt_24_03_2015,1,0
SD:gp:threadless-tees-for-men/SD:gp:work-clothes-for-m,Dt_25_03_2015,1,0
SD:gp:threadless-tees-for-men/SD:gp:work-clothes-for-m,Dt_26_03_2015,0.666666667,1
SD:gp:threadless-tees-for-men/SD:gp:work-clothes-for-m,Dt_27_03_2015,0,0
SD:gp:threadless-tees-for-men/SD:gp:work-clothes-for-m,Dt_28_03_2015,0,1
SD:gp:threadless-tees-for-men/SD:gp:work-clothes-for-m,Dt_29_03_2015,0,0
SD:gp:threadless-tees-for-men/SD:gp:work-clothes-for-m,Dt_30_03_2015,0.333333333,0.5
SD:gp:threadless-tees-for-men/SD:gp:work-clothes-for-m,Dt_31_03_2015,0,0
SD:gp:threadless-tees-for-men/SD:gp:work-clothes-for-m,Dt_01_04_2015,0,0.5
SD:gp:threadless-tees-for-men/SD:gp:work-clothes-for-m,Dt_02_04_2015,0,1
SD:gp:threadless-tees-for-men/SD:gp:work-clothes-for-m,Dt_03_04_2015,1,1
SD:gp:threadless-tees-for-men/SD:gp:work-clothes-for-m,Dt_04_04_2015,1,1
SD:gp:threadless-tees-for-men/SD:gp:work-clothes-for-m,Dt_05_04_2015,0,1
SD:gp:threadless-tees-for-men/SD:gp:work-clothes-for-m,Dt_06_04_2015,0,0
SD:gp:threadless-tees-for-men/SD:gp:work-clothes-for-m,Dt_07_04_2015,0,0
SD:gp:threadless-tees-for-men/SD:gp:work-clothes-for-m,Dt_08_04_2015,1,0.25
SD:gp:threadless-tees-for-men/SD:gp:work-clothes-for-m,Dt_09_04_2015,0.666666667,0
SD:gp:threadless-tees-for-men/SD:gp:work-clothes-for-m,Dt_10_04_2015,0,0.666666667
SD:gp:threadless-tees-for-men/SD:gp:work-clothes-for-m,Dt_11_04_2015,1,0
SD:gp:threadless-tees-for-men/SD:gp:work-clothes-for-m,Dt_12_04_2015,0,0
SD:gp:threadless-tees-for-men/SD:gp:work-clothes-for-m,Dt_13_04_2015,1,1
SD:gp:threadless-tees-for-men/SD:gp:work-clothes-for-m,Dt_14_04_2015,0.75,0
SD:gp:threadless-tees-for-men/SD:gp:work-clothes-for-m,Dt_15_04_2015,0.666666667,0
SD:gp:threadless-tees-for-men/SD:gp:work-clothes-for-m,Dt_16_04_2015,1,1
SD:gp:threadless-tees-for-men/SD:gp:work-clothes-for-m,Dt_17_04_2015,0,1
SD:gp:threadless-tees-for-men/SD:gp:work-clothes-for-m,Dt_18_04_2015,1,0
SD:gp:threadless-tees-for-men/SD:gp:work-clothes-for-m,Dt_19_04_2015,0.75,1
SD:gp:threadless-tees-for-men/SD:gp:work-clothes-for-m,Dt_20_04_2015,1,1
SD:gp:threadless-tees-for-men/SD:gp:work-clothes-for-m,Dt_21_04_2015,0,0
SD:gp:threadless-tees-for-men/SD:gp:work-clothes-for-m,Dt_22_04_2015,1,1
SD:gp:threadless-tees-for-men/SD:gp:work-clothes-for-m,Dt_23_04_2015,0,0.5
SD:gp:threadless-tees-for-men/SD:gp:work-clothes-for-m,Dt_24_04_2015,0,0
SD:gp:threadless-tees-for-men/SD:gp:work-clothes-for-m,Dt_25_04_2015,1,0
SD:gp:threadless-tees-for-men/SD:gp:work-clothes-for-m,Dt_26_04_2015,1,0
SD:gp:threadless-tees-for-men/SD:gp:work-clothes-for-m,Dt_27_04_2015,1,0
SD:gp:threadless-tees-for-men/SD:gp:work-clothes-for-m,Dt_28_04_2015,0,0
SD:gp:threadless-tees-for-men/SD:gp:work-clothes-for-m,Dt_29_04_2015,0,0
SD:gp:threadless-tees-for-men/SD:gp:work-clothes-for-m,Dt_30_04_2015,0,0.5
SD:gp:threadless-tees-for-men/SD:gp:work-clothes-for-m,Dt_01_05_2015,0,0
SD:gp:threadless-tees-for-men/SD:gp:work-clothes-for-m,Dt_02_05_2015,1,0
SD:gp:threadless-tees-for-men/SD:gp:work-clothes-for-m,Dt_03_05_2015,1,0
SD:gp:threadless-tees-for-men/SD:gp:work-clothes-for-m,Dt_04_05_2015,0,0
SD:gp:threadless-tees-for-men/SD:gp:work-clothes-for-m,Dt_05_05_2015,0,1
SD:gp:threadless-tees-for-men/SD:gp:work-clothes-for-m,Dt_06_05_2015,1,0
SD:gp:threadless-tees-for-men/SD:gp:work-clothes-for-m,Dt_07_05_2015,1,0
SD:gp:threadless-tees-for-men/SD:gp:work-clothes-for-m,Dt_08_05_2015,0,0
SD:gp:threadless-tees-for-men/SD:gp:work-clothes-for-m,Dt_09_05_2015,0.666666667,1
SD:gp:threadless-tees-for-men/SD:gp:work-clothes-for-m,Dt_10_05_2015,1,1
SD:gp:threadless-tees-for-men/SD:gp:work-clothes-for-m,Dt_11_05_2015,0.5,1
SD:gp:threadless-tees-for-men/SD:gp:work-clothes-for-m,Dt_12_05_2015,0.75,0
SD:gp:threadless-tees-for-men/SD:gp:work-clothes-for-m,Dt_13_05_2015,0,0
SD:gp:threadless-tees-for-men/SD:gp:work-clothes-for-m,Dt_14_05_2015,0.333333333,1
SD:gp:threadless-tees-for-men/SD:gp:work-clothes-for-m,Dt_15_05_2015,0,1
SD:gp:threadless-tees-for-men/SD:gp:work-clothes-for-m,Dt_16_05_2015,0.666666667,1
SD:gp:threadless-tees-for-men/SD:gp:work-clothes-for-m,Dt_17_05_2015,0,0
SD:gp:winter-coats-for-men/SD:gp:mens-fitted-short-sle,Dt_24_03_2015,1,0.333333333
SD:gp:winter-coats-for-men/SD:gp:mens-fitted-short-sle,Dt_25_03_2015,1,0.285714286
SD:gp:winter-coats-for-men/SD:gp:mens-fitted-short-sle,Dt_26_03_2015,0.5,0.666666667
SD:gp:winter-coats-for-men/SD:gp:mens-fitted-short-sle,Dt_27_03_2015,0.666666667,0
SD:gp:winter-coats-for-men/SD:gp:mens-fitted-short-sle,Dt_28_03_2015,0,0
SD:gp:winter-coats-for-men/SD:gp:mens-fitted-short-sle,Dt_29_03_2015,0.333333333,0.285714286
SD:gp:winter-coats-for-men/SD:gp:mens-fitted-short-sle,Dt_30_03_2015,0.75,0.666666667
SD:gp:winter-coats-for-men/SD:gp:mens-fitted-short-sle,Dt_31_03_2015,0,0.2
SD:gp:winter-coats-for-men/SD:gp:mens-fitted-short-sle,Dt_01_04_2015,0.666666667,0.4
SD:gp:winter-coats-for-men/SD:gp:mens-fitted-short-sle,Dt_02_04_2015,0,0
SD:gp:winter-coats-for-men/SD:gp:mens-fitted-short-sle,Dt_03_04_2015,0,0.5
SD:gp:winter-coats-for-men/SD:gp:mens-fitted-short-sle,Dt_04_04_2015,1,0
SD:gp:winter-coats-for-men/SD:gp:mens-fitted-short-sle,Dt_05_04_2015,0,0.375
SD:gp:winter-coats-for-men/SD:gp:mens-fitted-short-sle,Dt_06_04_2015,1,0.285714286
SD:gp:winter-coats-for-men/SD:gp:mens-fitted-short-sle,Dt_07_04_2015,0.5,0.857142857
SD:gp:winter-coats-for-men/SD:gp:mens-fitted-short-sle,Dt_08_04_2015,0,0.5
SD:gp:winter-coats-for-men/SD:gp:mens-fitted-short-sle,Dt_09_04_2015,0,0.8
SD:gp:winter-coats-for-men/SD:gp:mens-fitted-short-sle,Dt_10_04_2015,0,0.5
SD:gp:winter-coats-for-men/SD:gp:mens-fitted-short-sle,Dt_11_04_2015,1,0.5
SD:gp:winter-coats-for-men/SD:gp:mens-fitted-short-sle,Dt_12_04_2015,1,0.2
SD:gp:winter-coats-for-men/SD:gp:mens-fitted-short-sle,Dt_13_04_2015,0,0.6
SD:gp:winter-coats-for-men/SD:gp:mens-fitted-short-sle,Dt_14_04_2015,0,0.571428571
SD:gp:winter-coats-for-men/SD:gp:mens-fitted-short-sle,Dt_15_04_2015,0,0.666666667
SD:gp:winter-coats-for-men/SD:gp:mens-fitted-short-sle,Dt_16_04_2015,0,0.666666667
SD:gp:winter-coats-for-men/SD:gp:mens-fitted-short-sle,Dt_17_04_2015,0,1
SD:gp:winter-coats-for-men/SD:gp:mens-fitted-short-sle,Dt_18_04_2015,0,0.727272727
SD:gp:winter-coats-for-men/SD:gp:mens-fitted-short-sle,Dt_19_04_2015,0,0.428571429
SD:gp:winter-coats-for-men/SD:gp:mens-fitted-short-sle,Dt_20_04_2015,0.5,0.6
SD:gp:winter-coats-for-men/SD:gp:mens-fitted-short-sle,Dt_21_04_2015,0,0.7
SD:gp:winter-coats-for-men/SD:gp:mens-fitted-short-sle,Dt_22_04_2015,0,0.5
SD:gp:winter-coats-for-men/SD:gp:mens-fitted-short-sle,Dt_23_04_2015,0.5,0.777777778
SD:gp:winter-coats-for-men/SD:gp:mens-fitted-short-sle,Dt_24_04_2015,1,0.6
SD:gp:winter-coats-for-men/SD:gp:mens-fitted-short-sle,Dt_25_04_2015,1,0.5
SD:gp:winter-coats-for-men/SD:gp:mens-fitted-short-sle,Dt_26_04_2015,0.5,0.714285714
SD:gp:winter-coats-for-men/SD:gp:mens-fitted-short-sle,Dt_27_04_2015,0,0.5
SD:gp:winter-coats-for-men/SD:gp:mens-fitted-short-sle,Dt_28_04_2015,1,0.333333333
SD:gp:winter-coats-for-men/SD:gp:mens-fitted-short-sle,Dt_29_04_2015,1,0.181818182
SD:gp:winter-coats-for-men/SD:gp:mens-fitted-short-sle,Dt_30_04_2015,0,0.5
SD:gp:winter-coats-for-men/SD:gp:mens-fitted-short-sle,Dt_01_05_2015,0.5,0.363636364
SD:gp:winter-coats-for-men/SD:gp:mens-fitted-short-sle,Dt_02_05_2015,0,0.6
SD:gp:winter-coats-for-men/SD:gp:mens-fitted-short-sle,Dt_03_05_2015,0,0.2
SD:gp:winter-coats-for-men/SD:gp:mens-fitted-short-sle,Dt_04_05_2015,0.333333333,0.538461538
SD:gp:winter-coats-for-men/SD:gp:mens-fitted-short-sle,Dt_05_05_2015,1,0.666666667
SD:gp:winter-coats-for-men/SD:gp:mens-fitted-short-sle,Dt_06_05_2015,0,0.777777778
SD:gp:winter-coats-for-men/SD:gp:mens-fitted-short-sle,Dt_07_05_2015,1,0.666666667
SD:gp:winter-coats-for-men/SD:gp:mens-fitted-short-sle,Dt_08_05_2015,0,0.6
SD:gp:winter-coats-for-men/SD:gp:mens-fitted-short-sle,Dt_09_05_2015,0,0.714285714
SD:gp:winter-coats-for-men/SD:gp:mens-fitted-short-sle,Dt_10_05_2015,0,0.583333333
SD:gp:winter-coats-for-men/SD:gp:mens-fitted-short-sle,Dt_11_05_2015,1,0.5
SD:gp:winter-coats-for-men/SD:gp:mens-fitted-short-sle,Dt_12_05_2015,0,0.4
SD:gp:winter-coats-for-men/SD:gp:mens-fitted-short-sle,Dt_13_05_2015,1,0.454545455
SD:gp:winter-coats-for-men/SD:gp:mens-fitted-short-sle,Dt_14_05_2015,0.5,0.714285714
SD:gp:winter-coats-for-men/SD:gp:mens-fitted-short-sle,Dt_15_05_2015,0,0.333333333
SD:gp:winter-coats-for-men/SD:gp:mens-fitted-short-sle,Dt_16_05_2015,0,0.625
SD:gp:winter-coats-for-men/SD:gp:mens-fitted-short-sle,Dt_17_05_2015,1,0.636363636
