Pair_page,Dt,Control,Test
SD:gp:discount-mens-shirts/SD:gp:mens-shirts-sale,Dt_24_03_2015,3,11
SD:gp:discount-mens-shirts/SD:gp:mens-shirts-sale,Dt_25_03_2015,2,12
SD:gp:discount-mens-shirts/SD:gp:mens-shirts-sale,Dt_26_03_2015,8,10
SD:gp:discount-mens-shirts/SD:gp:mens-shirts-sale,Dt_27_03_2015,1,9
SD:gp:discount-mens-shirts/SD:gp:mens-shirts-sale,Dt_28_03_2015,1,7
SD:gp:discount-mens-shirts/SD:gp:mens-shirts-sale,Dt_29_03_2015,5,4
SD:gp:discount-mens-shirts/SD:gp:mens-shirts-sale,Dt_30_03_2015,4,4
SD:gp:discount-mens-shirts/SD:gp:mens-shirts-sale,Dt_31_03_2015,3,6
SD:gp:discount-mens-shirts/SD:gp:mens-shirts-sale,Dt_01_04_2015,8,6
SD:gp:discount-mens-shirts/SD:gp:mens-shirts-sale,Dt_02_04_2015,2,11
SD:gp:discount-mens-shirts/SD:gp:mens-shirts-sale,Dt_03_04_2015,6,10
SD:gp:discount-mens-shirts/SD:gp:mens-shirts-sale,Dt_04_04_2015,2,5
SD:gp:discount-mens-shirts/SD:gp:mens-shirts-sale,Dt_05_04_2015,3,12
SD:gp:discount-mens-shirts/SD:gp:mens-shirts-sale,Dt_06_04_2015,2,6
SD:gp:discount-mens-shirts/SD:gp:mens-shirts-sale,Dt_07_04_2015,6,14
SD:gp:discount-mens-shirts/SD:gp:mens-shirts-sale,Dt_08_04_2015,1,10
SD:gp:discount-mens-shirts/SD:gp:mens-shirts-sale,Dt_09_04_2015,7,10
SD:gp:discount-mens-shirts/SD:gp:mens-shirts-sale,Dt_10_04_2015,2,9
SD:gp:discount-mens-shirts/SD:gp:mens-shirts-sale,Dt_11_04_2015,2,3
SD:gp:discount-mens-shirts/SD:gp:mens-shirts-sale,Dt_12_04_2015,5,13
SD:gp:discount-mens-shirts/SD:gp:mens-shirts-sale,Dt_13_04_2015,6,10
SD:gp:discount-mens-shirts/SD:gp:mens-shirts-sale,Dt_14_04_2015,5,18
SD:gp:discount-mens-shirts/SD:gp:mens-shirts-sale,Dt_15_04_2015,4,12
SD:gp:discount-mens-shirts/SD:gp:mens-shirts-sale,Dt_16_04_2015,0,27
SD:gp:discount-mens-shirts/SD:gp:mens-shirts-sale,Dt_17_04_2015,0,12
SD:gp:discount-mens-shirts/SD:gp:mens-shirts-sale,Dt_18_04_2015,0,10
SD:gp:discount-mens-shirts/SD:gp:mens-shirts-sale,Dt_19_04_2015,0,11
SD:gp:discount-mens-shirts/SD:gp:mens-shirts-sale,Dt_20_04_2015,0,12
SD:gp:discount-mens-shirts/SD:gp:mens-shirts-sale,Dt_21_04_2015,0,7
SD:gp:discount-mens-shirts/SD:gp:mens-shirts-sale,Dt_22_04_2015,0,9
SD:gp:discount-mens-shirts/SD:gp:mens-shirts-sale,Dt_23_04_2015,0,10
SD:gp:discount-mens-shirts/SD:gp:mens-shirts-sale,Dt_24_04_2015,0,4
SD:gp:discount-mens-shirts/SD:gp:mens-shirts-sale,Dt_25_04_2015,0,15
SD:gp:discount-mens-shirts/SD:gp:mens-shirts-sale,Dt_26_04_2015,0,11
SD:gp:discount-mens-shirts/SD:gp:mens-shirts-sale,Dt_27_04_2015,0,19
SD:gp:discount-mens-shirts/SD:gp:mens-shirts-sale,Dt_28_04_2015,0,17
SD:gp:discount-mens-shirts/SD:gp:mens-shirts-sale,Dt_29_04_2015,0,13
SD:gp:discount-mens-shirts/SD:gp:mens-shirts-sale,Dt_30_04_2015,0,15
SD:gp:discount-mens-shirts/SD:gp:mens-shirts-sale,Dt_01_05_2015,0,12
SD:gp:discount-mens-shirts/SD:gp:mens-shirts-sale,Dt_02_05_2015,0,11
SD:gp:discount-mens-shirts/SD:gp:mens-shirts-sale,Dt_03_05_2015,0,20
SD:gp:discount-mens-shirts/SD:gp:mens-shirts-sale,Dt_04_05_2015,0,13
SD:gp:discount-mens-shirts/SD:gp:mens-shirts-sale,Dt_05_05_2015,0,14
SD:gp:discount-mens-shirts/SD:gp:mens-shirts-sale,Dt_06_05_2015,0,11
SD:gp:discount-mens-shirts/SD:gp:mens-shirts-sale,Dt_07_05_2015,0,13
SD:gp:discount-mens-shirts/SD:gp:mens-shirts-sale,Dt_08_05_2015,0,16
SD:gp:discount-mens-shirts/SD:gp:mens-shirts-sale,Dt_09_05_2015,0,14
SD:gp:discount-mens-shirts/SD:gp:mens-shirts-sale,Dt_10_05_2015,0,17
SD:gp:discount-mens-shirts/SD:gp:mens-shirts-sale,Dt_11_05_2015,0,9
SD:gp:discount-mens-shirts/SD:gp:mens-shirts-sale,Dt_12_05_2015,0,20
SD:gp:discount-mens-shirts/SD:gp:mens-shirts-sale,Dt_13_05_2015,0,8
SD:gp:discount-mens-shirts/SD:gp:mens-shirts-sale,Dt_14_05_2015,0,15
SD:gp:discount-mens-shirts/SD:gp:mens-shirts-sale,Dt_15_05_2015,0,11
SD:gp:discount-mens-shirts/SD:gp:mens-shirts-sale,Dt_16_05_2015,0,21
SD:gp:discount-mens-shirts/SD:gp:mens-shirts-sale,Dt_17_05_2015,0,15
SD:gp:mens-boot-cut-jeans/SD:gp:mens-straight-leg-jean,Dt_24_03_2015,10,12
SD:gp:mens-boot-cut-jeans/SD:gp:mens-straight-leg-jean,Dt_25_03_2015,15,13
SD:gp:mens-boot-cut-jeans/SD:gp:mens-straight-leg-jean,Dt_26_03_2015,11,12
SD:gp:mens-boot-cut-jeans/SD:gp:mens-straight-leg-jean,Dt_27_03_2015,7,11
SD:gp:mens-boot-cut-jeans/SD:gp:mens-straight-leg-jean,Dt_28_03_2015,12,10
SD:gp:mens-boot-cut-jeans/SD:gp:mens-straight-leg-jean,Dt_29_03_2015,19,13
SD:gp:mens-boot-cut-jeans/SD:gp:mens-straight-leg-jean,Dt_30_03_2015,15,13
SD:gp:mens-boot-cut-jeans/SD:gp:mens-straight-leg-jean,Dt_31_03_2015,16,10
SD:gp:mens-boot-cut-jeans/SD:gp:mens-straight-leg-jean,Dt_01_04_2015,14,7
SD:gp:mens-boot-cut-jeans/SD:gp:mens-straight-leg-jean,Dt_02_04_2015,19,12
SD:gp:mens-boot-cut-jeans/SD:gp:mens-straight-leg-jean,Dt_03_04_2015,11,10
SD:gp:mens-boot-cut-jeans/SD:gp:mens-straight-leg-jean,Dt_04_04_2015,14,10
SD:gp:mens-boot-cut-jeans/SD:gp:mens-straight-leg-jean,Dt_05_04_2015,15,11
SD:gp:mens-boot-cut-jeans/SD:gp:mens-straight-leg-jean,Dt_06_04_2015,13,13
SD:gp:mens-boot-cut-jeans/SD:gp:mens-straight-leg-jean,Dt_07_04_2015,7,12
SD:gp:mens-boot-cut-jeans/SD:gp:mens-straight-leg-jean,Dt_08_04_2015,13,14
SD:gp:mens-boot-cut-jeans/SD:gp:mens-straight-leg-jean,Dt_09_04_2015,10,11
SD:gp:mens-boot-cut-jeans/SD:gp:mens-straight-leg-jean,Dt_10_04_2015,13,8
SD:gp:mens-boot-cut-jeans/SD:gp:mens-straight-leg-jean,Dt_11_04_2015,15,11
SD:gp:mens-boot-cut-jeans/SD:gp:mens-straight-leg-jean,Dt_12_04_2015,13,17
SD:gp:mens-boot-cut-jeans/SD:gp:mens-straight-leg-jean,Dt_13_04_2015,10,9
SD:gp:mens-boot-cut-jeans/SD:gp:mens-straight-leg-jean,Dt_14_04_2015,11,11
SD:gp:mens-boot-cut-jeans/SD:gp:mens-straight-leg-jean,Dt_15_04_2015,12,12
SD:gp:mens-boot-cut-jeans/SD:gp:mens-straight-leg-jean,Dt_16_04_2015,4,15
SD:gp:mens-boot-cut-jeans/SD:gp:mens-straight-leg-jean,Dt_17_04_2015,7,5
SD:gp:mens-boot-cut-jeans/SD:gp:mens-straight-leg-jean,Dt_18_04_2015,12,9
SD:gp:mens-boot-cut-jeans/SD:gp:mens-straight-leg-jean,Dt_19_04_2015,22,10
SD:gp:mens-boot-cut-jeans/SD:gp:mens-straight-leg-jean,Dt_20_04_2015,14,12
SD:gp:mens-boot-cut-jeans/SD:gp:mens-straight-leg-jean,Dt_21_04_2015,15,14
SD:gp:mens-boot-cut-jeans/SD:gp:mens-straight-leg-jean,Dt_22_04_2015,25,15
SD:gp:mens-boot-cut-jeans/SD:gp:mens-straight-leg-jean,Dt_23_04_2015,15,12
SD:gp:mens-boot-cut-jeans/SD:gp:mens-straight-leg-jean,Dt_24_04_2015,9,7
SD:gp:mens-boot-cut-jeans/SD:gp:mens-straight-leg-jean,Dt_25_04_2015,12,12
SD:gp:mens-boot-cut-jeans/SD:gp:mens-straight-leg-jean,Dt_26_04_2015,19,11
SD:gp:mens-boot-cut-jeans/SD:gp:mens-straight-leg-jean,Dt_27_04_2015,11,14
SD:gp:mens-boot-cut-jeans/SD:gp:mens-straight-leg-jean,Dt_28_04_2015,16,6
SD:gp:mens-boot-cut-jeans/SD:gp:mens-straight-leg-jean,Dt_29_04_2015,12,10
SD:gp:mens-boot-cut-jeans/SD:gp:mens-straight-leg-jean,Dt_30_04_2015,6,14
SD:gp:mens-boot-cut-jeans/SD:gp:mens-straight-leg-jean,Dt_01_05_2015,17,14
SD:gp:mens-boot-cut-jeans/SD:gp:mens-straight-leg-jean,Dt_02_05_2015,14,3
SD:gp:mens-boot-cut-jeans/SD:gp:mens-straight-leg-jean,Dt_03_05_2015,13,12
SD:gp:mens-boot-cut-jeans/SD:gp:mens-straight-leg-jean,Dt_04_05_2015,13,12
SD:gp:mens-boot-cut-jeans/SD:gp:mens-straight-leg-jean,Dt_05_05_2015,7,11
SD:gp:mens-boot-cut-jeans/SD:gp:mens-straight-leg-jean,Dt_06_05_2015,20,11
SD:gp:mens-boot-cut-jeans/SD:gp:mens-straight-leg-jean,Dt_07_05_2015,15,8
SD:gp:mens-boot-cut-jeans/SD:gp:mens-straight-leg-jean,Dt_08_05_2015,3,9
SD:gp:mens-boot-cut-jeans/SD:gp:mens-straight-leg-jean,Dt_09_05_2015,8,14
SD:gp:mens-boot-cut-jeans/SD:gp:mens-straight-leg-jean,Dt_10_05_2015,12,13
SD:gp:mens-boot-cut-jeans/SD:gp:mens-straight-leg-jean,Dt_11_05_2015,11,13
SD:gp:mens-boot-cut-jeans/SD:gp:mens-straight-leg-jean,Dt_12_05_2015,8,15
SD:gp:mens-boot-cut-jeans/SD:gp:mens-straight-leg-jean,Dt_13_05_2015,13,2
SD:gp:mens-boot-cut-jeans/SD:gp:mens-straight-leg-jean,Dt_14_05_2015,8,14
SD:gp:mens-boot-cut-jeans/SD:gp:mens-straight-leg-jean,Dt_15_05_2015,12,12
SD:gp:mens-boot-cut-jeans/SD:gp:mens-straight-leg-jean,Dt_16_05_2015,9,13
SD:gp:mens-boot-cut-jeans/SD:gp:mens-straight-leg-jean,Dt_17_05_2015,17,14
SD:gp:mens-crewneck-sweaters/SD:gp:mens-sweater-sale,Dt_24_03_2015,7,10
SD:gp:mens-crewneck-sweaters/SD:gp:mens-sweater-sale,Dt_25_03_2015,3,10
SD:gp:mens-crewneck-sweaters/SD:gp:mens-sweater-sale,Dt_26_03_2015,4,10
SD:gp:mens-crewneck-sweaters/SD:gp:mens-sweater-sale,Dt_27_03_2015,7,12
SD:gp:mens-crewneck-sweaters/SD:gp:mens-sweater-sale,Dt_28_03_2015,3,16
SD:gp:mens-crewneck-sweaters/SD:gp:mens-sweater-sale,Dt_29_03_2015,1,8
SD:gp:mens-crewneck-sweaters/SD:gp:mens-sweater-sale,Dt_30_03_2015,4,16
SD:gp:mens-crewneck-sweaters/SD:gp:mens-sweater-sale,Dt_31_03_2015,5,15
SD:gp:mens-crewneck-sweaters/SD:gp:mens-sweater-sale,Dt_01_04_2015,3,9
SD:gp:mens-crewneck-sweaters/SD:gp:mens-sweater-sale,Dt_02_04_2015,4,11
SD:gp:mens-crewneck-sweaters/SD:gp:mens-sweater-sale,Dt_03_04_2015,4,10
SD:gp:mens-crewneck-sweaters/SD:gp:mens-sweater-sale,Dt_04_04_2015,1,6
SD:gp:mens-crewneck-sweaters/SD:gp:mens-sweater-sale,Dt_05_04_2015,2,7
SD:gp:mens-crewneck-sweaters/SD:gp:mens-sweater-sale,Dt_06_04_2015,5,10
SD:gp:mens-crewneck-sweaters/SD:gp:mens-sweater-sale,Dt_07_04_2015,0,9
SD:gp:mens-crewneck-sweaters/SD:gp:mens-sweater-sale,Dt_08_04_2015,7,11
SD:gp:mens-crewneck-sweaters/SD:gp:mens-sweater-sale,Dt_09_04_2015,1,9
SD:gp:mens-crewneck-sweaters/SD:gp:mens-sweater-sale,Dt_10_04_2015,1,12
SD:gp:mens-crewneck-sweaters/SD:gp:mens-sweater-sale,Dt_11_04_2015,5,7
SD:gp:mens-crewneck-sweaters/SD:gp:mens-sweater-sale,Dt_12_04_2015,5,6
SD:gp:mens-crewneck-sweaters/SD:gp:mens-sweater-sale,Dt_13_04_2015,2,4
SD:gp:mens-crewneck-sweaters/SD:gp:mens-sweater-sale,Dt_14_04_2015,4,9
SD:gp:mens-crewneck-sweaters/SD:gp:mens-sweater-sale,Dt_15_04_2015,4,7
SD:gp:mens-crewneck-sweaters/SD:gp:mens-sweater-sale,Dt_16_04_2015,3,14
SD:gp:mens-crewneck-sweaters/SD:gp:mens-sweater-sale,Dt_17_04_2015,0,5
SD:gp:mens-crewneck-sweaters/SD:gp:mens-sweater-sale,Dt_18_04_2015,2,3
SD:gp:mens-crewneck-sweaters/SD:gp:mens-sweater-sale,Dt_19_04_2015,2,6
SD:gp:mens-crewneck-sweaters/SD:gp:mens-sweater-sale,Dt_20_04_2015,5,7
SD:gp:mens-crewneck-sweaters/SD:gp:mens-sweater-sale,Dt_21_04_2015,2,10
SD:gp:mens-crewneck-sweaters/SD:gp:mens-sweater-sale,Dt_22_04_2015,6,9
SD:gp:mens-crewneck-sweaters/SD:gp:mens-sweater-sale,Dt_23_04_2015,8,15
SD:gp:mens-crewneck-sweaters/SD:gp:mens-sweater-sale,Dt_24_04_2015,2,7
SD:gp:mens-crewneck-sweaters/SD:gp:mens-sweater-sale,Dt_25_04_2015,3,4
SD:gp:mens-crewneck-sweaters/SD:gp:mens-sweater-sale,Dt_26_04_2015,6,10
SD:gp:mens-crewneck-sweaters/SD:gp:mens-sweater-sale,Dt_27_04_2015,3,7
SD:gp:mens-crewneck-sweaters/SD:gp:mens-sweater-sale,Dt_28_04_2015,3,7
SD:gp:mens-crewneck-sweaters/SD:gp:mens-sweater-sale,Dt_29_04_2015,7,10
SD:gp:mens-crewneck-sweaters/SD:gp:mens-sweater-sale,Dt_30_04_2015,3,9
SD:gp:mens-crewneck-sweaters/SD:gp:mens-sweater-sale,Dt_01_05_2015,2,5
SD:gp:mens-crewneck-sweaters/SD:gp:mens-sweater-sale,Dt_02_05_2015,2,3
SD:gp:mens-crewneck-sweaters/SD:gp:mens-sweater-sale,Dt_03_05_2015,1,6
SD:gp:mens-crewneck-sweaters/SD:gp:mens-sweater-sale,Dt_04_05_2015,2,8
SD:gp:mens-crewneck-sweaters/SD:gp:mens-sweater-sale,Dt_05_05_2015,7,5
SD:gp:mens-crewneck-sweaters/SD:gp:mens-sweater-sale,Dt_06_05_2015,0,4
SD:gp:mens-crewneck-sweaters/SD:gp:mens-sweater-sale,Dt_07_05_2015,0,9
SD:gp:mens-crewneck-sweaters/SD:gp:mens-sweater-sale,Dt_08_05_2015,0,5
SD:gp:mens-crewneck-sweaters/SD:gp:mens-sweater-sale,Dt_09_05_2015,0,5
SD:gp:mens-crewneck-sweaters/SD:gp:mens-sweater-sale,Dt_10_05_2015,0,6
SD:gp:mens-crewneck-sweaters/SD:gp:mens-sweater-sale,Dt_11_05_2015,0,8
SD:gp:mens-crewneck-sweaters/SD:gp:mens-sweater-sale,Dt_12_05_2015,0,7
SD:gp:mens-crewneck-sweaters/SD:gp:mens-sweater-sale,Dt_13_05_2015,0,7
SD:gp:mens-crewneck-sweaters/SD:gp:mens-sweater-sale,Dt_14_05_2015,0,9
SD:gp:mens-crewneck-sweaters/SD:gp:mens-sweater-sale,Dt_15_05_2015,0,3
SD:gp:mens-crewneck-sweaters/SD:gp:mens-sweater-sale,Dt_16_05_2015,0,8
SD:gp:mens-crewneck-sweaters/SD:gp:mens-sweater-sale,Dt_17_05_2015,0,6
SD:gp:mens-pants/SD:gp:mens-t-shirts,Dt_24_03_2015,80,79
SD:gp:mens-pants/SD:gp:mens-t-shirts,Dt_25_03_2015,72,61
SD:gp:mens-pants/SD:gp:mens-t-shirts,Dt_26_03_2015,56,56
SD:gp:mens-pants/SD:gp:mens-t-shirts,Dt_27_03_2015,61,70
SD:gp:mens-pants/SD:gp:mens-t-shirts,Dt_28_03_2015,45,69
SD:gp:mens-pants/SD:gp:mens-t-shirts,Dt_29_03_2015,71,86
SD:gp:mens-pants/SD:gp:mens-t-shirts,Dt_30_03_2015,63,81
SD:gp:mens-pants/SD:gp:mens-t-shirts,Dt_31_03_2015,77,86
SD:gp:mens-pants/SD:gp:mens-t-shirts,Dt_01_04_2015,57,76
SD:gp:mens-pants/SD:gp:mens-t-shirts,Dt_02_04_2015,52,74
SD:gp:mens-pants/SD:gp:mens-t-shirts,Dt_03_04_2015,46,76
SD:gp:mens-pants/SD:gp:mens-t-shirts,Dt_04_04_2015,66,76
SD:gp:mens-pants/SD:gp:mens-t-shirts,Dt_05_04_2015,59,76
SD:gp:mens-pants/SD:gp:mens-t-shirts,Dt_06_04_2015,61,81
SD:gp:mens-pants/SD:gp:mens-t-shirts,Dt_07_04_2015,64,66
SD:gp:mens-pants/SD:gp:mens-t-shirts,Dt_08_04_2015,61,101
SD:gp:mens-pants/SD:gp:mens-t-shirts,Dt_09_04_2015,53,82
SD:gp:mens-pants/SD:gp:mens-t-shirts,Dt_10_04_2015,48,62
SD:gp:mens-pants/SD:gp:mens-t-shirts,Dt_11_04_2015,59,74
SD:gp:mens-pants/SD:gp:mens-t-shirts,Dt_12_04_2015,57,97
SD:gp:mens-pants/SD:gp:mens-t-shirts,Dt_13_04_2015,59,76
SD:gp:mens-pants/SD:gp:mens-t-shirts,Dt_14_04_2015,59,90
SD:gp:mens-pants/SD:gp:mens-t-shirts,Dt_15_04_2015,53,99
SD:gp:mens-pants/SD:gp:mens-t-shirts,Dt_16_04_2015,43,92
SD:gp:mens-pants/SD:gp:mens-t-shirts,Dt_17_04_2015,37,35
SD:gp:mens-pants/SD:gp:mens-t-shirts,Dt_18_04_2015,55,69
SD:gp:mens-pants/SD:gp:mens-t-shirts,Dt_19_04_2015,67,96
SD:gp:mens-pants/SD:gp:mens-t-shirts,Dt_20_04_2015,57,90
SD:gp:mens-pants/SD:gp:mens-t-shirts,Dt_21_04_2015,68,75
SD:gp:mens-pants/SD:gp:mens-t-shirts,Dt_22_04_2015,64,80
SD:gp:mens-pants/SD:gp:mens-t-shirts,Dt_23_04_2015,60,74
SD:gp:mens-pants/SD:gp:mens-t-shirts,Dt_24_04_2015,47,80
SD:gp:mens-pants/SD:gp:mens-t-shirts,Dt_25_04_2015,63,67
SD:gp:mens-pants/SD:gp:mens-t-shirts,Dt_26_04_2015,67,72
SD:gp:mens-pants/SD:gp:mens-t-shirts,Dt_27_04_2015,66,88
SD:gp:mens-pants/SD:gp:mens-t-shirts,Dt_28_04_2015,59,65
SD:gp:mens-pants/SD:gp:mens-t-shirts,Dt_29_04_2015,58,88
SD:gp:mens-pants/SD:gp:mens-t-shirts,Dt_30_04_2015,65,61
SD:gp:mens-pants/SD:gp:mens-t-shirts,Dt_01_05_2015,67,66
SD:gp:mens-pants/SD:gp:mens-t-shirts,Dt_02_05_2015,52,54
SD:gp:mens-pants/SD:gp:mens-t-shirts,Dt_03_05_2015,65,77
SD:gp:mens-pants/SD:gp:mens-t-shirts,Dt_04_05_2015,60,71
SD:gp:mens-pants/SD:gp:mens-t-shirts,Dt_05_05_2015,51,81
SD:gp:mens-pants/SD:gp:mens-t-shirts,Dt_06_05_2015,69,90
SD:gp:mens-pants/SD:gp:mens-t-shirts,Dt_07_05_2015,70,97
SD:gp:mens-pants/SD:gp:mens-t-shirts,Dt_08_05_2015,61,86
SD:gp:mens-pants/SD:gp:mens-t-shirts,Dt_09_05_2015,46,79
SD:gp:mens-pants/SD:gp:mens-t-shirts,Dt_10_05_2015,81,94
SD:gp:mens-pants/SD:gp:mens-t-shirts,Dt_11_05_2015,74,95
SD:gp:mens-pants/SD:gp:mens-t-shirts,Dt_12_05_2015,66,87
SD:gp:mens-pants/SD:gp:mens-t-shirts,Dt_13_05_2015,58,88
SD:gp:mens-pants/SD:gp:mens-t-shirts,Dt_14_05_2015,64,108
SD:gp:mens-pants/SD:gp:mens-t-shirts,Dt_15_05_2015,55,78
SD:gp:mens-pants/SD:gp:mens-t-shirts,Dt_16_05_2015,57,64
SD:gp:mens-pants/SD:gp:mens-t-shirts,Dt_17_05_2015,76,96
SD:gp:mens-pique-polo-shirts/SD:gp:mens-briefs,Dt_24_03_2015,8,1
SD:gp:mens-pique-polo-shirts/SD:gp:mens-briefs,Dt_25_03_2015,6,0
SD:gp:mens-pique-polo-shirts/SD:gp:mens-briefs,Dt_26_03_2015,4,0
SD:gp:mens-pique-polo-shirts/SD:gp:mens-briefs,Dt_27_03_2015,10,2
SD:gp:mens-pique-polo-shirts/SD:gp:mens-briefs,Dt_28_03_2015,2,2
SD:gp:mens-pique-polo-shirts/SD:gp:mens-briefs,Dt_29_03_2015,7,1
SD:gp:mens-pique-polo-shirts/SD:gp:mens-briefs,Dt_30_03_2015,12,2
SD:gp:mens-pique-polo-shirts/SD:gp:mens-briefs,Dt_31_03_2015,4,3
SD:gp:mens-pique-polo-shirts/SD:gp:mens-briefs,Dt_01_04_2015,5,0
SD:gp:mens-pique-polo-shirts/SD:gp:mens-briefs,Dt_02_04_2015,5,5
SD:gp:mens-pique-polo-shirts/SD:gp:mens-briefs,Dt_03_04_2015,6,2
SD:gp:mens-pique-polo-shirts/SD:gp:mens-briefs,Dt_04_04_2015,3,1
SD:gp:mens-pique-polo-shirts/SD:gp:mens-briefs,Dt_05_04_2015,5,2
SD:gp:mens-pique-polo-shirts/SD:gp:mens-briefs,Dt_06_04_2015,10,4
SD:gp:mens-pique-polo-shirts/SD:gp:mens-briefs,Dt_07_04_2015,6,3
SD:gp:mens-pique-polo-shirts/SD:gp:mens-briefs,Dt_08_04_2015,13,0
SD:gp:mens-pique-polo-shirts/SD:gp:mens-briefs,Dt_09_04_2015,12,2
SD:gp:mens-pique-polo-shirts/SD:gp:mens-briefs,Dt_10_04_2015,10,2
SD:gp:mens-pique-polo-shirts/SD:gp:mens-briefs,Dt_11_04_2015,4,2
SD:gp:mens-pique-polo-shirts/SD:gp:mens-briefs,Dt_12_04_2015,4,1
SD:gp:mens-pique-polo-shirts/SD:gp:mens-briefs,Dt_13_04_2015,4,1
SD:gp:mens-pique-polo-shirts/SD:gp:mens-briefs,Dt_14_04_2015,7,4
SD:gp:mens-pique-polo-shirts/SD:gp:mens-briefs,Dt_15_04_2015,6,4
SD:gp:mens-pique-polo-shirts/SD:gp:mens-briefs,Dt_16_04_2015,8,3
SD:gp:mens-pique-polo-shirts/SD:gp:mens-briefs,Dt_17_04_2015,3,0
SD:gp:mens-pique-polo-shirts/SD:gp:mens-briefs,Dt_18_04_2015,3,0
SD:gp:mens-pique-polo-shirts/SD:gp:mens-briefs,Dt_19_04_2015,5,2
SD:gp:mens-pique-polo-shirts/SD:gp:mens-briefs,Dt_20_04_2015,15,3
SD:gp:mens-pique-polo-shirts/SD:gp:mens-briefs,Dt_21_04_2015,6,2
SD:gp:mens-pique-polo-shirts/SD:gp:mens-briefs,Dt_22_04_2015,5,5
SD:gp:mens-pique-polo-shirts/SD:gp:mens-briefs,Dt_23_04_2015,6,0
SD:gp:mens-pique-polo-shirts/SD:gp:mens-briefs,Dt_24_04_2015,7,2
SD:gp:mens-pique-polo-shirts/SD:gp:mens-briefs,Dt_25_04_2015,10,3
SD:gp:mens-pique-polo-shirts/SD:gp:mens-briefs,Dt_26_04_2015,4,6
SD:gp:mens-pique-polo-shirts/SD:gp:mens-briefs,Dt_27_04_2015,6,0
SD:gp:mens-pique-polo-shirts/SD:gp:mens-briefs,Dt_28_04_2015,7,5
SD:gp:mens-pique-polo-shirts/SD:gp:mens-briefs,Dt_29_04_2015,9,3
SD:gp:mens-pique-polo-shirts/SD:gp:mens-briefs,Dt_30_04_2015,5,3
SD:gp:mens-pique-polo-shirts/SD:gp:mens-briefs,Dt_01_05_2015,10,1
SD:gp:mens-pique-polo-shirts/SD:gp:mens-briefs,Dt_02_05_2015,7,3
SD:gp:mens-pique-polo-shirts/SD:gp:mens-briefs,Dt_03_05_2015,5,3
SD:gp:mens-pique-polo-shirts/SD:gp:mens-briefs,Dt_04_05_2015,10,1
SD:gp:mens-pique-polo-shirts/SD:gp:mens-briefs,Dt_05_05_2015,6,3
SD:gp:mens-pique-polo-shirts/SD:gp:mens-briefs,Dt_06_05_2015,0,1
SD:gp:mens-pique-polo-shirts/SD:gp:mens-briefs,Dt_07_05_2015,0,1
SD:gp:mens-pique-polo-shirts/SD:gp:mens-briefs,Dt_08_05_2015,0,1
SD:gp:mens-pique-polo-shirts/SD:gp:mens-briefs,Dt_09_05_2015,0,3
SD:gp:mens-pique-polo-shirts/SD:gp:mens-briefs,Dt_10_05_2015,0,2
SD:gp:mens-pique-polo-shirts/SD:gp:mens-briefs,Dt_11_05_2015,0,0
SD:gp:mens-pique-polo-shirts/SD:gp:mens-briefs,Dt_12_05_2015,0,2
SD:gp:mens-pique-polo-shirts/SD:gp:mens-briefs,Dt_13_05_2015,0,1
SD:gp:mens-pique-polo-shirts/SD:gp:mens-briefs,Dt_14_05_2015,0,1
SD:gp:mens-pique-polo-shirts/SD:gp:mens-briefs,Dt_15_05_2015,0,0
SD:gp:mens-pique-polo-shirts/SD:gp:mens-briefs,Dt_16_05_2015,0,1
SD:gp:mens-pique-polo-shirts/SD:gp:mens-briefs,Dt_17_05_2015,0,3
SD:gp:mens-polo-shirts/SD:gp:slim-khakis-men-C80811,Dt_24_03_2015,34,57
SD:gp:mens-polo-shirts/SD:gp:slim-khakis-men-C80811,Dt_25_03_2015,37,42
SD:gp:mens-polo-shirts/SD:gp:slim-khakis-men-C80811,Dt_26_03_2015,31,43
SD:gp:mens-polo-shirts/SD:gp:slim-khakis-men-C80811,Dt_27_03_2015,26,27
SD:gp:mens-polo-shirts/SD:gp:slim-khakis-men-C80811,Dt_28_03_2015,36,44
SD:gp:mens-polo-shirts/SD:gp:slim-khakis-men-C80811,Dt_29_03_2015,33,62
SD:gp:mens-polo-shirts/SD:gp:slim-khakis-men-C80811,Dt_30_03_2015,36,49
SD:gp:mens-polo-shirts/SD:gp:slim-khakis-men-C80811,Dt_31_03_2015,27,37
SD:gp:mens-polo-shirts/SD:gp:slim-khakis-men-C80811,Dt_01_04_2015,33,44
SD:gp:mens-polo-shirts/SD:gp:slim-khakis-men-C80811,Dt_02_04_2015,42,27
SD:gp:mens-polo-shirts/SD:gp:slim-khakis-men-C80811,Dt_03_04_2015,31,39
SD:gp:mens-polo-shirts/SD:gp:slim-khakis-men-C80811,Dt_04_04_2015,28,43
SD:gp:mens-polo-shirts/SD:gp:slim-khakis-men-C80811,Dt_05_04_2015,31,38
SD:gp:mens-polo-shirts/SD:gp:slim-khakis-men-C80811,Dt_06_04_2015,35,44
SD:gp:mens-polo-shirts/SD:gp:slim-khakis-men-C80811,Dt_07_04_2015,41,48
SD:gp:mens-polo-shirts/SD:gp:slim-khakis-men-C80811,Dt_08_04_2015,37,34
SD:gp:mens-polo-shirts/SD:gp:slim-khakis-men-C80811,Dt_09_04_2015,47,36
SD:gp:mens-polo-shirts/SD:gp:slim-khakis-men-C80811,Dt_10_04_2015,48,26
SD:gp:mens-polo-shirts/SD:gp:slim-khakis-men-C80811,Dt_11_04_2015,42,25
SD:gp:mens-polo-shirts/SD:gp:slim-khakis-men-C80811,Dt_12_04_2015,32,34
SD:gp:mens-polo-shirts/SD:gp:slim-khakis-men-C80811,Dt_13_04_2015,36,41
SD:gp:mens-polo-shirts/SD:gp:slim-khakis-men-C80811,Dt_14_04_2015,35,35
SD:gp:mens-polo-shirts/SD:gp:slim-khakis-men-C80811,Dt_15_04_2015,46,32
SD:gp:mens-polo-shirts/SD:gp:slim-khakis-men-C80811,Dt_16_04_2015,36,23
SD:gp:mens-polo-shirts/SD:gp:slim-khakis-men-C80811,Dt_17_04_2015,19,14
SD:gp:mens-polo-shirts/SD:gp:slim-khakis-men-C80811,Dt_18_04_2015,28,24
SD:gp:mens-polo-shirts/SD:gp:slim-khakis-men-C80811,Dt_19_04_2015,58,29
SD:gp:mens-polo-shirts/SD:gp:slim-khakis-men-C80811,Dt_20_04_2015,60,36
SD:gp:mens-polo-shirts/SD:gp:slim-khakis-men-C80811,Dt_21_04_2015,42,38
SD:gp:mens-polo-shirts/SD:gp:slim-khakis-men-C80811,Dt_22_04_2015,41,31
SD:gp:mens-polo-shirts/SD:gp:slim-khakis-men-C80811,Dt_23_04_2015,35,20
SD:gp:mens-polo-shirts/SD:gp:slim-khakis-men-C80811,Dt_24_04_2015,40,21
SD:gp:mens-polo-shirts/SD:gp:slim-khakis-men-C80811,Dt_25_04_2015,37,34
SD:gp:mens-polo-shirts/SD:gp:slim-khakis-men-C80811,Dt_26_04_2015,33,45
SD:gp:mens-polo-shirts/SD:gp:slim-khakis-men-C80811,Dt_27_04_2015,55,37
SD:gp:mens-polo-shirts/SD:gp:slim-khakis-men-C80811,Dt_28_04_2015,42,28
SD:gp:mens-polo-shirts/SD:gp:slim-khakis-men-C80811,Dt_29_04_2015,41,37
SD:gp:mens-polo-shirts/SD:gp:slim-khakis-men-C80811,Dt_30_04_2015,48,30
SD:gp:mens-polo-shirts/SD:gp:slim-khakis-men-C80811,Dt_01_05_2015,38,24
SD:gp:mens-polo-shirts/SD:gp:slim-khakis-men-C80811,Dt_02_05_2015,37,23
SD:gp:mens-polo-shirts/SD:gp:slim-khakis-men-C80811,Dt_03_05_2015,39,40
SD:gp:mens-polo-shirts/SD:gp:slim-khakis-men-C80811,Dt_04_05_2015,33,37
SD:gp:mens-polo-shirts/SD:gp:slim-khakis-men-C80811,Dt_05_05_2015,50,32
SD:gp:mens-polo-shirts/SD:gp:slim-khakis-men-C80811,Dt_06_05_2015,53,35
SD:gp:mens-polo-shirts/SD:gp:slim-khakis-men-C80811,Dt_07_05_2015,56,24
SD:gp:mens-polo-shirts/SD:gp:slim-khakis-men-C80811,Dt_08_05_2015,44,19
SD:gp:mens-polo-shirts/SD:gp:slim-khakis-men-C80811,Dt_09_05_2015,59,26
SD:gp:mens-polo-shirts/SD:gp:slim-khakis-men-C80811,Dt_10_05_2015,47,35
SD:gp:mens-polo-shirts/SD:gp:slim-khakis-men-C80811,Dt_11_05_2015,69,37
SD:gp:mens-polo-shirts/SD:gp:slim-khakis-men-C80811,Dt_12_05_2015,73,27
SD:gp:mens-polo-shirts/SD:gp:slim-khakis-men-C80811,Dt_13_05_2015,56,31
SD:gp:mens-polo-shirts/SD:gp:slim-khakis-men-C80811,Dt_14_05_2015,56,29
SD:gp:mens-polo-shirts/SD:gp:slim-khakis-men-C80811,Dt_15_05_2015,57,23
SD:gp:mens-polo-shirts/SD:gp:slim-khakis-men-C80811,Dt_16_05_2015,56,28
SD:gp:mens-polo-shirts/SD:gp:slim-khakis-men-C80811,Dt_17_05_2015,76,37
SD:gp:mens-skinny-jeans/SD:gp:shorts-for-men,Dt_24_03_2015,15,37
SD:gp:mens-skinny-jeans/SD:gp:shorts-for-men,Dt_25_03_2015,12,59
SD:gp:mens-skinny-jeans/SD:gp:shorts-for-men,Dt_26_03_2015,7,48
SD:gp:mens-skinny-jeans/SD:gp:shorts-for-men,Dt_27_03_2015,12,34
SD:gp:mens-skinny-jeans/SD:gp:shorts-for-men,Dt_28_03_2015,14,41
SD:gp:mens-skinny-jeans/SD:gp:shorts-for-men,Dt_29_03_2015,9,59
SD:gp:mens-skinny-jeans/SD:gp:shorts-for-men,Dt_30_03_2015,12,39
SD:gp:mens-skinny-jeans/SD:gp:shorts-for-men,Dt_31_03_2015,11,32
SD:gp:mens-skinny-jeans/SD:gp:shorts-for-men,Dt_01_04_2015,7,46
SD:gp:mens-skinny-jeans/SD:gp:shorts-for-men,Dt_02_04_2015,15,37
SD:gp:mens-skinny-jeans/SD:gp:shorts-for-men,Dt_03_04_2015,10,36
SD:gp:mens-skinny-jeans/SD:gp:shorts-for-men,Dt_04_04_2015,19,49
SD:gp:mens-skinny-jeans/SD:gp:shorts-for-men,Dt_05_04_2015,9,48
SD:gp:mens-skinny-jeans/SD:gp:shorts-for-men,Dt_06_04_2015,7,44
SD:gp:mens-skinny-jeans/SD:gp:shorts-for-men,Dt_07_04_2015,13,51
SD:gp:mens-skinny-jeans/SD:gp:shorts-for-men,Dt_08_04_2015,15,40
SD:gp:mens-skinny-jeans/SD:gp:shorts-for-men,Dt_09_04_2015,13,43
SD:gp:mens-skinny-jeans/SD:gp:shorts-for-men,Dt_10_04_2015,18,30
SD:gp:mens-skinny-jeans/SD:gp:shorts-for-men,Dt_11_04_2015,17,44
SD:gp:mens-skinny-jeans/SD:gp:shorts-for-men,Dt_12_04_2015,13,53
SD:gp:mens-skinny-jeans/SD:gp:shorts-for-men,Dt_13_04_2015,13,64
SD:gp:mens-skinny-jeans/SD:gp:shorts-for-men,Dt_14_04_2015,21,62
SD:gp:mens-skinny-jeans/SD:gp:shorts-for-men,Dt_15_04_2015,6,65
SD:gp:mens-skinny-jeans/SD:gp:shorts-for-men,Dt_16_04_2015,10,59
SD:gp:mens-skinny-jeans/SD:gp:shorts-for-men,Dt_17_04_2015,3,37
SD:gp:mens-skinny-jeans/SD:gp:shorts-for-men,Dt_18_04_2015,11,85
SD:gp:mens-skinny-jeans/SD:gp:shorts-for-men,Dt_19_04_2015,10,105
SD:gp:mens-skinny-jeans/SD:gp:shorts-for-men,Dt_20_04_2015,12,105
SD:gp:mens-skinny-jeans/SD:gp:shorts-for-men,Dt_21_04_2015,12,68
SD:gp:mens-skinny-jeans/SD:gp:shorts-for-men,Dt_22_04_2015,12,67
SD:gp:mens-skinny-jeans/SD:gp:shorts-for-men,Dt_23_04_2015,20,63
SD:gp:mens-skinny-jeans/SD:gp:shorts-for-men,Dt_24_04_2015,9,45
SD:gp:mens-skinny-jeans/SD:gp:shorts-for-men,Dt_25_04_2015,11,49
SD:gp:mens-skinny-jeans/SD:gp:shorts-for-men,Dt_26_04_2015,13,83
SD:gp:mens-skinny-jeans/SD:gp:shorts-for-men,Dt_27_04_2015,11,74
SD:gp:mens-skinny-jeans/SD:gp:shorts-for-men,Dt_28_04_2015,27,60
SD:gp:mens-skinny-jeans/SD:gp:shorts-for-men,Dt_29_04_2015,17,74
SD:gp:mens-skinny-jeans/SD:gp:shorts-for-men,Dt_30_04_2015,10,65
SD:gp:mens-skinny-jeans/SD:gp:shorts-for-men,Dt_01_05_2015,18,62
SD:gp:mens-skinny-jeans/SD:gp:shorts-for-men,Dt_02_05_2015,16,47
SD:gp:mens-skinny-jeans/SD:gp:shorts-for-men,Dt_03_05_2015,13,89
SD:gp:mens-skinny-jeans/SD:gp:shorts-for-men,Dt_04_05_2015,19,87
SD:gp:mens-skinny-jeans/SD:gp:shorts-for-men,Dt_05_05_2015,20,76
SD:gp:mens-skinny-jeans/SD:gp:shorts-for-men,Dt_06_05_2015,11,70
SD:gp:mens-skinny-jeans/SD:gp:shorts-for-men,Dt_07_05_2015,10,86
SD:gp:mens-skinny-jeans/SD:gp:shorts-for-men,Dt_08_05_2015,13,89
SD:gp:mens-skinny-jeans/SD:gp:shorts-for-men,Dt_09_05_2015,11,79
SD:gp:mens-skinny-jeans/SD:gp:shorts-for-men,Dt_10_05_2015,14,124
SD:gp:mens-skinny-jeans/SD:gp:shorts-for-men,Dt_11_05_2015,9,126
SD:gp:mens-skinny-jeans/SD:gp:shorts-for-men,Dt_12_05_2015,11,120
SD:gp:mens-skinny-jeans/SD:gp:shorts-for-men,Dt_13_05_2015,9,81
SD:gp:mens-skinny-jeans/SD:gp:shorts-for-men,Dt_14_05_2015,8,74
SD:gp:mens-skinny-jeans/SD:gp:shorts-for-men,Dt_15_05_2015,17,74
SD:gp:mens-skinny-jeans/SD:gp:shorts-for-men,Dt_16_05_2015,12,91
SD:gp:mens-skinny-jeans/SD:gp:shorts-for-men,Dt_17_05_2015,11,129
SD:gp:mens-socks/SD:gp:boxer-briefs,Dt_24_03_2015,14,8
SD:gp:mens-socks/SD:gp:boxer-briefs,Dt_25_03_2015,14,2
SD:gp:mens-socks/SD:gp:boxer-briefs,Dt_26_03_2015,8,3
SD:gp:mens-socks/SD:gp:boxer-briefs,Dt_27_03_2015,7,4
SD:gp:mens-socks/SD:gp:boxer-briefs,Dt_28_03_2015,8,7
SD:gp:mens-socks/SD:gp:boxer-briefs,Dt_29_03_2015,7,7
SD:gp:mens-socks/SD:gp:boxer-briefs,Dt_30_03_2015,9,6
SD:gp:mens-socks/SD:gp:boxer-briefs,Dt_31_03_2015,13,8
SD:gp:mens-socks/SD:gp:boxer-briefs,Dt_01_04_2015,6,14
SD:gp:mens-socks/SD:gp:boxer-briefs,Dt_02_04_2015,10,11
SD:gp:mens-socks/SD:gp:boxer-briefs,Dt_03_04_2015,12,9
SD:gp:mens-socks/SD:gp:boxer-briefs,Dt_04_04_2015,8,10
SD:gp:mens-socks/SD:gp:boxer-briefs,Dt_05_04_2015,9,13
SD:gp:mens-socks/SD:gp:boxer-briefs,Dt_06_04_2015,9,10
SD:gp:mens-socks/SD:gp:boxer-briefs,Dt_07_04_2015,7,7
SD:gp:mens-socks/SD:gp:boxer-briefs,Dt_08_04_2015,10,9
SD:gp:mens-socks/SD:gp:boxer-briefs,Dt_09_04_2015,12,8
SD:gp:mens-socks/SD:gp:boxer-briefs,Dt_10_04_2015,7,9
SD:gp:mens-socks/SD:gp:boxer-briefs,Dt_11_04_2015,8,5
SD:gp:mens-socks/SD:gp:boxer-briefs,Dt_12_04_2015,15,8
SD:gp:mens-socks/SD:gp:boxer-briefs,Dt_13_04_2015,11,10
SD:gp:mens-socks/SD:gp:boxer-briefs,Dt_14_04_2015,16,9
SD:gp:mens-socks/SD:gp:boxer-briefs,Dt_15_04_2015,15,12
SD:gp:mens-socks/SD:gp:boxer-briefs,Dt_16_04_2015,15,5
SD:gp:mens-socks/SD:gp:boxer-briefs,Dt_17_04_2015,6,5
SD:gp:mens-socks/SD:gp:boxer-briefs,Dt_18_04_2015,15,7
SD:gp:mens-socks/SD:gp:boxer-briefs,Dt_19_04_2015,17,9
SD:gp:mens-socks/SD:gp:boxer-briefs,Dt_20_04_2015,8,6
SD:gp:mens-socks/SD:gp:boxer-briefs,Dt_21_04_2015,12,10
SD:gp:mens-socks/SD:gp:boxer-briefs,Dt_22_04_2015,8,4
SD:gp:mens-socks/SD:gp:boxer-briefs,Dt_23_04_2015,13,7
SD:gp:mens-socks/SD:gp:boxer-briefs,Dt_24_04_2015,7,4
SD:gp:mens-socks/SD:gp:boxer-briefs,Dt_25_04_2015,6,11
SD:gp:mens-socks/SD:gp:boxer-briefs,Dt_26_04_2015,11,13
SD:gp:mens-socks/SD:gp:boxer-briefs,Dt_27_04_2015,9,7
SD:gp:mens-socks/SD:gp:boxer-briefs,Dt_28_04_2015,13,6
SD:gp:mens-socks/SD:gp:boxer-briefs,Dt_29_04_2015,12,9
SD:gp:mens-socks/SD:gp:boxer-briefs,Dt_30_04_2015,11,6
SD:gp:mens-socks/SD:gp:boxer-briefs,Dt_01_05_2015,13,7
SD:gp:mens-socks/SD:gp:boxer-briefs,Dt_02_05_2015,14,5
SD:gp:mens-socks/SD:gp:boxer-briefs,Dt_03_05_2015,10,9
SD:gp:mens-socks/SD:gp:boxer-briefs,Dt_04_05_2015,14,9
SD:gp:mens-socks/SD:gp:boxer-briefs,Dt_05_05_2015,7,6
SD:gp:mens-socks/SD:gp:boxer-briefs,Dt_06_05_2015,12,9
SD:gp:mens-socks/SD:gp:boxer-briefs,Dt_07_05_2015,12,15
SD:gp:mens-socks/SD:gp:boxer-briefs,Dt_08_05_2015,10,6
SD:gp:mens-socks/SD:gp:boxer-briefs,Dt_09_05_2015,11,10
SD:gp:mens-socks/SD:gp:boxer-briefs,Dt_10_05_2015,8,8
SD:gp:mens-socks/SD:gp:boxer-briefs,Dt_11_05_2015,16,8
SD:gp:mens-socks/SD:gp:boxer-briefs,Dt_12_05_2015,10,6
SD:gp:mens-socks/SD:gp:boxer-briefs,Dt_13_05_2015,12,6
SD:gp:mens-socks/SD:gp:boxer-briefs,Dt_14_05_2015,14,7
SD:gp:mens-socks/SD:gp:boxer-briefs,Dt_15_05_2015,9,7
SD:gp:mens-socks/SD:gp:boxer-briefs,Dt_16_05_2015,7,6
SD:gp:mens-socks/SD:gp:boxer-briefs,Dt_17_05_2015,8,9
SD:gp:mens-sweatshirts/SD:gp:mens-short-sleeve-shirts,Dt_24_03_2015,16,5
SD:gp:mens-sweatshirts/SD:gp:mens-short-sleeve-shirts,Dt_25_03_2015,5,1
SD:gp:mens-sweatshirts/SD:gp:mens-short-sleeve-shirts,Dt_26_03_2015,9,0
SD:gp:mens-sweatshirts/SD:gp:mens-short-sleeve-shirts,Dt_27_03_2015,5,2
SD:gp:mens-sweatshirts/SD:gp:mens-short-sleeve-shirts,Dt_28_03_2015,9,9
SD:gp:mens-sweatshirts/SD:gp:mens-short-sleeve-shirts,Dt_29_03_2015,12,22
SD:gp:mens-sweatshirts/SD:gp:mens-short-sleeve-shirts,Dt_30_03_2015,7,11
SD:gp:mens-sweatshirts/SD:gp:mens-short-sleeve-shirts,Dt_31_03_2015,11,15
SD:gp:mens-sweatshirts/SD:gp:mens-short-sleeve-shirts,Dt_01_04_2015,14,13
SD:gp:mens-sweatshirts/SD:gp:mens-short-sleeve-shirts,Dt_02_04_2015,8,13
SD:gp:mens-sweatshirts/SD:gp:mens-short-sleeve-shirts,Dt_03_04_2015,6,17
SD:gp:mens-sweatshirts/SD:gp:mens-short-sleeve-shirts,Dt_04_04_2015,14,17
SD:gp:mens-sweatshirts/SD:gp:mens-short-sleeve-shirts,Dt_05_04_2015,12,23
SD:gp:mens-sweatshirts/SD:gp:mens-short-sleeve-shirts,Dt_06_04_2015,10,18
SD:gp:mens-sweatshirts/SD:gp:mens-short-sleeve-shirts,Dt_07_04_2015,11,16
SD:gp:mens-sweatshirts/SD:gp:mens-short-sleeve-shirts,Dt_08_04_2015,6,24
SD:gp:mens-sweatshirts/SD:gp:mens-short-sleeve-shirts,Dt_09_04_2015,12,19
SD:gp:mens-sweatshirts/SD:gp:mens-short-sleeve-shirts,Dt_10_04_2015,10,17
SD:gp:mens-sweatshirts/SD:gp:mens-short-sleeve-shirts,Dt_11_04_2015,10,19
SD:gp:mens-sweatshirts/SD:gp:mens-short-sleeve-shirts,Dt_12_04_2015,13,14
SD:gp:mens-sweatshirts/SD:gp:mens-short-sleeve-shirts,Dt_13_04_2015,15,20
SD:gp:mens-sweatshirts/SD:gp:mens-short-sleeve-shirts,Dt_14_04_2015,13,19
SD:gp:mens-sweatshirts/SD:gp:mens-short-sleeve-shirts,Dt_15_04_2015,12,17
SD:gp:mens-sweatshirts/SD:gp:mens-short-sleeve-shirts,Dt_16_04_2015,10,18
SD:gp:mens-sweatshirts/SD:gp:mens-short-sleeve-shirts,Dt_17_04_2015,1,16
SD:gp:mens-sweatshirts/SD:gp:mens-short-sleeve-shirts,Dt_18_04_2015,16,24
SD:gp:mens-sweatshirts/SD:gp:mens-short-sleeve-shirts,Dt_19_04_2015,16,20
SD:gp:mens-sweatshirts/SD:gp:mens-short-sleeve-shirts,Dt_20_04_2015,16,29
SD:gp:mens-sweatshirts/SD:gp:mens-short-sleeve-shirts,Dt_21_04_2015,18,21
SD:gp:mens-sweatshirts/SD:gp:mens-short-sleeve-shirts,Dt_22_04_2015,15,15
SD:gp:mens-sweatshirts/SD:gp:mens-short-sleeve-shirts,Dt_23_04_2015,13,15
SD:gp:mens-sweatshirts/SD:gp:mens-short-sleeve-shirts,Dt_24_04_2015,13,18
SD:gp:mens-sweatshirts/SD:gp:mens-short-sleeve-shirts,Dt_25_04_2015,17,12
SD:gp:mens-sweatshirts/SD:gp:mens-short-sleeve-shirts,Dt_26_04_2015,17,23
SD:gp:mens-sweatshirts/SD:gp:mens-short-sleeve-shirts,Dt_27_04_2015,16,23
SD:gp:mens-sweatshirts/SD:gp:mens-short-sleeve-shirts,Dt_28_04_2015,12,16
SD:gp:mens-sweatshirts/SD:gp:mens-short-sleeve-shirts,Dt_29_04_2015,14,21
SD:gp:mens-sweatshirts/SD:gp:mens-short-sleeve-shirts,Dt_30_04_2015,12,11
SD:gp:mens-sweatshirts/SD:gp:mens-short-sleeve-shirts,Dt_01_05_2015,14,19
SD:gp:mens-sweatshirts/SD:gp:mens-short-sleeve-shirts,Dt_02_05_2015,7,22
SD:gp:mens-sweatshirts/SD:gp:mens-short-sleeve-shirts,Dt_03_05_2015,5,21
SD:gp:mens-sweatshirts/SD:gp:mens-short-sleeve-shirts,Dt_04_05_2015,12,28
SD:gp:mens-sweatshirts/SD:gp:mens-short-sleeve-shirts,Dt_05_05_2015,10,27
SD:gp:mens-sweatshirts/SD:gp:mens-short-sleeve-shirts,Dt_06_05_2015,14,26
SD:gp:mens-sweatshirts/SD:gp:mens-short-sleeve-shirts,Dt_07_05_2015,19,23
SD:gp:mens-sweatshirts/SD:gp:mens-short-sleeve-shirts,Dt_08_05_2015,16,26
SD:gp:mens-sweatshirts/SD:gp:mens-short-sleeve-shirts,Dt_09_05_2015,18,23
SD:gp:mens-sweatshirts/SD:gp:mens-short-sleeve-shirts,Dt_10_05_2015,16,34
SD:gp:mens-sweatshirts/SD:gp:mens-short-sleeve-shirts,Dt_11_05_2015,20,34
SD:gp:mens-sweatshirts/SD:gp:mens-short-sleeve-shirts,Dt_12_05_2015,20,26
SD:gp:mens-sweatshirts/SD:gp:mens-short-sleeve-shirts,Dt_13_05_2015,16,23
SD:gp:mens-sweatshirts/SD:gp:mens-short-sleeve-shirts,Dt_14_05_2015,16,22
SD:gp:mens-sweatshirts/SD:gp:mens-short-sleeve-shirts,Dt_15_05_2015,18,11
SD:gp:mens-sweatshirts/SD:gp:mens-short-sleeve-shirts,Dt_16_05_2015,24,21
SD:gp:mens-sweatshirts/SD:gp:mens-short-sleeve-shirts,Dt_17_05_2015,22,27
SD:gp:relaxed-fit-pants-for-men/SD:gp:straight-leg-pan,Dt_24_03_2015,8,9
SD:gp:relaxed-fit-pants-for-men/SD:gp:straight-leg-pan,Dt_25_03_2015,15,7
SD:gp:relaxed-fit-pants-for-men/SD:gp:straight-leg-pan,Dt_26_03_2015,7,7
SD:gp:relaxed-fit-pants-for-men/SD:gp:straight-leg-pan,Dt_27_03_2015,9,5
SD:gp:relaxed-fit-pants-for-men/SD:gp:straight-leg-pan,Dt_28_03_2015,14,3
SD:gp:relaxed-fit-pants-for-men/SD:gp:straight-leg-pan,Dt_29_03_2015,17,4
SD:gp:relaxed-fit-pants-for-men/SD:gp:straight-leg-pan,Dt_30_03_2015,10,13
SD:gp:relaxed-fit-pants-for-men/SD:gp:straight-leg-pan,Dt_31_03_2015,13,9
SD:gp:relaxed-fit-pants-for-men/SD:gp:straight-leg-pan,Dt_01_04_2015,9,5
SD:gp:relaxed-fit-pants-for-men/SD:gp:straight-leg-pan,Dt_02_04_2015,7,6
SD:gp:relaxed-fit-pants-for-men/SD:gp:straight-leg-pan,Dt_03_04_2015,13,8
SD:gp:relaxed-fit-pants-for-men/SD:gp:straight-leg-pan,Dt_04_04_2015,12,2
SD:gp:relaxed-fit-pants-for-men/SD:gp:straight-leg-pan,Dt_05_04_2015,13,7
SD:gp:relaxed-fit-pants-for-men/SD:gp:straight-leg-pan,Dt_06_04_2015,11,7
SD:gp:relaxed-fit-pants-for-men/SD:gp:straight-leg-pan,Dt_07_04_2015,9,2
SD:gp:relaxed-fit-pants-for-men/SD:gp:straight-leg-pan,Dt_08_04_2015,8,9
SD:gp:relaxed-fit-pants-for-men/SD:gp:straight-leg-pan,Dt_09_04_2015,10,10
SD:gp:relaxed-fit-pants-for-men/SD:gp:straight-leg-pan,Dt_10_04_2015,16,11
SD:gp:relaxed-fit-pants-for-men/SD:gp:straight-leg-pan,Dt_11_04_2015,8,6
SD:gp:relaxed-fit-pants-for-men/SD:gp:straight-leg-pan,Dt_12_04_2015,12,5
SD:gp:relaxed-fit-pants-for-men/SD:gp:straight-leg-pan,Dt_13_04_2015,10,9
SD:gp:relaxed-fit-pants-for-men/SD:gp:straight-leg-pan,Dt_14_04_2015,8,9
SD:gp:relaxed-fit-pants-for-men/SD:gp:straight-leg-pan,Dt_15_04_2015,11,13
SD:gp:relaxed-fit-pants-for-men/SD:gp:straight-leg-pan,Dt_16_04_2015,10,11
SD:gp:relaxed-fit-pants-for-men/SD:gp:straight-leg-pan,Dt_17_04_2015,6,9
SD:gp:relaxed-fit-pants-for-men/SD:gp:straight-leg-pan,Dt_18_04_2015,3,6
SD:gp:relaxed-fit-pants-for-men/SD:gp:straight-leg-pan,Dt_19_04_2015,22,9
SD:gp:relaxed-fit-pants-for-men/SD:gp:straight-leg-pan,Dt_20_04_2015,16,8
SD:gp:relaxed-fit-pants-for-men/SD:gp:straight-leg-pan,Dt_21_04_2015,14,8
SD:gp:relaxed-fit-pants-for-men/SD:gp:straight-leg-pan,Dt_22_04_2015,11,10
SD:gp:relaxed-fit-pants-for-men/SD:gp:straight-leg-pan,Dt_23_04_2015,10,7
SD:gp:relaxed-fit-pants-for-men/SD:gp:straight-leg-pan,Dt_24_04_2015,11,7
SD:gp:relaxed-fit-pants-for-men/SD:gp:straight-leg-pan,Dt_25_04_2015,15,8
SD:gp:relaxed-fit-pants-for-men/SD:gp:straight-leg-pan,Dt_26_04_2015,7,6
SD:gp:relaxed-fit-pants-for-men/SD:gp:straight-leg-pan,Dt_27_04_2015,13,6
SD:gp:relaxed-fit-pants-for-men/SD:gp:straight-leg-pan,Dt_28_04_2015,13,4
SD:gp:relaxed-fit-pants-for-men/SD:gp:straight-leg-pan,Dt_29_04_2015,18,4
SD:gp:relaxed-fit-pants-for-men/SD:gp:straight-leg-pan,Dt_30_04_2015,11,7
SD:gp:relaxed-fit-pants-for-men/SD:gp:straight-leg-pan,Dt_01_05_2015,9,3
SD:gp:relaxed-fit-pants-for-men/SD:gp:straight-leg-pan,Dt_02_05_2015,5,8
SD:gp:relaxed-fit-pants-for-men/SD:gp:straight-leg-pan,Dt_03_05_2015,9,3
SD:gp:relaxed-fit-pants-for-men/SD:gp:straight-leg-pan,Dt_04_05_2015,8,6
SD:gp:relaxed-fit-pants-for-men/SD:gp:straight-leg-pan,Dt_05_05_2015,13,9
SD:gp:relaxed-fit-pants-for-men/SD:gp:straight-leg-pan,Dt_06_05_2015,7,5
SD:gp:relaxed-fit-pants-for-men/SD:gp:straight-leg-pan,Dt_07_05_2015,11,9
SD:gp:relaxed-fit-pants-for-men/SD:gp:straight-leg-pan,Dt_08_05_2015,11,3
SD:gp:relaxed-fit-pants-for-men/SD:gp:straight-leg-pan,Dt_09_05_2015,9,9
SD:gp:relaxed-fit-pants-for-men/SD:gp:straight-leg-pan,Dt_10_05_2015,10,9
SD:gp:relaxed-fit-pants-for-men/SD:gp:straight-leg-pan,Dt_11_05_2015,18,16
SD:gp:relaxed-fit-pants-for-men/SD:gp:straight-leg-pan,Dt_12_05_2015,11,8
SD:gp:relaxed-fit-pants-for-men/SD:gp:straight-leg-pan,Dt_13_05_2015,11,4
SD:gp:relaxed-fit-pants-for-men/SD:gp:straight-leg-pan,Dt_14_05_2015,7,7
SD:gp:relaxed-fit-pants-for-men/SD:gp:straight-leg-pan,Dt_15_05_2015,9,7
SD:gp:relaxed-fit-pants-for-men/SD:gp:straight-leg-pan,Dt_16_05_2015,13,6
SD:gp:relaxed-fit-pants-for-men/SD:gp:straight-leg-pan,Dt_17_05_2015,15,12
SD:gp:slim-jeans-for-men/SD:gp:mens-cargo-shorts,Dt_24_03_2015,15,16
SD:gp:slim-jeans-for-men/SD:gp:mens-cargo-shorts,Dt_25_03_2015,10,16
SD:gp:slim-jeans-for-men/SD:gp:mens-cargo-shorts,Dt_26_03_2015,11,9
SD:gp:slim-jeans-for-men/SD:gp:mens-cargo-shorts,Dt_27_03_2015,21,4
SD:gp:slim-jeans-for-men/SD:gp:mens-cargo-shorts,Dt_28_03_2015,9,10
SD:gp:slim-jeans-for-men/SD:gp:mens-cargo-shorts,Dt_29_03_2015,17,9
SD:gp:slim-jeans-for-men/SD:gp:mens-cargo-shorts,Dt_30_03_2015,12,7
SD:gp:slim-jeans-for-men/SD:gp:mens-cargo-shorts,Dt_31_03_2015,16,13
SD:gp:slim-jeans-for-men/SD:gp:mens-cargo-shorts,Dt_01_04_2015,11,12
SD:gp:slim-jeans-for-men/SD:gp:mens-cargo-shorts,Dt_02_04_2015,18,8
SD:gp:slim-jeans-for-men/SD:gp:mens-cargo-shorts,Dt_03_04_2015,17,7
SD:gp:slim-jeans-for-men/SD:gp:mens-cargo-shorts,Dt_04_04_2015,16,12
SD:gp:slim-jeans-for-men/SD:gp:mens-cargo-shorts,Dt_05_04_2015,9,13
SD:gp:slim-jeans-for-men/SD:gp:mens-cargo-shorts,Dt_06_04_2015,20,12
SD:gp:slim-jeans-for-men/SD:gp:mens-cargo-shorts,Dt_07_04_2015,21,11
SD:gp:slim-jeans-for-men/SD:gp:mens-cargo-shorts,Dt_08_04_2015,22,7
SD:gp:slim-jeans-for-men/SD:gp:mens-cargo-shorts,Dt_09_04_2015,10,9
SD:gp:slim-jeans-for-men/SD:gp:mens-cargo-shorts,Dt_10_04_2015,13,14
SD:gp:slim-jeans-for-men/SD:gp:mens-cargo-shorts,Dt_11_04_2015,14,9
SD:gp:slim-jeans-for-men/SD:gp:mens-cargo-shorts,Dt_12_04_2015,12,19
SD:gp:slim-jeans-for-men/SD:gp:mens-cargo-shorts,Dt_13_04_2015,13,9
SD:gp:slim-jeans-for-men/SD:gp:mens-cargo-shorts,Dt_14_04_2015,19,13
SD:gp:slim-jeans-for-men/SD:gp:mens-cargo-shorts,Dt_15_04_2015,14,9
SD:gp:slim-jeans-for-men/SD:gp:mens-cargo-shorts,Dt_16_04_2015,16,12
SD:gp:slim-jeans-for-men/SD:gp:mens-cargo-shorts,Dt_17_04_2015,10,6
SD:gp:slim-jeans-for-men/SD:gp:mens-cargo-shorts,Dt_18_04_2015,20,11
SD:gp:slim-jeans-for-men/SD:gp:mens-cargo-shorts,Dt_19_04_2015,10,18
SD:gp:slim-jeans-for-men/SD:gp:mens-cargo-shorts,Dt_20_04_2015,20,11
SD:gp:slim-jeans-for-men/SD:gp:mens-cargo-shorts,Dt_21_04_2015,13,11
SD:gp:slim-jeans-for-men/SD:gp:mens-cargo-shorts,Dt_22_04_2015,16,12
SD:gp:slim-jeans-for-men/SD:gp:mens-cargo-shorts,Dt_23_04_2015,20,6
SD:gp:slim-jeans-for-men/SD:gp:mens-cargo-shorts,Dt_24_04_2015,16,9
SD:gp:slim-jeans-for-men/SD:gp:mens-cargo-shorts,Dt_25_04_2015,21,8
SD:gp:slim-jeans-for-men/SD:gp:mens-cargo-shorts,Dt_26_04_2015,23,5
SD:gp:slim-jeans-for-men/SD:gp:mens-cargo-shorts,Dt_27_04_2015,25,13
SD:gp:slim-jeans-for-men/SD:gp:mens-cargo-shorts,Dt_28_04_2015,21,7
SD:gp:slim-jeans-for-men/SD:gp:mens-cargo-shorts,Dt_29_04_2015,14,9
SD:gp:slim-jeans-for-men/SD:gp:mens-cargo-shorts,Dt_30_04_2015,15,14
SD:gp:slim-jeans-for-men/SD:gp:mens-cargo-shorts,Dt_01_05_2015,17,10
SD:gp:slim-jeans-for-men/SD:gp:mens-cargo-shorts,Dt_02_05_2015,17,11
SD:gp:slim-jeans-for-men/SD:gp:mens-cargo-shorts,Dt_03_05_2015,18,17
SD:gp:slim-jeans-for-men/SD:gp:mens-cargo-shorts,Dt_04_05_2015,16,21
SD:gp:slim-jeans-for-men/SD:gp:mens-cargo-shorts,Dt_05_05_2015,19,20
SD:gp:slim-jeans-for-men/SD:gp:mens-cargo-shorts,Dt_06_05_2015,10,13
SD:gp:slim-jeans-for-men/SD:gp:mens-cargo-shorts,Dt_07_05_2015,13,16
SD:gp:slim-jeans-for-men/SD:gp:mens-cargo-shorts,Dt_08_05_2015,12,13
SD:gp:slim-jeans-for-men/SD:gp:mens-cargo-shorts,Dt_09_05_2015,9,17
SD:gp:slim-jeans-for-men/SD:gp:mens-cargo-shorts,Dt_10_05_2015,19,15
SD:gp:slim-jeans-for-men/SD:gp:mens-cargo-shorts,Dt_11_05_2015,15,17
SD:gp:slim-jeans-for-men/SD:gp:mens-cargo-shorts,Dt_12_05_2015,12,19
SD:gp:slim-jeans-for-men/SD:gp:mens-cargo-shorts,Dt_13_05_2015,19,14
SD:gp:slim-jeans-for-men/SD:gp:mens-cargo-shorts,Dt_14_05_2015,16,14
SD:gp:slim-jeans-for-men/SD:gp:mens-cargo-shorts,Dt_15_05_2015,15,15
SD:gp:slim-jeans-for-men/SD:gp:mens-cargo-shorts,Dt_16_05_2015,13,12
SD:gp:slim-jeans-for-men/SD:gp:mens-cargo-shorts,Dt_17_05_2015,27,20
